variant,dataset,seed,modality,nonself_edge_count,beta,score_std,score_abs_mean,log_modulation_std,log_modulation_abs_mean,attenuation_ratio,c_mean,c_std,c_abs_mean,c_q10,c_q25,c_q50,c_q75,c_q90,operator_aligned_edges,operator_weight_mae,operator_weight_rmse,operator_weight_relative_l1,operator_missing_learned,operator_missing_raw
B,Movies,42,text,160802,0.0525917187333107,0.879628598690033,0.9056644439697266,0.04626118391752243,0.04763045534491539,0.05259172335501968,0.04770149753011103,0.00818122890349002,0.04770149753011103,0.03668294847011566,0.04631133656948805,0.05174814537167549,0.05257031787186861,0.052591416984796524,177474.0,0.0018479715483807108,0.0032463499229060874,0.022020943498882773,0.0,0.0
B,Movies,42,visual,160802,0.052185531705617905,0.6165358424186707,0.652767539024353,0.032174251973629,0.03406502678990364,0.052185533686666445,0.03250238998064481,0.011847138640768584,0.03250238998064481,0.01612873002886772,0.024541855324059725,0.03334631584584713,0.041856017895042896,0.04794036187231541,177474.0,0.0014367751582856619,0.0024325303428187,0.017121012825619952,0.0,0.0
AB,Movies,42,text,160802,0.052410971373319626,0.0003766692243516445,0.09077198058366776,1.9741482901736163e-05,0.0047574471682310104,0.052410660529291296,0.004755268742331713,2.1277718493953308e-05,0.004755268742331713,0.004731467273086309,0.004747078288346529,0.004759224830195308,0.004768700688146055,0.0047752549406141044,177474.0,0.00011066311880681174,0.00027487547069764487,0.001318692535494011,0.0,0.0
AB,Movies,42,visual,160802,0.05132311210036278,0.019973527640104294,0.0498846061527729,0.0010251036146655679,0.0025602332316339016,0.0513231129265302,0.0025265243189792597,0.000560064181018633,0.0025265243189792597,0.0017972008907236158,0.002219625748693943,0.002601507236249745,0.0029188152984716,0.0031483670230954886,177474.0,8.523194204136348e-05,0.0001642801256550845,0.001015647552386585,0.0,0.0
B,Movies,43,text,160802,0.05192652344703674,0.7734166979789734,0.8229357004165649,0.04016084596514702,0.04273219406604767,0.05192653076929939,0.0435710745391868,0.009723844660912395,0.0435710745391868,0.029915557615458967,0.03937773033976555,0.04705578088760376,0.05115616042166948,0.05185286775231361,177474.0,0.0017536285284154363,0.0030532703187217,0.020896725805168975,0.0,0.0
B,Movies,43,visual,160802,0.05285806953907013,0.7191216349601746,0.6610972285270691,0.03801138326525688,0.0349443256855011,0.0528580721497958,0.03492890426390844,0.011228800195411635,0.03492890426390844,0.01994780395179987,0.02782318601384759,0.03588537871837616,0.043572346679866314,0.049248206615448,177474.0,0.0018041433091803571,0.002838374957969473,0.021498673997530214,0.0,0.0
AB,Movies,43,text,160802,0.05214037001132965,0.0018861889839172363,0.08231150358915329,9.834655065787956e-05,0.004291751887649298,0.05214034831308003,0.004288737876491014,8.212463230098932e-05,0.004288737876491014,0.00420173779129982,0.004268835764378309,0.004312155302613974,0.0043379656272009015,0.004353190679103136,177474.0,9.983929280366596e-05,0.0002481138762766581,0.0011897128111763575,0.0,0.0
AB,Movies,43,visual,160802,0.051885176450014114,0.03665567934513092,0.034041352570056915,0.0019018863094970584,0.0017662415048107505,0.051885174232838394,0.001700226658287065,0.0005991772402441349,0.001700226658287065,0.0009458683081902564,0.0013198912201914936,0.0017246064962819219,0.002097702759783715,0.002412698930129409,177474.0,9.355949415439426e-05,0.0001455667886615181,0.0011148809819952498,0.0,0.0
B,Movies,44,text,160802,0.051556698977947235,0.7683178782463074,0.7879343628883362,0.03961193934082985,0.04062329977750778,0.0515567064913196,0.041210112761258216,0.010648767856157731,0.041210112761258216,0.026193834096193313,0.03531282301992178,0.04344724304974079,0.05103037878870964,0.05154510848224163,177474.0,0.0016497118234773064,0.002898613604787447,0.01965842541572965,0.0,0.0
B,Movies,44,visual,160802,0.05084310472011566,0.36563923954963684,0.354542076587677,0.018590236082673073,0.018026020377874374,0.05084311001609153,0.016702451598202637,0.013506301439453914,0.016702451598202637,0.00391612988896668,0.006721886689774692,0.012096763588488102,0.02263189945369959,0.03913301527500153,177474.0,0.0006843048702466252,0.0013936790737274123,0.008154367363997309,0.0,0.0
AB,Movies,44,text,160802,0.052365437150001526,0.0009923825273290277,0.09004177153110504,5.1966530008940026e-05,0.004715076647698879,0.052365422128542706,0.00470922954794781,5.7107887689338845e-05,0.00470922954794781,0.0046470063272863625,0.004692859831266105,0.004724099999293685,0.0047448467230424285,0.004756593937054276,177474.0,0.00010950349589032556,0.00027195893716919147,0.0013048741459488213,0.0,0.0
AB,Movies,44,visual,160802,0.051641449332237244,0.02993120066821575,0.02803250588476658,0.0015456904657185078,0.0014476391952484846,0.051641445420138155,0.0014186053917735364,0.0005027631085676448,0.0014186053917735364,0.000807864748639986,0.0011066084261983633,0.0014133935328572989,0.0017281340551562607,0.002014840254560113,177474.0,7.374470481371105e-05,0.0001196347470706834,0.0008787624352049629,0.0,0.0
B,Toys,42,text,113402,0.05068761482834816,0.3841133415699005,0.4434564411640167,0.019469790160655975,0.022477751597762108,0.05068761756889457,0.025271671436906656,0.014911540936003245,0.025271671436906656,0.00550056491047144,0.01148833567276597,0.02480691857635975,0.03878449462354183,0.04643430709838868,134097.0,0.0015416463735878517,0.0027424479065194613,0.01099467297544795,0.0,0.0
B,Toys,42,visual,113402,0.05041533708572388,0.1946769803762436,0.7231916189193726,0.009814707562327385,0.03645995259284973,0.05041534722445622,0.03727158714930082,0.008916660581921199,0.03727158714930082,0.024760331213474273,0.03132686950266361,0.03850458934903145,0.04477030038833618,0.047960801422595976,134097.0,0.0018230512744284008,0.0033010381659805193,0.013001589030541492,0.0,0.0
AB,Toys,42,text,113402,0.0508236438035965,0.021695576608181,0.030035197734832764,0.0011026482097804546,0.0015264982357621193,0.05082364159493428,0.0015317920942804894,0.0005349431806871609,0.0015317920942804894,0.0007889304193668068,0.0011972906650044024,0.0015883659943938255,0.0019287483883090317,0.002182850707322359,134097.0,0.00011186228153274722,0.00016623956633198277,0.0007977764711875802,0.0,0.0
AB,Toys,42,visual,113402,0.051088422536849976,0.007346633356064558,0.0265775416046381,0.00037532797432504594,0.001357804867438972,0.05108843140567628,0.0013304770669100416,0.00014934083779142012,0.0013304770669100416,0.0011655859416350722,0.001247627311386168,0.0013239821419119835,0.0013951751752756536,0.001493112719617784,134097.0,6.739837823709817e-05,0.0001146162822790917,0.00048066997755644175,0.0,0.0
B,Toys,43,text,113402,0.05095861852169037,0.37779271602630615,0.5543789267539978,0.01925179734826088,0.02825038507580757,0.05095862501189514,0.03178804558535212,0.016491117776000912,0.03178804558535212,0.007276262529194355,0.01604601088911295,0.035712748765945435,0.048061057925224304,0.05028472170233727,134097.0,0.001721453208859149,0.0031802440073604842,0.0122770146242382,0.0,0.0
B,Toys,43,visual,113402,0.051211412996053696,0.22992157936096191,0.7064294815063477,0.011774610728025436,0.03617725521326065,0.051211420697005794,0.036404753136216834,0.010458997264291224,0.036404753136216834,0.021694813296198844,0.029701735824346542,0.037985291332006454,0.0451080035418272,0.04875815436244011,134097.0,0.0018699148654587375,0.003290990681590724,0.013335809553912592,0.0,0.0
AB,Toys,43,text,113402,0.04946319758892059,0.003575650043785572,0.016666177660226822,0.00017686310457065701,0.0008243622723966837,0.04946320315339006,0.000814261530073653,0.0001230111391711269,0.000814261530073653,0.000646528578363359,0.0007453615835402161,0.0008315955055877566,0.0009002928272821009,0.0009518329054117203,134097.0,3.989285236867777e-05,7.050149816392249e-05,0.0002845067931050025,0.0,0.0
AB,Toys,43,visual,113402,0.05100778490304947,0.007251172326505184,0.027821650728583336,0.00036986611667089164,0.0014191207010298967,0.051007768118806605,0.0013943891012179344,0.00020700253147376706,0.0013943891012179344,0.001205453835427761,0.0012431791983544827,0.0013379877200350165,0.0014811704750172794,0.0016584004741162061,134097.0,6.768392194891304e-05,0.000119324882533334,0.0004827064106745593,0.0,0.0
B,Toys,44,text,113402,0.05197004973888397,0.5860468745231628,0.5321868062019348,0.030456889420747757,0.027657775208353996,0.05197005690965768,0.027878758206422816,0.011651191480670757,0.027878758206422816,0.011900834366679191,0.019340074621140957,0.028126776218414307,0.03697819449007511,0.043432416021823884,134097.0,0.0019666915308392055,0.003011010743512953,0.01402599882542257,0.0,0.0
B,Toys,44,visual,113402,0.05184020474553108,0.24162794649600983,0.736924946308136,0.012526043690741062,0.03820233792066574,0.051840210837930015,0.03969992979372326,0.01090525290556194,0.03969992979372326,0.02331450507044792,0.03228909149765968,0.04277383163571358,0.04913671128451824,0.05117000490427017,134097.0,0.0020096708853273213,0.003586979073481289,0.014332517852994981,0.0,0.0
AB,Toys,44,text,113402,0.050219763070344925,0.008283634670078754,0.029184168204665184,0.00041600229451432824,0.0014656217535957694,0.05021977803617375,0.0014847964187948998,0.00028670447088335524,0.0014847964187948998,0.0010986522072926163,0.0013199118548072875,0.001522278063930571,0.0016921798815019429,0.0018155825091525912,134097.0,7.674474639411045e-05,0.00013312066348603242,0.0005473261596452938,0.0,0.0
AB,Toys,44,visual,113402,0.05079002305865288,0.007164319511502981,0.01947176828980446,0.0003638759080786258,0.0009889714419841766,0.05079001675505945,0.0009598046057214265,0.00017305012848296982,0.0009598046057214265,0.0008087184862233699,0.0008473556081298739,0.0009118066518567502,0.0010289058554917574,0.0011804334819316864,134097.0,5.0054723161109776e-05,8.494267972681605e-05,0.00035697895539571424,0.0,0.0
B,Grocery,42,text,142262,0.05482880398631096,0.737497866153717,0.8271391987800598,0.04043613001704216,0.0453510545194149,0.05482880950947621,0.04525292463066232,0.010398946149592811,0.04525292463066232,0.03083506189286709,0.04023107513785362,0.048591120168566704,0.05368523579090834,0.05473540611565113,159336.0,0.0021572297442366338,0.003542465182370948,0.023809610266125294,0.0,0.0
B,Grocery,42,visual,142262,0.05257732421159744,0.5451924800872803,0.7186235785484314,0.028664764016866684,0.03778330609202385,0.052577328308389626,0.037328389449916635,0.012699160710495615,0.037328389449916635,0.018486081808805465,0.02873775688931346,0.03982732072472572,0.04852201137691736,0.05197154618799686,159336.0,0.001633788608870821,0.002913140571041829,0.018032326013664588,0.0,0.0
AB,Grocery,42,text,142262,0.053280673921108246,0.055292464792728424,0.054328326135873795,0.002946019871160388,0.0028946499805897474,0.053280675443763935,0.0028117574122148237,0.0009158697807490876,0.0028117574122148237,0.0016260777483694255,0.002256428764667362,0.002890427364036441,0.0034370493376627564,0.003851973731070757,159336.0,0.00015210508532721972,0.00024318934572571457,0.00167880255258504,0.0,0.0
AB,Grocery,42,visual,142262,0.05340764299035072,0.04190313071012497,0.046458110213279724,0.002237947192043066,0.002481217961758375,0.053407636948923906,0.002457638349974783,0.0008997242317399036,0.002457638349974783,0.0012663908419199288,0.0018844801816157997,0.0024764573900029063,0.0031043989001773298,0.003626737324520946,159336.0,0.00012971424563443864,0.0002136067293814702,0.0014316720983343005,0.0,0.0
B,Grocery,43,text,142262,0.05186452344059944,0.6279839277267456,0.8001014590263367,0.032570090144872665,0.0414968840777874,0.05186452822562206,0.04072839531413226,0.011385542707543782,0.04072839531413226,0.023914687894284727,0.03422054648399353,0.0444241538643837,0.050276556983590126,0.05164264403283596,159336.0,0.0016894613412155922,0.0030472388824226144,0.018646792814486664,0.0,0.0
B,Grocery,43,visual,142262,0.0521743968129158,0.47569048404693604,0.6795433163642883,0.024818865582346916,0.03545476123690605,0.05217439998199729,0.03529045925881132,0.012220177210175867,0.03529045925881132,0.017847221344709396,0.027155762538313866,0.0371061023324728,0.045319195836782455,0.05008071400225163,159336.0,0.0015099999982100514,0.0027188223323210835,0.016666055878046274,0.0,0.0
AB,Grocery,43,text,142262,0.051326118409633636,0.03513512387871742,0.04169897735118866,0.001803349470719695,0.0021402465645223856,0.051326116762625704,0.0021412939706324115,0.0006082485683320857,0.0021412939706324115,0.0013270877301692964,0.0017889660084620118,0.0022433517733588815,0.002586116665042937,0.0028066964587196708,159336.0,0.00010233074664952586,0.00017054445021091882,0.00112943704882439,0.0,0.0
AB,Grocery,43,visual,142262,0.0509636364877224,0.013732900843024254,0.032134056091308594,0.0006998785538598895,0.0016376686980947852,0.05096363556461818,0.0016419084232162356,0.0004349275641024186,0.0016419084232162356,0.0010714138741604983,0.0013848700909875333,0.0016950458521023393,0.0019599670195020735,0.0021544481394812466,159336.0,6.192101329032356e-05,0.00011954578531842437,0.0006834298468510482,0.0,0.0
B,Grocery,44,text,142262,0.052589889615774155,0.569227933883667,0.5314680933952332,0.02993563562631607,0.027949849143624306,0.05258989210529753,0.02862883555286438,0.011746724257042701,0.02862883555286438,0.013376818317919974,0.020073617342859507,0.02844398096203804,0.03753606230020523,0.04483745768666268,159336.0,0.001511147883263849,0.0025104619239803886,0.01667872522670246,0.0,0.0
B,Grocery,44,visual,142262,0.052426036447286606,0.24280256032943726,0.8335344791412354,0.012729178182780743,0.043698910623788834,0.0524260459422554,0.04300540934297713,0.010211433547098917,0.04300540934297713,0.028131437674164775,0.03764923568814993,0.046458154916763306,0.051396993920207024,0.05235861800611019,159336.0,0.0013506221616874931,0.0028992060293545575,0.014906983075161685,0.0,0.0
AB,Grocery,44,text,142262,0.05311626195907593,0.0573272705078125,0.06062988191843033,0.003045010380446911,0.003220432437956333,0.053116263052831444,0.0031574541112954864,0.0009398138951303749,0.0031574541112954864,0.001910957379732281,0.0026232123491354287,0.0032899384386837482,0.003816934418864548,0.0041755935177207,159336.0,0.00016393246466827978,0.00026515410747554347,0.0018093427944543233,0.0,0.0
AB,Grocery,44,visual,142262,0.052787039428949356,0.03460601344704628,0.046008575707674026,0.001826748950406909,0.002428656443953514,0.052787038101033856,0.002415982617978567,0.0008224355948718727,0.002415982617978567,0.0013195465784519912,0.0018913354724645615,0.0024853956419974566,0.0030222685309126973,0.003460976574569941,159336.0,0.00011461678699494126,0.00019582002973662698,0.0012650395886650162,0.0,0.0
B,ele-fashion,42,text,399172,0.05489538237452507,0.7503658533096313,0.6987345814704895,0.041191622614860535,0.03835730627179146,0.05489538527522562,0.03887544137263355,0.014433734425994344,0.03887544137263355,0.016933554783463478,0.02871919283643365,0.042758192867040634,0.05168396886438131,0.054368648678064346,496938.0,0.002891123202769922,0.004577646150204177,0.018868687157966524,0.0,0.0
B,ele-fashion,42,visual,399172,0.054386429488658905,0.7469261884689331,0.7166504263877869,0.04062265157699585,0.03897605463862419,0.054386433631696235,0.039727033913670905,0.014368072873345444,0.039727033913670905,0.017787646502256393,0.029759814497083426,0.0437946654856205,0.053053044714033604,0.05421482026576996,496938.0,0.002905712879021035,0.004645413457695415,0.01896390552730288,0.0,0.0
AB,ele-fashion,42,text,399172,0.057550784200429916,0.05464031174778938,0.03815864026546478,0.0031445929780602455,0.002196059562265873,0.05755078764040759,0.0021371519515593234,0.0016899372972815495,0.0021371519515593234,0.0006581332418136299,0.0011741068155970424,0.0017015108023770154,0.0023225003387778997,0.004438778618350625,496938.0,0.00019107900202716037,0.00032737982085461674,0.0012470620097589323,0.0,0.0
AB,ele-fashion,42,visual,399172,0.05324729532003403,0.02483174577355385,0.07826746255159378,0.001322223455645144,0.004167530685663223,0.05324730156508299,0.004237718852596161,0.0010334858587632623,0.004237718852596161,0.002774393418803811,0.0037158761988393962,0.0045574025716632605,0.005026816274039447,0.005194725934416056,496938.0,0.00027114703913837723,0.00046014207939246594,0.0017696197278653622,0.0,0.0
B,ele-fashion,43,text,399172,0.05346454307436943,0.7213132381439209,0.7435327768325806,0.038564685732126236,0.039752647280693054,0.05346454729058793,0.03994498157566969,0.013803808211024893,0.03994498157566969,0.01791277900338173,0.03162922244518995,0.0447060652077198,0.05174259468913078,0.053365014493465424,496938.0,0.002895048307893096,0.00461543290322978,0.01889430404643407,0.0,0.0
B,ele-fashion,43,visual,399172,0.05305486172437668,0.8063995838165283,0.7579348683357239,0.04278342425823212,0.040212132036685944,0.05305486897165008,0.04008201153325111,0.013195337413775541,0.04008201153325111,0.0193280391395092,0.03238360770046711,0.04486827924847603,0.05088736116886139,0.05271555483341217,496938.0,0.002968505225281756,0.004645609038208183,0.019373714814009554,0.0,0.0
AB,ele-fashion,43,text,399172,0.0570673793554306,0.05843498185276985,0.04178497567772865,0.0033347310964018106,0.0023845587857067585,0.05706737626353306,0.002360415990437034,0.0018472853950158958,0.002360415990437034,0.0007499557395931333,0.0013142143725417554,0.0019012901466339827,0.0025200191303156316,0.0048068249598145485,496938.0,0.00021399195572820945,0.0003623792690181766,0.0013966015917580158,0.0,0.0
AB,ele-fashion,43,visual,399172,0.054671574383974075,0.02741728350520134,0.1071804091334343,0.0014989461051300168,0.005859721917659044,0.05467157622639675,0.005966074510268341,0.0011887004960709794,0.005966074510268341,0.0043251835741102695,0.00554119807202369,0.00642355578020215,0.006783269578590989,0.006916852900758386,496938.0,0.0003712422502545087,0.0006358070329023976,0.0024228832147867806,0.0,0.0
B,ele-fashion,44,text,399172,0.05652045086026192,0.7498369216918945,0.8712629675865173,0.042381126433610916,0.04924418777227402,0.05652045825901417,0.048564682451555985,0.012691152862525078,0.048564682451555985,0.02852593921124935,0.045496548525989056,0.05550112761557102,0.05650598555803299,0.056520313024520874,496938.0,0.0034565649484726607,0.005428926969518154,0.02255899803627761,0.0,0.0
B,ele-fashion,44,visual,399172,0.054264385253190994,0.8169929385185242,0.7672963738441467,0.044333621859550476,0.041636865586042404,0.054264388061771494,0.04177475716443273,0.013692118374952522,0.04177475716443273,0.020513491705060005,0.03343776613473892,0.04689043015241623,0.053573823533952236,0.05423671565949917,496938.0,0.0029902303990006697,0.00477045804601437,0.019515502443800604,0.0,0.0
AB,ele-fashion,44,text,399172,0.06029164418578148,0.08286319673061371,0.06268932670354843,0.004995958413928747,0.0037796429824084044,0.06029164467441677,0.003630219467530262,0.002476604905008962,0.003630219467530262,0.0011060599936172366,0.002088861132506281,0.0031424365006387234,0.004326375899836421,0.006907898699864745,496938.0,0.0003422806374676804,0.0005380643183369084,0.0022338675371631955,0.0,0.0
AB,ele-fashion,44,visual,399172,0.05555849149823189,0.056570522487163544,0.11225464940071106,0.0031429727096110582,0.006236698944121599,0.05555848826159726,0.006190295851399725,0.002121107148643231,0.006190295851399725,0.00306728039868176,0.005005249287933111,0.0066139958798885345,0.007787088514305651,0.008454647846519947,496938.0,0.0004409801379344989,0.0007121243369166003,0.0028780220288056515,0.0,0.0
B,Reddit-S,42,text,283080,0.05379968136548996,0.5553618669509888,0.48719173669815063,0.029878294095396996,0.026210764423012733,0.05379968606663443,0.027150385312687104,0.013180315753568213,0.027150385312687104,0.010094201192259789,0.017320655286312103,0.026138451881706715,0.036831457167863846,0.04662261605262757,298974.0,0.0008210078603554246,0.002058290436572652,0.01544356426558934,0.0,0.0
B,Reddit-S,42,visual,283080,0.05231497809290886,0.5620816946029663,0.6323738098144531,0.029405293986201286,0.03308262303471565,0.05231498244560301,0.027988206296924806,0.01608683633154983,0.027988206296924806,0.006989758927375078,0.013664147816598415,0.026311753317713737,0.044661046005785465,0.04971728138625622,298974.0,0.0006505642378989856,0.001870390915478962,0.012237435354806044,0.0,0.0
AB,Reddit-S,42,text,283080,0.054081179201602936,0.050354767590761185,0.04274306446313858,0.002723245183005929,0.00231159501709044,0.054081178669792805,0.0022573680099118817,0.0016005528492484785,0.0022573680099118817,0.0003912864340236411,0.0010010996484197676,0.002002379624173045,0.0032024667598307133,0.004473011288791896,298974.0,7.106781884144902e-05,0.00018342647466029625,0.0013368208521390282,0.0,0.0
AB,Reddit-S,42,visual,283080,0.05302494764328003,0.028240028768777847,0.014738691970705986,0.0014974258374422789,0.0007815181161276996,0.053024940224027206,0.0008409788690783294,0.0009253932479437556,0.0008409788690783294,0.00021100699086673558,0.0003389378543943167,0.0004879373882431537,0.0008940927364164963,0.0020786056527867915,298974.0,2.800650554558087e-05,8.706428566200254e-05,0.0005268162329901677,0.0,0.0
B,Reddit-S,43,text,283080,0.05114128068089485,0.3916061520576477,0.4975191354751587,0.020027240738272667,0.02544376626610756,0.05114128221170884,0.02445055735814433,0.01296830613438454,0.02445055735814433,0.007508778711780907,0.013771579135209322,0.023676611483097076,0.03469659294933081,0.04335397444665432,298974.0,0.0005829562008870403,0.0016499125230462694,0.01096569471152851,0.0,0.0
B,Reddit-S,43,visual,283080,0.05151929706335068,0.6032516956329346,0.6848841905593872,0.031079106032848358,0.035284753888845444,0.05151930157475727,0.030444428720249092,0.014867578158696338,0.030444428720249092,0.009206922072917224,0.017988601699471474,0.0314029511064291,0.04346486087888479,0.050615927949547765,298974.0,0.0006557525456020048,0.001926463332300844,0.012335029990996909,0.0,0.0
AB,Reddit-S,43,text,283080,0.051997698843479156,0.028006186708807945,0.028016960248351097,0.001456257188692689,0.0014568178448826075,0.05199769621555435,0.0013437782428811272,0.0008650464465594063,0.0013437782428811272,0.0004142517427681014,0.0006863952294224873,0.001165609573945403,0.0017773125146050006,0.0025032406207174066,298974.0,3.787213948721442e-05,9.957587072717875e-05,0.0007123936910822722,0.0,0.0
AB,Reddit-S,43,visual,283080,0.05205415189266205,0.024361297488212585,0.011826834641397,0.0012681065127253532,0.0006156359449960291,0.05205414503422418,0.0006538139185860551,0.000782651884099714,0.0006538139185860551,0.00016951281722867864,0.0002578537678346038,0.0003535434079822153,0.0006662112864432856,0.0016405016183853151,298974.0,2.1397681208223058e-05,7.050920433402999e-05,0.0004025009757284509,0.0,0.0
B,Reddit-S,44,text,283080,0.05019502714276314,0.3395750820636749,0.42261555790901184,0.017044981941580772,0.02121320180594921,0.050195031502147776,0.020747857824440247,0.012140837248823885,0.020747857824440247,0.005119435675442219,0.010003103641793132,0.01986069045960903,0.030600396916270256,0.038069265708327304,298974.0,0.0004645143236936507,0.0014132466892914411,0.008737744370856637,0.0,0.0
B,Reddit-S,44,visual,283080,0.0509890578687191,0.4030372202396393,0.5266790986061096,0.02055049128830433,0.026854874566197395,0.050989065665037976,0.01872146587454654,0.015728217303649435,0.01872146587454654,0.0033494672272354363,0.006197210284881294,0.012880533933639526,0.028609038330614567,0.04796652384102345,298974.0,0.0003730070341823381,0.0012381489195629244,0.0070164469575455714,0.0,0.0
AB,Reddit-S,44,text,283080,0.05054440349340439,0.015224795788526535,0.012675223872065544,0.0007695283275097609,0.0006406617467291653,0.050544410456995155,0.0006002311173263368,0.0004214972045541995,0.0006002311173263368,0.00013196438667364418,0.0002517598040867597,0.0005284775979816914,0.0008588796481490135,0.0011776633444242181,298974.0,1.9693994766644545e-05,4.92024931463921e-05,0.0003704537904097371,0.0,0.0
AB,Reddit-S,44,visual,283080,0.05120372399687767,0.014853598549962044,0.007385131437331438,0.000760559574700892,0.0003781461564358324,0.0512037249486342,0.0004396110661922363,0.0005307178851814688,0.0004396110661922363,6.130798356025481e-05,0.00010710060450946912,0.00023168530606199056,0.0005660428287228569,0.001131345529574901,298974.0,1.4609881947014972e-05,4.750299557738251e-05,0.0002748191115535992,0.0,0.0
