dataset,seed,target_modality,probe_seed,epochs,target_train_mean,target_train_std,validation_mean_predictor_mse,own_parameter_count,cross_parameter_count,own_val_mse,own_val_mae,own_val_spearman,own_sign_auroc,own_positive_negative_pred_gap,own_positive_negative_true_gap,own_validation_positive_fraction,cross_val_mse,cross_val_mae,cross_val_spearman,cross_sign_auroc,cross_positive_negative_pred_gap,cross_positive_negative_true_gap,cross_validation_positive_fraction,cross_minus_own_val_mse,cross_minus_own_val_mae,cross_minus_own_val_spearman,cross_minus_own_sign_auroc,cross_minus_own_pred_gap
Movies,42,Text,0,200,0.06801542639732361,0.5948370695114136,0.677367091178894,82305,82305,0.7596461772918701,0.5987381339073181,0.07931532115464072,0.5359615523075816,0.05332218483090401,0.983696699142456,0.5098980203959208,0.7732754945755005,0.604246199131012,0.06016078787705173,0.5261073511411909,0.044353410601615906,0.983696699142456,0.5098980203959208,0.013629317283630371,0.005508065223693848,-0.019154533277588995,-0.009854201166390686,-0.008968774229288101
Movies,42,Visual,0,200,0.0975274071097374,0.8039202094078064,2.2694170475006104,82305,82305,2.569840669631958,1.0632847547531128,0.03478264577422131,0.5080160616756524,0.02945258840918541,1.6414499282836914,0.5803839232153569,2.5580809116363525,1.0471217632293701,0.0329782860693396,0.503621449798952,0.010781899094581604,1.6414499282836914,0.5803839232153569,-0.011759757995605469,-0.016162991523742676,-0.001804359704881714,-0.004394611876700427,-0.018670689314603806
Movies,43,Text,0,200,0.0700710117816925,0.577883780002594,0.7300736308097839,82305,82305,0.845732569694519,0.6173624396324158,0.05783949114470683,0.5239272146121368,0.03335303068161011,1.0031095743179321,0.5404919016196761,0.8891198635101318,0.6319841742515564,0.04376076386329671,0.5191573476525937,0.027194945141673088,1.0031095743179321,0.5404919016196761,0.04338729381561279,0.014621734619140625,-0.014078727281410117,-0.004769866959543068,-0.006158085539937019
Movies,43,Visual,0,200,0.08716928213834763,0.7868472933769226,2.0283877849578857,82305,82305,2.275420904159546,1.0133589506149292,0.05752984837565445,0.5174736364499063,0.047077689319849014,1.5776355266571045,0.5854829034193162,2.220268964767456,1.0032446384429932,0.04288813241633511,0.5079439099902732,0.0318462997674942,1.5776355266571045,0.5854829034193162,-0.055151939392089844,-0.010114312171936035,-0.014641715959319339,-0.009529726459633125,-0.015231389552354813
Movies,44,Text,0,200,0.09975419193506241,0.6235281825065613,0.7782677412033081,82305,82305,0.8601371645927429,0.6131046414375305,0.07561322185736973,0.5299275559627846,0.04676593095064163,1.0245544910430908,0.5146970605878824,0.8867546319961548,0.6295764446258545,0.059714689497457986,0.5291108767622983,0.05460631102323532,1.0245544910430908,0.5146970605878824,0.026617467403411865,0.016471803188323975,-0.01589853235991174,-0.0008166792004863366,0.007840380072593689
Movies,44,Visual,0,200,0.08029337227344513,0.8024186491966248,1.9173612594604492,82305,82305,2.149078369140625,0.9864588379859924,0.03345966518814199,0.5142474978899627,0.03801775723695755,1.5458457469940186,0.5596880623875224,2.2022781372070312,0.9952482581138611,0.046274559368353195,0.5255754415015873,0.05805989354848862,1.5458457469940186,0.5596880623875224,0.05319976806640625,0.008789420127868652,0.012814894180211207,0.011327943611624591,0.020042136311531067
Toys,42,Text,0,200,0.019733281806111336,0.4103602468967438,0.29604223370552063,82305,82305,0.34894242882728577,0.35513201355934143,0.030327685707919716,0.5110307080528372,0.008617695420980453,0.4975696802139282,0.50374486590964,0.3640424609184265,0.370290607213974,0.01578717107668481,0.5013809400386215,0.0009287241846323013,0.4975696802139282,0.50374486590964,0.015100032091140747,0.015158593654632568,-0.014540514631234906,-0.009649768014215687,-0.007688971236348152
Toys,42,Visual,0,200,0.08674939721822739,0.543808102607727,0.5899122357368469,82305,82305,0.6390235424041748,0.4808209240436554,0.08199411478723063,0.5310732120162406,0.047056421637535095,0.7072027921676636,0.5295965208987679,0.6656569838523865,0.5059050917625427,0.07934576726839948,0.5415141299172599,0.05951976776123047,0.7072027921676636,0.5295965208987679,0.02663344144821167,0.02508416771888733,-0.002648347518831154,0.010440917901019309,0.012463346123695374
Toys,43,Text,0,200,0.027146410197019577,0.4061375856399536,0.316938579082489,82305,82305,0.3679598569869995,0.36148813366889954,0.07541278382582711,0.5517654036459245,0.04578785598278046,0.5225557684898376,0.49625513409036,0.3640649914741516,0.36277469992637634,0.05530014282245094,0.5282758797830285,0.02452676370739937,0.5225557684898376,0.49625513409036,-0.0038948655128479004,0.0012865662574768066,-0.020112641003376175,-0.023489523862896045,-0.021261092275381088
Toys,43,Visual,0,200,0.08206802606582642,0.5490723252296448,0.5472710132598877,82305,82305,0.6067784428596497,0.4713153541088104,0.07399831241033213,0.5316627623162383,0.053174376487731934,0.6913174986839294,0.5179995167914956,0.6086030006408691,0.48238858580589294,0.06019122673496605,0.5276306437736131,0.051375292241573334,0.6913174986839294,0.5179995167914956,0.0018245577812194824,0.01107323169708252,-0.01380708567536608,-0.004032118542625196,-0.0017990842461585999
Toys,44,Text,0,200,0.02823134884238243,0.4346016049385071,0.45791301131248474,82305,82305,0.5247454643249512,0.41644367575645447,0.04549835758535825,0.5260214178198728,0.023966602981090546,0.606189489364624,0.5100265764677459,0.5349112749099731,0.43296167254447937,0.0224993412041046,0.5077865356351673,0.00821298360824585,0.606189489364624,0.5100265764677459,0.010165810585021973,0.016517996788024902,-0.02299901638125365,-0.01823488218470548,-0.015753619372844696
Toys,44,Visual,0,200,0.07550305873155594,0.5600038170814514,0.7214115262031555,82305,82305,0.7722430229187012,0.5284014344215393,0.08493221636529491,0.5405119032529142,0.06396288424730301,0.7727686166763306,0.5363614399613433,0.7873718738555908,0.5393697023391724,0.0877551985041085,0.5421970433174185,0.057926662266254425,0.7727686166763306,0.5363614399613433,0.015128850936889648,0.010968267917633057,0.0028229821388135873,0.0016851400645042647,-0.006036221981048584
Grocery,42,Text,0,200,0.05613259971141815,0.5029463768005371,1.1802608966827393,82305,82305,1.179046392440796,0.5188470482826233,0.09093116047273295,0.5533332712438996,0.060080695897340775,0.9110181331634521,0.4623718887262079,1.160540223121643,0.5288898348808289,0.0984449490831459,0.5535359242564101,0.06214834004640579,0.9110181331634521,0.4623718887262079,-0.018506169319152832,0.010042786598205566,0.00751378861041295,0.00020265301251043422,0.0020676441490650177
Grocery,42,Visual,0,200,0.13377363979816437,0.6981467604637146,2.214907169342041,82305,82305,2.1953632831573486,0.757297694683075,0.10709618190686578,0.5681099957190752,0.11632461100816727,1.281627893447876,0.5206442166910689,2.1877710819244385,0.7778373956680298,0.12630292118286857,0.5801336912910321,0.1289059817790985,1.281627893447876,0.5206442166910689,-0.007592201232910156,0.020539700984954834,0.01920673927600279,0.012023695571956927,0.012581370770931244
Grocery,43,Text,0,200,0.060997940599918365,0.5303468704223633,0.8372086882591248,82305,82305,0.8363479971885681,0.47081393003463745,0.09226409529554024,0.5564601346182423,0.07185756415128708,0.754919707775116,0.4732064421669107,0.8154740929603577,0.47486594319343567,0.11120720326460838,0.561871556805486,0.0683472752571106,0.754919707775116,0.4732064421669107,-0.02087390422821045,0.004052013158798218,0.018943107969068146,0.005411422187243664,-0.003510288894176483
Grocery,43,Visual,0,200,0.12631924450397491,0.6961743235588074,1.7040735483169556,82305,82305,1.6106852293014526,0.661486804485321,0.14918253677262827,0.5753971875872832,0.14090588688850403,1.069847583770752,0.5101024890190337,1.5613467693328857,0.6712327003479004,0.12549667364392364,0.566590812547223,0.12073248624801636,1.069847583770752,0.5101024890190337,-0.049338459968566895,0.009745895862579346,-0.02368586312870463,-0.00880637504006021,-0.02017340064048767
Grocery,44,Text,0,200,0.05335545167326927,0.5360597968101501,0.9019497036933899,82305,82305,0.8559085726737976,0.4731884300708771,0.08850066535031591,0.5433329278272987,0.06143520027399063,0.7938317656517029,0.456515373352855,0.8869547843933105,0.49428632855415344,0.08468501197244473,0.5430979186481166,0.06171289458870888,0.7938317656517029,0.456515373352855,0.03104621171951294,0.021097898483276367,-0.003815653377871181,-0.00023500917918206632,0.00027769431471824646
Grocery,44,Visual,0,200,0.14023838937282562,0.7186717391014099,1.8725556135177612,82305,82305,1.8198617696762085,0.6930671334266663,0.14341754528142042,0.5790624648391727,0.13978876173496246,1.1902364492416382,0.505710102489019,1.814984679222107,0.7018429040908813,0.12892190828406372,0.5669534189359408,0.12535333633422852,1.1902364492416382,0.505710102489019,-0.0048770904541015625,0.008775770664215088,-0.014495636997356703,-0.012109045903231919,-0.014435425400733948
ele-fashion,42,Text,0,200,0.01587836816906929,0.3972480893135071,0.40147098898887634,82305,82305,0.3987118899822235,0.19089314341545105,0.19539743922429748,0.5943979774063635,0.026200903579592705,0.4273233711719513,0.33824281476935664,0.3930322825908661,0.19324800372123718,0.1707385844162626,0.5865221026635926,0.02943737991154194,0.4273233711719513,0.33824281476935664,-0.005679607391357422,0.002354860305786133,-0.02465885480803487,-0.00787587474277085,0.003236476331949234
ele-fashion,42,Visual,0,200,0.004898551385849714,0.285590797662735,0.23129908740520477,82305,82305,0.2316192090511322,0.15756471455097198,0.17448168687982266,0.5856311216689811,0.02242158353328705,0.31226247549057007,0.41843101155773754,0.2312125861644745,0.15687979757785797,0.19172445512555916,0.6017672562292613,0.026088526472449303,0.31226247549057007,0.41843101155773754,-0.00040662288665771484,-0.0006849169731140137,0.017242768245736506,0.01613613456028018,0.0036669429391622543
ele-fashion,43,Text,0,200,0.007774508558213711,0.4167989492416382,0.4786567687988281,82305,82305,0.48355406522750854,0.19762670993804932,0.10502730950194034,0.5292093652899503,0.011074788868427277,0.41477495431900024,0.3523575738979237,0.4698033630847931,0.20002980530261993,0.10383653888296543,0.5305096237509019,0.010171069763600826,0.41477495431900024,0.3523575738979237,-0.013750702142715454,0.0024030953645706177,-0.0011907706189749068,0.0013002584609516088,-0.0009037191048264503
ele-fashion,43,Visual,0,200,0.00043553137220442295,0.3233366012573242,0.313235878944397,82305,82305,0.3114553689956665,0.17084048688411713,0.09750151772881262,0.5372788285140497,0.00868221279233694,0.342370867729187,0.39838396236064233,0.31602945923805237,0.17422838509082794,0.08495657450917482,0.5370031457343154,0.007615056354552507,0.342370867729187,0.39838396236064233,0.004574090242385864,0.0033878982067108154,-0.012544943219637797,-0.000275682779734332,-0.0010671564377844334
ele-fashion,44,Text,0,200,0.013721087947487831,0.3970505893230438,0.47982898354530334,82305,82305,0.4760773777961731,0.19695337116718292,0.1447972663455905,0.5772443473480081,0.023007461801171303,0.43607327342033386,0.3380382530428557,0.478230357170105,0.1996399611234665,0.1449494238806945,0.5687282958920914,0.023609964177012444,0.43607327342033386,0.3380382530428557,0.0021529793739318848,0.0026865899562835693,0.00015215753510400276,-0.008516051455916718,0.0006025023758411407
ele-fashion,44,Visual,0,200,0.006031446624547243,0.28395316004753113,0.24242427945137024,82305,82305,0.24235175549983978,0.16468551754951477,0.16064576740291658,0.5817960185719326,0.019757837057113647,0.3296964168548584,0.4194538201902424,0.2454444020986557,0.16413287818431854,0.19127775801936836,0.5938920215578489,0.02395974099636078,0.3296964168548584,0.4194538201902424,0.003092646598815918,-0.000552639365196228,0.030631990616451776,0.012096002985916288,0.004201903939247131
Reddit-S,42,Text,0,200,0.010459636338055134,0.24503561854362488,0.1449684500694275,82305,82305,0.1641729772090912,0.1258830428123474,0.02333428790194819,0.5213904695623695,0.007037515752017498,0.17144760489463806,0.5910663730732935,0.15318746864795685,0.1143634095788002,0.08874832786522655,0.5340749989765423,0.013578253798186779,0.17144760489463806,0.5910663730732935,-0.010985508561134338,-0.01151963323354721,0.06541403996327835,0.012684529414172863,0.006540738046169281
Reddit-S,42,Visual,0,200,0.0574960857629776,0.5690985918045044,0.730898916721344,82305,82305,0.6834480166435242,0.20874543488025665,0.11433138085268299,0.5530759382790917,0.05600803345441818,0.3705390691757202,0.48128342245989303,0.6937046647071838,0.22252905368804932,0.11067033641968808,0.553293935322259,0.06896191090345383,0.3705390691757202,0.48128342245989303,0.010256648063659668,0.013783618807792664,-0.003661044432994906,0.00021799704316727286,0.012953877449035645
Reddit-S,43,Text,0,200,0.018232351168990135,0.24885055422782898,0.19471417367458344,82305,82305,0.20456606149673462,0.12746065855026245,0.08739816814970314,0.5420831204860808,0.01667700707912445,0.19185030460357666,0.6083674111355772,0.19644267857074738,0.12333304435014725,0.1460781543747374,0.572008405909055,0.015210282988846302,0.19185030460357666,0.6083674111355772,-0.008123382925987244,-0.004127614200115204,0.05867998622503426,0.029925285422974235,-0.0014667240902781487
Reddit-S,43,Visual,0,200,0.05265870317816734,0.488503634929657,0.5060440301895142,82305,82305,0.4137258231639862,0.16787098348140717,0.15952447803216535,0.5651747291075295,0.0703190267086029,0.30169862508773804,0.4922931739540736,0.43734049797058105,0.17223045229911804,0.1225549215724019,0.5633700329782138,0.050972770899534225,0.30169862508773804,0.4922931739540736,0.02361467480659485,0.0043594688177108765,-0.03696955645976345,-0.0018046961293157748,-0.01934625580906868
Reddit-S,44,Text,0,200,0.020754368975758553,0.23543858528137207,0.31135281920433044,82305,82305,0.32183191180229187,0.15600715577602386,0.05382699222681204,0.5196486395559107,0.014322456903755665,0.25785624980926514,0.6212645486001888,0.3159666657447815,0.15018810331821442,0.1388742837207053,0.5546702973211658,0.011887611821293831,0.25785624980926514,0.6212645486001888,-0.005865246057510376,-0.005819052457809448,0.08504729149389326,0.03502165776525512,-0.002434845082461834
Reddit-S,44,Visual,0,200,0.058471329510211945,0.5342371463775635,0.7418347001075745,82305,82305,0.846012532711029,0.20390260219573975,0.17248912219249102,0.5947474586016286,0.03361598029732704,0.38454127311706543,0.46618433469644543,0.8138482570648193,0.20804743468761444,0.18607793321947033,0.607734177245389,0.034581780433654785,0.38454127311706543,0.46618433469644543,-0.03216427564620972,0.004144832491874695,0.013588811026979314,0.012986718643760442,0.0009658001363277435
