dataset,seed,k_text,k_visual,val_accuracy,val_macro_f1,val_ce,probe_seed,epochs
Movies,42,0,0,0.5113977204559088,0.4341617184046737,1.959768295288086,0,200
Movies,42,0,1,0.5455908818236352,0.4707401231475867,1.5833749771118164,0,200
Movies,42,0,2,0.5551889622075585,0.483779545240424,1.5105984210968018,0,200
Movies,42,0,3,0.5404919016196761,0.47546906426185115,1.4999998807907104,0,200
Movies,42,1,0,0.5149970005998801,0.43467276588286596,1.8115456104278564,0,200
Movies,42,1,1,0.5446910617876425,0.4590831300410926,1.5184650421142578,0,200
Movies,42,1,2,0.5557888422315537,0.48323891529158647,1.4606093168258667,0,200
Movies,42,1,3,0.5470905818836233,0.46446953053414075,1.4438756704330444,0,200
Movies,42,2,0,0.517996400719856,0.4477076334603175,1.7904613018035889,0,200
Movies,42,2,1,0.5431913617276545,0.461955964432592,1.5105469226837158,0,200
Movies,42,2,2,0.5611877624475105,0.48794352595451523,1.443945050239563,0,200
Movies,42,2,3,0.5584883023395321,0.47484469230495885,1.424347996711731,0,200
Movies,42,3,0,0.5122975404919016,0.4359490063072754,1.803458333015442,0,200
Movies,42,3,1,0.5395920815836832,0.45617996970512104,1.519795298576355,0,200
Movies,42,3,2,0.556988602279544,0.47830656000948213,1.4508413076400757,0,200
Movies,42,3,3,0.5497900419916016,0.45910827104412294,1.4413260221481323,0,200
Movies,43,0,0,0.5131973605278944,0.4427285742389916,1.9717328548431396,0,200
Movies,43,0,1,0.5452909418116376,0.4744168453365344,1.6296061277389526,0,200
Movies,43,0,2,0.5482903419316136,0.4821441823982557,1.5575228929519653,0,200
Movies,43,0,3,0.5374925014997001,0.46637629664236924,1.5418471097946167,0,200
Movies,43,1,0,0.5281943611277744,0.4644789045123027,1.8168578147888184,0,200
Movies,43,1,1,0.5434913017396521,0.47885332343236275,1.5518513917922974,0,200
Movies,43,1,2,0.5521895620875825,0.4865143617232329,1.485167145729065,0,200
Movies,43,1,3,0.5461907618476305,0.4782782965339485,1.4652410745620728,0,200
Movies,43,2,0,0.5263947210557889,0.4555216265238305,1.792495846748352,0,200
Movies,43,2,1,0.5476904619076185,0.48901401366268427,1.5361562967300415,0,200
Movies,43,2,2,0.5578884223155369,0.4927075136888138,1.4724217653274536,0,200
Movies,43,2,3,0.5491901619676065,0.4793749217262633,1.4549840688705444,0,200
Movies,43,3,0,0.5185962807438512,0.4518897027541966,1.8021365404129028,0,200
Movies,43,3,1,0.5431913617276545,0.49145189131382666,1.5409363508224487,0,200
Movies,43,3,2,0.555488902219556,0.4863852942091024,1.4786709547042847,0,200
Movies,43,3,3,0.5476904619076185,0.47186124607936986,1.470103144645691,0,200
Movies,44,0,0,0.517996400719856,0.4431761526606051,1.8555244207382202,0,200
Movies,44,0,1,0.5494901019796041,0.49053215799889643,1.577227234840393,0,200
Movies,44,0,2,0.5653869226154769,0.5055967756354655,1.5030642747879028,0,200
Movies,44,0,3,0.5530893821235753,0.49215777854938736,1.498321533203125,0,200
Movies,44,1,0,0.5188962207558488,0.44706740251508925,1.7281159162521362,0,200
Movies,44,1,1,0.5476904619076185,0.5099439744749629,1.532546877861023,0,200
Movies,44,1,2,0.5608878224355129,0.5122188035620402,1.4738699197769165,0,200
Movies,44,1,3,0.5506898620275945,0.5015740250996071,1.4615168571472168,0,200
Movies,44,2,0,0.523995200959808,0.4526476755706229,1.7086552381515503,0,200
Movies,44,2,1,0.5464907018596281,0.5050014626195136,1.5243974924087524,0,200
Movies,44,2,2,0.562387522495501,0.5030159052622035,1.467151165008545,0,200
Movies,44,2,3,0.5596880623875224,0.49929767599888597,1.4536428451538086,0,200
Movies,44,3,0,0.5164967006598681,0.4417040543276417,1.7203669548034668,0,200
Movies,44,3,1,0.5434913017396521,0.49999024545388576,1.535665512084961,0,200
Movies,44,3,2,0.5590881823635273,0.5000447342185192,1.477026343345642,0,200
Movies,44,3,3,0.5542891421715657,0.4859699297873335,1.4760173559188843,0,200
Toys,42,0,0,0.741483450108722,0.724199383394304,0.9741458296775818,0,200
Toys,42,0,1,0.778932109205122,0.7528584874905784,0.8201694488525391,0,200
Toys,42,0,2,0.7919787388258034,0.7679683033503875,0.7776395678520203,0,200
Toys,42,0,3,0.7914955303213337,0.7647368232562569,0.7758135199546814,0,200
Toys,42,1,0,0.7695095433679633,0.7442463728402298,0.8569149971008301,0,200
Toys,42,1,1,0.7939115728436821,0.7693460573508473,0.7904579639434814,0,200
Toys,42,1,2,0.7970524281227349,0.7726803676761272,0.7574651837348938,0,200
Toys,42,1,3,0.7943947813481518,0.7682737849547359,0.7582966685295105,0,200
Toys,42,2,0,0.7830393814931143,0.7573090744091366,0.8271140456199646,0,200
Toys,42,2,1,0.7907707175646291,0.762668283323035,0.7709261775016785,0,200
Toys,42,2,2,0.7977772408794395,0.7716221011770009,0.7523391842842102,0,200
Toys,42,2,3,0.7929451558347427,0.7667069444528569,0.7559567093849182,0,200
Toys,42,3,0,0.7786905049528872,0.7521586581214533,0.8351869583129883,0,200
Toys,42,3,1,0.7900459048079246,0.7607570223429145,0.781717836856842,0,200
Toys,42,3,2,0.7934283643392124,0.7658213945116384,0.7651162147521973,0,200
Toys,42,3,3,0.7927035515825078,0.7657916666373351,0.7724308967590332,0,200
Toys,43,0,0,0.7400338245953129,0.7218169830650013,0.9775048494338989,0,200
Toys,43,0,1,0.7702343561246678,0.7497320568833423,0.8229621648788452,0,200
Toys,43,0,2,0.7856970282676975,0.762318193761818,0.7766738533973694,0,200
Toys,43,0,3,0.7861802367721672,0.7623395254291732,0.7691249847412109,0,200
Toys,43,1,0,0.7721671901425465,0.7484268409291964,0.861201286315918,0,200
Toys,43,1,1,0.7922203430780381,0.7641935748395334,0.7863852381706238,0,200
Toys,43,1,2,0.8004348876540227,0.7744186406824787,0.7500491738319397,0,200
Toys,43,1,3,0.7997100748973182,0.7751110801108534,0.7503528594970703,0,200
Toys,43,2,0,0.777482483691713,0.7528113617404438,0.8167446851730347,0,200
Toys,43,2,1,0.7968108238705002,0.7728687863487852,0.7592383623123169,0,200
Toys,43,2,2,0.8021261174196666,0.7769423277748886,0.7356023788452148,0,200
Toys,43,2,3,0.804542159942015,0.7795331810245413,0.7369321584701538,0,200
Toys,43,3,0,0.7786905049528872,0.7534605868026508,0.8161949515342712,0,200
Toys,43,3,1,0.7927035515825078,0.7666130030100816,0.7618324160575867,0,200
Toys,43,3,2,0.8009180961584924,0.7746989345340491,0.7398126721382141,0,200
Toys,43,3,3,0.8011597004107273,0.7759945815672826,0.7453324794769287,0,200
Toys,44,0,0,0.7361681565595555,0.7164466965981307,1.0399988889694214,0,200
Toys,44,0,1,0.7745832326648949,0.7567940025187292,0.8560073375701904,0,200
Toys,44,0,2,0.7832809857453491,0.7651974908258814,0.8046205043792725,0,200
Toys,44,0,3,0.783522589997584,0.7653747438855123,0.7931522130966187,0,200
Toys,44,1,0,0.7637110413143271,0.7424482526643801,0.9092519283294678,0,200
Toys,44,1,1,0.7796569219618266,0.7547061447619288,0.8008229732513428,0,200
Toys,44,1,2,0.789562696303455,0.7679747630194549,0.7611966133117676,0,200
Toys,44,1,3,0.7900459048079246,0.7669228984568329,0.7491093277931213,0,200
Toys,44,2,0,0.7687847306112587,0.7485214206035588,0.8750424385070801,0,200
Toys,44,2,1,0.7832809857453491,0.7605538151033736,0.7786572575569153,0,200
Toys,44,2,2,0.7922203430780381,0.7688620217691979,0.7499822974205017,0,200
Toys,44,2,3,0.7941531770959169,0.7708486927202975,0.7394556403160095,0,200
Toys,44,3,0,0.7620198115486833,0.7376335695770027,0.886760413646698,0,200
Toys,44,3,1,0.7779656921961826,0.7540858392955407,0.7898538708686829,0,200
Toys,44,3,2,0.7859386325199323,0.762466938575513,0.7632704973220825,0,200
Toys,44,3,3,0.7876298622855762,0.7618275860937742,0.7559687495231628,0,200
Grocery,42,0,0,0.7689604685212299,0.709152387322942,1.164528727531433,0,200
Grocery,42,0,1,0.8096632503660323,0.7366008126525418,0.8705508708953857,0,200
Grocery,42,0,2,0.8190336749633967,0.7476712125483361,0.803027868270874,0,200
Grocery,42,0,3,0.8087847730600293,0.7345770622569615,0.8067569136619568,0,200
Grocery,42,1,0,0.7938506588579795,0.7197757835031122,0.995280385017395,0,200
Grocery,42,1,1,0.8117130307467058,0.7394881711656387,0.8386234641075134,0,200
Grocery,42,1,2,0.821376281112738,0.750186295925224,0.7845526337623596,0,200
Grocery,42,1,3,0.8158125915080527,0.7447934942968846,0.7910881042480469,0,200
Grocery,42,2,0,0.7985358711566618,0.7306522226460492,0.9482910633087158,0,200
Grocery,42,2,1,0.8199121522693997,0.7423527539846357,0.7969432473182678,0,200
Grocery,42,2,2,0.8216691068814056,0.743198061521852,0.7777279615402222,0,200
Grocery,42,2,3,0.8175695461200586,0.7428128512043674,0.7760212421417236,0,200
Grocery,42,3,0,0.7874084919472913,0.7146980996734508,0.9705464839935303,0,200
Grocery,42,3,1,0.8064421669106882,0.7198527345361854,0.8223475813865662,0,200
Grocery,42,3,2,0.8111273792093704,0.7287511640241406,0.7952752113342285,0,200
Grocery,42,3,3,0.8029282576866764,0.7175537776083953,0.8192158937454224,0,200
Grocery,43,0,0,0.7692532942898975,0.6895480728014052,1.0237383842468262,0,200
Grocery,43,0,1,0.8161054172767204,0.7491363350143216,0.8142337203025818,0,200
Grocery,43,0,2,0.8292825768667643,0.7595511542016999,0.7378082871437073,0,200
Grocery,43,0,3,0.8278184480234261,0.7572693216344335,0.7411375045776367,0,200
Grocery,43,1,0,0.7953147877013177,0.7128823695051782,0.8726284503936768,0,200
Grocery,43,1,1,0.8152269399707174,0.7418124737392557,0.7888750433921814,0,200
Grocery,43,1,2,0.8266471449487555,0.7522424063657172,0.7227630019187927,0,200
Grocery,43,1,3,0.8266471449487555,0.7518694106983652,0.7325721383094788,0,200
Grocery,43,2,0,0.7961932650073207,0.7117667820331103,0.8407124280929565,0,200
Grocery,43,2,1,0.8172767203513909,0.7435796825235658,0.7638497352600098,0,200
Grocery,43,2,2,0.8187408491947291,0.732096078164324,0.7262793779373169,0,200
Grocery,43,2,3,0.8161054172767204,0.7239924530497882,0.7356874346733093,0,200
Grocery,43,3,0,0.7856515373352855,0.7060807465234804,0.8671766519546509,0,200
Grocery,43,3,1,0.8076134699853587,0.7230874321092535,0.793714165687561,0,200
Grocery,43,3,2,0.8134699853587115,0.7202718209084777,0.7487230896949768,0,200
Grocery,43,3,3,0.8058565153733529,0.7110627374482593,0.7795864343643188,0,200
Grocery,44,0,0,0.7727672035139093,0.6814923723195543,1.0531738996505737,0,200
Grocery,44,0,1,0.8087847730600293,0.7212714837594306,0.8227553963661194,0,200
Grocery,44,0,2,0.8184480234260615,0.7364932066034121,0.7661139965057373,0,200
Grocery,44,0,3,0.8137628111273792,0.7244941475544946,0.7639907002449036,0,200
Grocery,44,1,0,0.7953147877013177,0.6983547222276468,0.9100379943847656,0,200
Grocery,44,1,1,0.8190336749633967,0.7374520486637769,0.7834091782569885,0,200
Grocery,44,1,2,0.8260614934114202,0.7451572286167483,0.7262491583824158,0,200
Grocery,44,1,3,0.8228404099560761,0.735465146713672,0.7321590185165405,0,200
Grocery,44,2,0,0.7953147877013177,0.7116366381901388,0.8820905089378357,0,200
Grocery,44,2,1,0.8210834553440702,0.740987890027704,0.7612341642379761,0,200
Grocery,44,2,2,0.8202049780380674,0.7366929484477186,0.7287126779556274,0,200
Grocery,44,2,3,0.8111273792093704,0.7256851536024812,0.7319445610046387,0,200
Grocery,44,3,0,0.7900439238653002,0.6953695022795607,0.9065834879875183,0,200
Grocery,44,3,1,0.811420204978038,0.7278901794059912,0.7906327247619629,0,200
Grocery,44,3,2,0.8120058565153734,0.7281782359343076,0.7522605061531067,0,200
Grocery,44,3,3,0.8052708638360175,0.7173632542937771,0.7782894372940063,0,200
ele-fashion,42,0,0,0.8648869796461082,0.7543631638844716,0.4201674461364746,0,200
ele-fashion,42,0,1,0.8672394395008693,0.7528970920009065,0.4161275327205658,0,200
ele-fashion,42,0,2,0.8692850567658791,0.7515376921610026,0.4056214988231659,0,200
ele-fashion,42,0,3,0.8664211925948655,0.7450189658982656,0.41036444902420044,0,200
ele-fashion,42,1,0,0.8624322389280965,0.7495057705846868,0.45204517245292664,0,200
ele-fashion,42,1,1,0.8545566124578091,0.7348888175395939,0.4990209937095642,0,200
ele-fashion,42,1,2,0.8558862636800655,0.7323285619146985,0.47476404905319214,0,200
ele-fashion,42,1,3,0.8531246803723024,0.725416614617957,0.49175575375556946,0,200
ele-fashion,42,2,0,0.8602843407998364,0.746169188213059,0.4418012797832489,0,200
ele-fashion,42,2,1,0.8505676587910402,0.7274259738670107,0.4809889793395996,0,200
ele-fashion,42,2,2,0.8438171218165081,0.712567881841249,0.49454930424690247,0,200
ele-fashion,42,2,3,0.8419760662779994,0.7113438345019488,0.5005873441696167,0,200
ele-fashion,42,3,0,0.8548634550475606,0.7339877857675468,0.46298542618751526,0,200
ele-fashion,42,3,1,0.8423851897310013,0.7106451094883501,0.5163917541503906,0,200
ele-fashion,42,3,2,0.8317479799529508,0.6908853947780916,0.531204104423523,0,200
ele-fashion,42,3,3,0.8217244553544032,0.6806679884033813,0.5652711987495422,0,200
ele-fashion,43,0,0,0.8635573284238519,0.7472158460533488,0.426021009683609,0,200
ele-fashion,43,0,1,0.8672394395008693,0.7547514422226104,0.42500436305999756,0,200
ele-fashion,43,0,2,0.8670348777743684,0.7550194053649748,0.4098031222820282,0,200
ele-fashion,43,0,3,0.8651938222358597,0.7467675784908484,0.41496938467025757,0,200
ele-fashion,43,1,0,0.8602843407998364,0.7448092540672877,0.45588332414627075,0,200
ele-fashion,43,1,1,0.8542497698680577,0.7343769383182955,0.5049501061439514,0,200
ele-fashion,43,1,2,0.8574204766288227,0.7368200816771008,0.47311830520629883,0,200
ele-fashion,43,1,3,0.8550680167740615,0.7363887531161815,0.4899667799472809,0,200
ele-fashion,43,2,0,0.8586478469878286,0.7409288767548703,0.4426116943359375,0,200
ele-fashion,43,2,1,0.8503630970645393,0.7249644624198781,0.48281341791152954,0,200
ele-fashion,43,2,2,0.8449422113122634,0.7152321370151793,0.4908032715320587,0,200
ele-fashion,43,2,3,0.8431011557737548,0.7163969534179445,0.49711501598358154,0,200
ele-fashion,43,3,0,0.8532269612355529,0.7287293319251957,0.46294599771499634,0,200
ele-fashion,43,3,1,0.8409532576454946,0.7065503703153612,0.518894612789154,0,200
ele-fashion,43,3,2,0.8312365756366984,0.6910750147149622,0.5273606777191162,0,200
ele-fashion,43,3,3,0.8222358596706556,0.6817804399032679,0.5605853796005249,0,200
ele-fashion,44,0,0,0.8673417203641198,0.7599088332314593,0.418979674577713,0,200
ele-fashion,44,0,1,0.8672394395008693,0.7526315628654466,0.4144522547721863,0,200
ele-fashion,44,0,2,0.86948961849238,0.754699917444902,0.40272217988967896,0,200
ele-fashion,44,0,3,0.8669325969111179,0.7479571440905357,0.4071701765060425,0,200
ele-fashion,44,1,0,0.8602843407998364,0.7446424973056679,0.4511747360229492,0,200
ele-fashion,44,1,1,0.855170297637312,0.7433650057562947,0.4979732036590576,0,200
ele-fashion,44,1,2,0.8572159149023217,0.743442468869057,0.47223854064941406,0,200
ele-fashion,44,1,3,0.8546588933210596,0.734258506637448,0.48842549324035645,0,200
ele-fashion,44,2,0,0.8587501278510791,0.7384513613893133,0.43883463740348816,0,200
ele-fashion,44,2,1,0.8499539736115372,0.7288900317417507,0.47758749127388,0,200
ele-fashion,44,2,2,0.8425897514575023,0.7130963166016314,0.49058297276496887,0,200
ele-fashion,44,2,3,0.8420783471412498,0.7107917082154391,0.4962112605571747,0,200
ele-fashion,44,3,0,0.8510790631072926,0.7205842137391477,0.4605373740196228,0,200
ele-fashion,44,3,1,0.8415669428249974,0.7111441319873489,0.5143105387687683,0,200
ele-fashion,44,3,2,0.8322593842692032,0.6969296329116518,0.5281348824501038,0,200
ele-fashion,44,3,3,0.8237700726194129,0.683016918267752,0.5616194009780884,0,200
Reddit-S,42,0,0,0.9251336898395722,0.8753909728423096,0.2792320251464844,0,200
Reddit-S,42,0,1,0.9462094998427178,0.9040810027448687,0.20517775416374207,0,200
Reddit-S,42,0,2,0.9462094998427178,0.9040810027448687,0.20517775416374207,0,200
Reddit-S,42,0,3,0.9462094998427178,0.9040810027448687,0.20517773926258087,0,200
Reddit-S,42,1,0,0.9521862220824159,0.913310261996488,0.1842264086008072,0,200
Reddit-S,42,1,1,0.9440075495438818,0.9064924847619695,0.24870619177818298,0,200
Reddit-S,42,1,2,0.9440075495438818,0.9064924847619695,0.2487061619758606,0,200
Reddit-S,42,1,3,0.9440075495438818,0.9064924847619695,0.24870619177818298,0,200
Reddit-S,42,2,0,0.9521862220824159,0.913310261996488,0.1842264086008072,0,200
Reddit-S,42,2,1,0.9440075495438818,0.9064924847619695,0.2487061470746994,0,200
Reddit-S,42,2,2,0.9440075495438818,0.9064924847619695,0.24870619177818298,0,200
Reddit-S,42,2,3,0.9440075495438818,0.9064924847619695,0.2487061619758606,0,200
Reddit-S,42,3,0,0.9521862220824159,0.913310261996488,0.1842264086008072,0,200
Reddit-S,42,3,1,0.9440075495438818,0.9064924847619695,0.24870619177818298,0,200
Reddit-S,42,3,2,0.9440075495438818,0.9064924847619695,0.24870619177818298,0,200
Reddit-S,42,3,3,0.9440075495438818,0.9064924847619695,0.2487061619758606,0,200
Reddit-S,43,0,0,0.9342560553633218,0.8859968479926152,0.25834155082702637,0,200
Reddit-S,43,0,1,0.9484114501415539,0.9022518117472103,0.20280978083610535,0,200
Reddit-S,43,0,2,0.9484114501415539,0.9022518117472103,0.20280978083610535,0,200
Reddit-S,43,0,3,0.9484114501415539,0.9022518117472103,0.20280978083610535,0,200
Reddit-S,43,1,0,0.9578483799937088,0.916700935498749,0.17165507376194,0,200
Reddit-S,43,1,1,0.9430638565586662,0.9003894000363534,0.218295156955719,0,200
Reddit-S,43,1,2,0.9430638565586662,0.9003894000363534,0.2182951271533966,0,200
Reddit-S,43,1,3,0.9430638565586662,0.9003894000363534,0.2182951420545578,0,200
Reddit-S,43,2,0,0.9578483799937088,0.916700935498749,0.1716550886631012,0,200
Reddit-S,43,2,1,0.9430638565586662,0.9003894000363534,0.2182951271533966,0,200
Reddit-S,43,2,2,0.9430638565586662,0.9003894000363534,0.2182951420545578,0,200
Reddit-S,43,2,3,0.9430638565586662,0.9003894000363534,0.2182951420545578,0,200
Reddit-S,43,3,0,0.9578483799937088,0.916700935498749,0.17165507376194,0,200
Reddit-S,43,3,1,0.9430638565586662,0.9003894000363534,0.2182951122522354,0,200
Reddit-S,43,3,2,0.9430638565586662,0.9003894000363534,0.2182951122522354,0,200
Reddit-S,43,3,3,0.9430638565586662,0.9003894000363534,0.2182951271533966,0,200
Reddit-S,44,0,0,0.9320541050644857,0.8855935023017374,0.2897167503833771,0,200
Reddit-S,44,0,1,0.946524064171123,0.8980068495608137,0.21832339465618134,0,200
Reddit-S,44,0,2,0.946524064171123,0.8980068495608137,0.21832340955734253,0,200
Reddit-S,44,0,3,0.946524064171123,0.8980068495608137,0.21832340955734253,0,200
Reddit-S,44,1,0,0.952500786410821,0.9095889202064236,0.18579953908920288,0,200
Reddit-S,44,1,1,0.938659955960994,0.8970838935862293,0.26946282386779785,0,200
Reddit-S,44,1,2,0.938659955960994,0.8970838935862293,0.26946285367012024,0,200
Reddit-S,44,1,3,0.938659955960994,0.8970838935862293,0.26946285367012024,0,200
Reddit-S,44,2,0,0.952500786410821,0.9095889202064236,0.18579953908920288,0,200
Reddit-S,44,2,1,0.938659955960994,0.8970838935862293,0.26946282386779785,0,200
Reddit-S,44,2,2,0.938659955960994,0.8970838935862293,0.26946282386779785,0,200
Reddit-S,44,2,3,0.938659955960994,0.8970838935862293,0.26946282386779785,0,200
Reddit-S,44,3,0,0.952500786410821,0.9095889202064236,0.18579953908920288,0,200
Reddit-S,44,3,1,0.938659955960994,0.8970838935862293,0.26946285367012024,0,200
Reddit-S,44,3,2,0.938659955960994,0.8970838935862293,0.26946282386779785,0,200
Reddit-S,44,3,3,0.938659955960994,0.8970838935862293,0.26946285367012024,0,200
