dataset,comparison,left_variant,right_variant,n_paired_seeds,mean_val_acc_pp,population_sd_val_acc_pp,positive_acc_seed_pairs,positive_acc_seed_pairs_denominator,mean_val_macro_f1_pp,population_sd_val_macro_f1_pp,positive_macro_f1_seed_pairs,positive_macro_f1_seed_pairs_denominator
Movies,OwnSoft - Uniform,own_soft,uniform,3,-1.5296955903371174,0.4290981718057372,0,3,-2.651961453430673,2.483523503050966,1,3
Movies,CrossSoft - OwnSoft,cross_soft,own_soft,3,0.19995967547098795,0.3062067093968027,2,3,-0.07015480684900248,1.6585333833446816,1,3
Movies,GatedCross - OwnSoft,gated_cross_soft,own_soft,3,0.45990943908691406,0.45311802680743735,2,3,-0.06400378751409234,1.3593076191683648,1,3
Movies,GatedCross - CrossSoft,gated_cross_soft,cross_soft,3,0.2599497636159261,0.14761634872141857,3,3,0.006151019334910135,0.7688440885113995,1,3
Toys,OwnSoft - Uniform,own_soft,uniform,3,-0.475156307220459,0.2678285702133191,0,3,-0.40796436634181754,0.5158185877939246,1,3
Toys,CrossSoft - OwnSoft,cross_soft,own_soft,3,-0.04832148551940918,0.10250113557849429,1,3,-0.23029260965300816,0.23911801238842037,1,3
Toys,GatedCross - OwnSoft,gated_cross_soft,own_soft,3,0.07248123486836751,0.07112392637074785,2,3,-0.04626941759263333,0.3135771430487201,2,3
Toys,GatedCross - CrossSoft,gated_cross_soft,cross_soft,3,0.12080272038777669,0.0711259510238501,3,3,0.18402319206037485,0.23005537209503055,2,3
Grocery,OwnSoft - Uniform,own_soft,uniform,3,-0.05856553713480631,0.35220541846273135,2,3,0.10797308861361839,0.6500293848152413,2,3
Grocery,CrossSoft - OwnSoft,cross_soft,own_soft,3,-0.22449692090352377,0.38279585634038077,1,3,-0.6486378938773315,1.0665100963562912,1,3
Grocery,GatedCross - OwnSoft,gated_cross_soft,own_soft,3,-0.5856513977050781,0.2715580811661576,0,3,-0.9813915244192284,0.6911302972219389,0,3
Grocery,GatedCross - CrossSoft,gated_cross_soft,cross_soft,3,-0.3611544768015544,0.17623577647865846,0,3,-0.33275363054189694,1.6066534646242128,1,3
ele-fashion,OwnSoft - Uniform,own_soft,uniform,3,0.47049323717753094,0.24604070085060445,3,3,1.296645599203794,0.632391783168516,3,3
ele-fashion,CrossSoft - OwnSoft,cross_soft,own_soft,3,-0.04773139953613281,0.11879153007489975,2,3,-0.31191719824579245,0.2974560819084459,0,3
ele-fashion,GatedCross - OwnSoft,gated_cross_soft,own_soft,3,-0.040912628173828125,0.038270259354734916,1,3,-0.2934891073323083,0.17255107945198853,0,3
ele-fashion,GatedCross - CrossSoft,gated_cross_soft,cross_soft,3,0.0068187713623046875,0.09679293384650754,1,3,0.018428090913484112,0.46113795290616766,1,3
Reddit-S,OwnSoft - Uniform,own_soft,uniform,3,0.32504995663960773,0.05346590599953446,3,3,0.2794355359631758,0.26519560943747983,3,3
Reddit-S,CrossSoft - OwnSoft,cross_soft,own_soft,3,0.14679829279581705,0.12669535741265397,2,3,0.22818590961815413,0.20432465254573506,2,3
Reddit-S,GatedCross - OwnSoft,gated_cross_soft,own_soft,3,0.04194378852844238,0.11581432624424928,2,3,0.16425396535915868,0.29210038494556423,2,3
Reddit-S,GatedCross - CrossSoft,gated_cross_soft,cross_soft,3,-0.10485450426737468,0.17482560872340572,1,3,-0.06393194425899547,0.4508408305796847,1,3
ALL,OwnSoft - Uniform,own_soft,uniform,15,-0.25357484817504883,0.7769160894688376,8,15,-0.2751743191983806,1.7842929270184993,10,15
ALL,CrossSoft - OwnSoft,cross_soft,own_soft,15,0.0052416324615478516,0.2819124677983871,8,15,-0.20656331980139608,0.9476591687184633,5,15
ALL,GatedCross - OwnSoft,gated_cross_soft,own_soft,15,-0.010445912679036459,0.4151243769682296,7,15,-0.24417997429982075,0.8152506382519757,5,15
ALL,GatedCross - CrossSoft,gated_cross_soft,cross_soft,15,-0.01568754514058431,0.2530816477164145,8,15,-0.03761665449842466,0.8698582530082597,6,15
