best_epoch,best_epoch_mean,best_epoch_population_std,dataset,dataset_count,dead_interaction_parameters,dead_interaction_parameters_mean,dead_interaction_parameters_population_std,eval_forward_latency_ms_seed42,eval_forward_latency_ms_seed42_mean,eval_forward_latency_ms_seed42_population_std,functionally_active_parameters,functionally_active_parameters_mean,functionally_active_parameters_population_std,method,peak_gpu_memory_mib,peak_gpu_memory_mib_mean,peak_gpu_memory_mib_population_std,requires_grad_parameters,requires_grad_parameters_mean,requires_grad_parameters_population_std,row_type,run_count,runtime_seconds,runtime_seconds_mean,runtime_seconds_population_std,seed,total_parameters,total_parameters_mean,total_parameters_population_std
74.0,,,Movies,,0,,,39.01750980876386,,,1536878,,,P2 Full,3688.830078125,,,1536878,,,run,,39.91371351387352,,,42,1536878,,
54.0,,,Movies,,0,,,,,,1536878,,,P2 Full,3688.830078125,,,1536878,,,run,,32.973015380091965,,,43,1536878,,
53.0,,,Movies,,0,,,,,,1536878,,,P2 Full,3688.830078125,,,1536878,,,run,,33.19899218901992,,,44,1536878,,
42.0,,,Toys,,0,,,37.84082061611116,,,1536878,,,P2 Full,3973.501953125,,,1536878,,,run,,32.25186648406088,,,42,1536878,,
42.0,,,Toys,,0,,,,,,1536878,,,P2 Full,3973.501953125,,,1536878,,,run,,33.40656923688948,,,43,1536878,,
42.0,,,Toys,,0,,,,,,1536878,,,P2 Full,3975.515625,,,1536878,,,run,,32.46457370184362,,,44,1536878,,
96.0,,,Grocery,,0,,,33.90837959013879,,,1536878,,,P2 Full,3609.3505859375,,,1536878,,,run,,48.662718281848356,,,42,1536878,,
58.0,,,Grocery,,0,,,,,,1536878,,,P2 Full,3609.3505859375,,,1536878,,,run,,36.6913090639282,,,43,1536878,,
72.0,,,Grocery,,0,,,,,,1536878,,,P2 Full,3609.3505859375,,,1536878,,,run,,39.45070112217218,,,44,1536878,,
109.0,,,ele-fashion,,0,,,152.75356876663864,,,1405806,,,P2 Full,17554.03662109375,,,1405806,,,run,,179.54960239492357,,,42,1405806,,
126.0,,,ele-fashion,,0,,,,,,1405806,,,P2 Full,17554.03662109375,,,1405806,,,run,,195.86384800099768,,,43,1405806,,
107.0,,,ele-fashion,,0,,,,,,1405806,,,P2 Full,17554.03662109375,,,1405806,,,run,,176.10984545387328,,,44,1405806,,
95.0,,,Reddit-S,,0,,,38.885361421853304,,,1536878,,,P2 Full,4373.5703125,,,1536878,,,run,,47.584577462868765,,,42,1536878,,
82.0,,,Reddit-S,,0,,,,,,1536878,,,P2 Full,4373.5703125,,,1536878,,,run,,43.03835899895057,,,43,1536878,,
76.0,,,Reddit-S,,0,,,,,,1536878,,,P2 Full,4373.5703125,,,1536878,,,run,,41.14267919585109,,,44,1536878,,
69.0,,,Movies,,529924,,,34.09288879483938,,,1006954,,,P2 no_cross_hop_interaction,3683.4228515625,,,1536878,,,run,,31.99717959901318,,,42,1536878,,
70.0,,,Movies,,529924,,,,,,1006954,,,P2 no_cross_hop_interaction,3683.4228515625,,,1536878,,,run,,32.0779618488159,,,43,1536878,,
72.0,,,Movies,,529924,,,,,,1006954,,,P2 no_cross_hop_interaction,3683.4228515625,,,1536878,,,run,,32.485410624882206,,,44,1536878,,
43.0,,,Toys,,529924,,,39.646820770576596,,,1006954,,,P2 no_cross_hop_interaction,3971.46875,,,1536878,,,run,,27.44330125907436,,,42,1536878,,
58.0,,,Toys,,529924,,,,,,1006954,,,P2 no_cross_hop_interaction,3971.46875,,,1536878,,,run,,31.687965916004032,,,43,1536878,,
48.0,,,Toys,,529924,,,,,,1006954,,,P2 no_cross_hop_interaction,3971.46875,,,1536878,,,run,,29.858506874879822,,,44,1536878,,
79.0,,,Grocery,,529924,,,37.35703360289335,,,1006954,,,P2 no_cross_hop_interaction,3606.7705078125,,,1536878,,,run,,36.74643242685124,,,42,1536878,,
71.0,,,Grocery,,529924,,,,,,1006954,,,P2 no_cross_hop_interaction,3606.7705078125,,,1536878,,,run,,32.5091146628838,,,43,1536878,,
117.0,,,Grocery,,529924,,,,,,1006954,,,P2 no_cross_hop_interaction,3606.7705078125,,,1536878,,,run,,45.166435916908085,,,44,1536878,,
208.0,,,ele-fashion,,529924,,,151.64398038759828,,,875882,,,P2 no_cross_hop_interaction,17561.68115234375,,,1405806,,,run,,239.95001699007116,,,42,1405806,,
145.0,,,ele-fashion,,529924,,,,,,875882,,,P2 no_cross_hop_interaction,17561.68115234375,,,1405806,,,run,,179.91277114511468,,,43,1405806,,
192.0,,,ele-fashion,,529924,,,,,,875882,,,P2 no_cross_hop_interaction,17561.68115234375,,,1405806,,,run,,235.16623173491098,,,44,1405806,,
95.0,,,Reddit-S,,529924,,,41.708010993897915,,,1006954,,,P2 no_cross_hop_interaction,4373.16796875,,,1536878,,,run,,43.25485785282217,,,42,1536878,,
66.0,,,Reddit-S,,529924,,,,,,1006954,,,P2 no_cross_hop_interaction,4373.16796875,,,1536878,,,run,,35.98535817209631,,,43,1536878,,
38.0,,,Reddit-S,,529924,,,,,,1006954,,,P2 no_cross_hop_interaction,4373.16796875,,,1536878,,,run,,26.581308936001733,,,44,1536878,,
83,,,Movies,,0,,,28.282265178859234,,,1006954,,,S,2374.72412109375,,,1006954,,,run,,27.568086022976786,,,42,1006954,,
62,,,Movies,,0,,,,,,1006954,,,S,2374.72412109375,,,1006954,,,run,,22.83170450408943,,,43,1006954,,
64,,,Movies,,0,,,,,,1006954,,,S,2374.72412109375,,,1006954,,,run,,22.6212825528346,,,44,1006954,,
46,,,Toys,,0,,,25.524401990696788,,,1006954,,,S,2108.99755859375,,,1006954,,,run,,20.76300599705428,,,42,1006954,,
59,,,Toys,,0,,,,,,1006954,,,S,2108.99755859375,,,1006954,,,run,,22.868994052987546,,,43,1006954,,
44,,,Toys,,0,,,,,,1006954,,,S,2108.99755859375,,,1006954,,,run,,20.599641624838114,,,44,1006954,,
99,,,Grocery,,0,,,28.181771375238895,,,1006954,,,S,2211.92138671875,,,1006954,,,run,,30.42890164302662,,,42,1006954,,
56,,,Grocery,,0,,,,,,1006954,,,S,2211.92138671875,,,1006954,,,run,,22.977106921141967,,,43,1006954,,
167,,,Grocery,,0,,,,,,1006954,,,S,2211.92138671875,,,1006954,,,run,,46.49415080086328,,,44,1006954,,
171,,,ele-fashion,,0,,,84.0145967900753,,,875882,,,S,8761.962890625,,,875882,,,run,,160.16370871686377,,,42,875882,,
138,,,ele-fashion,,0,,,,,,875882,,,S,8761.962890625,,,875882,,,run,,128.9103239059914,,,43,875882,,
150,,,ele-fashion,,0,,,,,,875882,,,S,8761.962890625,,,875882,,,run,,142.91274813585915,,,44,875882,,
120,,,Reddit-S,,0,,,33.18002219311893,,,1006954,,,S,3503.51220703125,,,1006954,,,run,,39.73500920692459,,,42,1006954,,
49,,,Reddit-S,,0,,,,,,1006954,,,S,3503.51220703125,,,1006954,,,run,,22.28059045597911,,,43,1006954,,
64,,,Reddit-S,,0,,,,,,1006954,,,S,3503.51220703125,,,1006954,,,run,,26.155530101154,,,44,1006954,,
,75.2,26.028702106200633,,5,,0.0,0.0,,60.48112804070115,46.1735028809393,,1510663.6,52428.8,P2 Full,,6639.992154947917,5463.5843953260455,,1510663.6,52428.8,all_dataset_summary,15,,67.4868246987462,58.52117674713264,,,1510663.6,52428.8
,91.4,50.3332891832036,,5,,529924.0,0.0,,60.889746909961104,45.44753458278022,,980739.6,52428.8,P2 no_cross_hop_interaction,,6639.30224609375,5467.806376166306,,1510663.6,52428.8,all_dataset_summary,15,,70.72152359735531,74.96724522438384,,,1510663.6,52428.8
,91.46666666666667,44.255118975724784,,5,,0.0,0.0,,39.83661150559783,22.22693016937509,,980739.6,52428.8,S,,3792.2236328125,2534.6231534364665,,980739.6,52428.8,all_dataset_summary,15,,50.48738564283897,47.61380975196357,,,980739.6,52428.8
