aggregation,baseline_val_acc,baseline_val_acc_mean,baseline_val_macro_f1,baseline_val_macro_f1_mean,both_validation_metrics_declined,both_validation_metrics_declined_dataset_count,comparison,dataset,dataset_count,delta_test_acc,delta_test_acc_mean,delta_test_acc_population_std,delta_test_macro_f1,delta_test_macro_f1_mean,delta_test_macro_f1_population_std,delta_val_acc,delta_val_acc_mean,delta_val_acc_population_std,delta_val_macro_f1,delta_val_macro_f1_mean,delta_val_macro_f1_population_std,mean_gate_failed,performance_count_gate_failed,performance_gate_failed,performance_mean_gate_failed,row_type,run_count,s_val_acc,s_val_acc_mean,s_val_macro_f1,s_val_macro_f1_mean,seed,seed_count
,0.573185384273529,,0.5048456955723938,,,,S-P2_no_cross_hop_interaction,Movies,,0.005097448825836182,,,-0.007724237949405965,,,-0.0011997818946838379,,,-0.013230888997019685,,,,,,,paired_run,,0.5719856023788452,,0.4916148065753741,,42,
,0.5788842439651489,,0.5092552203138078,,,,S-P2_no_cross_hop_interaction,Movies,,0.005697190761566162,,,0.004158721893129935,,,0.0005998611450195312,,,0.0020784038980491415,,,,,,,paired_run,,0.5794841051101685,,0.5113336242118569,,43,
,0.5776844620704651,,0.5171996089516291,,,,S-P2_no_cross_hop_interaction,Movies,,0.004197895526885986,,,-0.019691172375896848,,,0.0002999305725097656,,,-0.016336032730873473,,,,,,,paired_run,,0.5779843926429749,,0.5008635762207556,,44,
,,,,,1,,S-P2_no_cross_hop_interaction,Movies,,,0.004997511704762776,0.0006161504801642756,,-0.0077522294773909595,0.009736698680941378,,-9.999672571818034e-05,0.0007872463191357259,,-0.009162839276614673,0.008049208676879038,1,,,,paired_dataset_mean,,,,,,,3
,0.8059917688369751,,0.7736771480950457,,,,S-P2_no_cross_hop_interaction,Toys,,0.0021744370460510254,,,0.0059332192646515125,,,0.0002416372299194336,,,0.0039774659699474135,,,,,,,paired_run,,0.8062334060668945,,0.7776546140649931,,42,
,0.80333411693573,,0.7758754359254996,,,,S-P2_no_cross_hop_interaction,Toys,,0.0021744370460510254,,,0.006128968931204404,,,0.0,,,0.001102152309616522,,,,,,,paired_run,,0.80333411693573,,0.7769775882351161,,43,
,0.8071998357772827,,0.7824961196050526,,,,S-P2_no_cross_hop_interaction,Toys,,-0.0012080073356628418,,,-0.0044283506613442825,,,0.0004831552505493164,,,-0.004192632209269909,,,,,,,paired_run,,0.807682991027832,,0.7783034873957827,,44,
,,,,,0,,S-P2_no_cross_hop_interaction,Toys,,,0.0010469555854797363,0.001594499572864143,,0.002544612511503878,0.004931277119260378,,0.00024159749348958334,0.00019724730706667214,,0.0002956620234313423,0.00338382879795416,0,,,,paired_dataset_mean,,,,,,,3
,0.838067352771759,,0.7914538583303031,,,,S-P2_no_cross_hop_interaction,Grocery,,0.0017569661140441895,,,0.008256134961851624,,,0.0023425817489624023,,,-0.0006162880783534552,,,,,,,paired_run,,0.8404099345207214,,0.7908375702519497,,42,
,0.838067352771759,,0.7565173416248564,,,,S-P2_no_cross_hop_interaction,Grocery,,-0.008199155330657959,,,-0.008405577369511308,,,-0.0005856752395629883,,,-8.32915733098849e-05,,,,,,,paired_run,,0.837481677532196,,0.7564340500515465,,43,
,0.8395314812660217,,0.7713228391332754,,,,S-P2_no_cross_hop_interaction,Grocery,,0.0014641284942626953,,,0.0015993954025219637,,,0.0005856752395629883,,,-0.0058632871959013455,,,,,,,paired_run,,0.8401171565055847,,0.765459551937374,,44,
,,,,,0,,S-P2_no_cross_hop_interaction,Grocery,,,-0.0016593535741170247,0.0046258832474841485,,0.0004833176649540934,0.006847743501353511,,0.0007808605829874674,0.0012033966473909718,,-0.002187622282521562,0.0026081801746537852,0,,,,paired_dataset_mean,,,,,,,3
,0.8842180371284485,,0.7703268359042951,,,,S-P2_no_cross_hop_interaction,ele-fashion,,-0.0013979077339172363,,,0.0011159679164045588,,,-0.0007159113883972168,,,-0.0007462592351403785,,,,,,,paired_run,,0.8835021257400513,,0.7695805766691547,,42,
,0.883092999458313,,0.7820757592854828,,,,S-P2_no_cross_hop_interaction,ele-fashion,,0.0018070340156555176,,,-0.00012922384019165012,,,0.00040912628173828125,,,-0.0035772466770931377,,,,,,,paired_run,,0.8835021257400513,,0.7784985126083896,,43,
,0.8866727948188782,,0.773816247845854,,,,S-P2_no_cross_hop_interaction,ele-fashion,,-0.0012615323066711426,,,-0.006007729964689235,,,-0.0024547576904296875,,,-0.0033629276096771576,,,,,,,paired_run,,0.8842180371284485,,0.7704533202361769,,44,
,,,,,1,,S-P2_no_cross_hop_interaction,ele-fashion,,,-0.0002841353416442871,0.0014797277959073863,,-0.0016736619628254419,0.003106523749708935,,-0.0009205142656962076,0.0011780929800768176,,-0.002562144507303558,0.0012870023716395843,0,,,,paired_dataset_mean,,,,,,,3
,0.9644542336463928,,0.9325384106351693,,,,S-P2_no_cross_hop_interaction,Reddit-S,,-0.00031453371047973633,,,-0.003206450960923868,,,0.0009436607360839844,,,0.0010809152959210255,,,,,,,paired_run,,0.9653978943824768,,0.9336193259310903,,42,
,0.9688581228256226,,0.9275725161257276,,,,S-P2_no_cross_hop_interaction,Reddit-S,,-0.002831101417541504,,,-0.005558176467277076,,,-0.00031453371047973633,,,0.00247201330676039,,,,,,,paired_run,,0.9685435891151428,,0.9300445294324879,,43,
,0.9657124876976013,,0.9235275429911092,,,,S-P2_no_cross_hop_interaction,Reddit-S,,-0.000629127025604248,,,-0.00011798973902976684,,,0.0,,,-0.003024744638889687,,,,,,,paired_run,,0.9657124876976013,,0.9205027983522195,,44,
,,,,,0,,S-P2_no_cross_hop_interaction,Reddit-S,,,-0.001258254051208496,0.001119562077128305,,-0.0029608723890769038,0.002227725227784662,,0.00020970900853474936,0.0005346317845248993,,0.0001760613212639095,0.002333474878781485,0,,,,paired_dataset_mean,,,,,,,3
unweighted_mean_of_dataset_paired_means,,,,,,2,S-P2_no_cross_hop_interaction,,5,,0.0005685448646545409,0.0024030153289262128,,-0.0018717667305670669,0.0034887266121324586,,4.2331218719482425e-05,0.0005586549320104149,,-0.002688176544348908,0.0034436854469991787,,0,0,0,paired_all_dataset_mean,15,,,,,,
,,0.5741851528485616,,0.5017043479414147,,,S-no_formation_conditioning,Movies,,,,,,,,,0.0022995471954345703,,,-0.00043367893875245755,,,,,,formation_baseline_dataset_mean,,,0.5764847000439962,,0.5012706690026623,,3
,,0.8034952084223429,,0.771334678611982,,,S-no_formation_conditioning,Toys,,,,,,,,,0.002254962921142578,,,0.006310551286648591,,,,,,formation_baseline_dataset_mean,,,0.8057501713434855,,0.7776452298986306,,3
,,0.8373841047286987,,0.7654263395330122,,,S-no_formation_conditioning,Grocery,,,,,,,,,0.0019521514574686316,,,0.005484051213944574,,,,,,formation_baseline_dataset_mean,,,0.8393362561861674,,0.7709103907469568,,3
,,0.881661057472229,,0.7615744233744611,,,S-no_formation_conditioning,ele-fashion,,,,,,,,,0.0020797053972879675,,,0.011269713130112602,,,,,,formation_baseline_dataset_mean,,,0.883740762869517,,0.7728441365045737,,3
,,0.9658173322677612,,0.9286260914656798,,,S-no_formation_conditioning,Reddit-S,,,,,,,,,0.0007339914639791223,,,-0.0005705402270804738,,,,,,formation_baseline_dataset_mean,,,0.9665513237317404,,0.9280555512385993,,3
,,,,,,,S-no_formation_conditioning,,5,,,,,,,,0.001864071687062574,,,0.004412019292974567,,,,,,formation_baseline_all_dataset_mean,,,,,,,
,,0.5746850570042928,,0.5022706995230475,,,S-global_filter_only,Movies,,,,,,,,,0.0017996430397033691,,,-0.00100003052038522,,,,,,formation_baseline_dataset_mean,,,0.5764847000439962,,0.5012706690026623,,3
,,0.8040589491526285,,0.7744727914914098,,,S-global_filter_only,Toys,,,,,,,,,0.0016912221908569336,,,0.0031724384072208123,,,,,,formation_baseline_dataset_mean,,,0.8057501713434855,,0.7776452298986306,,3
,,0.8370912671089172,,0.7700454413017733,,,S-global_filter_only,Grocery,,,,,,,,,0.0022449890772501258,,,0.0008649494451834494,,,,,,formation_baseline_dataset_mean,,,0.8393362561861674,,0.7709103907469568,,3
,,0.8814224004745483,,0.7604047195605689,,,S-global_filter_only,ele-fashion,,,,,,,,,0.0023183623949686316,,,0.012439416944004855,,,,,,formation_baseline_dataset_mean,,,0.883740762869517,,0.7728441365045737,,3
,,0.9656076431274414,,0.9264957465511489,,,S-global_filter_only,Reddit-S,,,,,,,,,0.0009436806042989465,,,0.0015598046874504279,,,,,,formation_baseline_dataset_mean,,,0.9665513237317404,,0.9280555512385993,,3
,,,,,,,S-global_filter_only,,5,,,,,,,,0.0017995794614156014,,,0.0034073157926948648,,,,,,formation_baseline_all_dataset_mean,,,,,,,
