best_epoch_mean,best_epoch_population_std,dataset,finite_count,peak_gpu_memory_mib_mean,peak_gpu_memory_mib_population_std,row_type,runtime_seconds_mean,runtime_seconds_population_std,seed_count,test_acc_mean,test_acc_population_std,test_macro_f1_mean,test_macro_f1_population_std,val_acc_mean,val_acc_population_std,val_macro_f1_mean,val_macro_f1_population_std,variant
60.333333333333336,9.672412085697939,Movies,3,3688.830078125,0.0,dataset_summary,35.3619070276618,3.2199351023980394,3,0.5657171408335367,0.004755759480860599,0.5010945030568317,0.015039064357444879,0.5741851528485616,0.003306898939836793,0.4989557169121271,0.013500533286984421,full
42.0,0.0,Toys,3,3974.1731770833335,0.9492540252647532,dataset_summary,32.707669807597995,0.5017678077372657,3,0.8014818429946899,0.005580779470091411,0.7659899690966192,0.0071805699693707,0.8047032157580057,0.0013134858978249466,0.7708387797553099,0.0034924166785331215,full
75.33333333333333,15.69146972791976,Grocery,3,3609.3505859375,0.0,dataset_summary,41.60157615598291,5.118486574762027,3,0.8297706246376038,0.0042524355722461755,0.7538685354589348,0.012425210695282421,0.8381649653116862,0.0014411834372608822,0.7626941183905003,0.016164683364868787,full
114.0,8.524474568362947,ele-fashion,3,17554.03662109375,0.0,dataset_summary,183.84109861659817,8.616567724387513,3,0.8816229104995728,0.00026555299229834127,0.7694821183374772,0.001959714683229446,0.881661057472229,0.0006835797035155699,0.7618158499490884,0.004781076784953969,full
84.33333333333333,7.93025150224688,Reddit-S,3,4373.5703125,0.0,dataset_summary,43.92187188589014,2.7030796740868936,3,0.9672853151957194,0.0018521200616872012,0.9281513207470447,0.001637027497759396,0.9668658773104349,0.001671118278334528,0.9284923768271994,0.004331534848814657,full
54.333333333333336,2.6246692913372702,Movies,3,2626.86865234375,0.0,dataset_summary,26.61120885175963,1.861176790152388,3,0.5594202876091003,0.003919755732391004,0.4964017491850569,0.004971059337186332,0.5718856056531271,0.0027851071557248915,0.5063367904727328,0.005161713450960127,no_relation_modulation
47.0,3.7416573867739413,Toys,3,3177.00732421875,0.0,dataset_summary,28.196646561070036,0.6946907288419751,3,0.8001932899157206,0.0038807528191009033,0.7731480562254667,0.0062571990193706324,0.8051864306131998,0.0023781683784399924,0.7783194568909826,0.003917318900689118,no_relation_modulation
79.33333333333333,16.438437341250605,Grocery,3,2658.345703125,0.0,dataset_summary,33.5146718636776,3.289140840459394,3,0.8296730120976766,0.0047236855449247364,0.7488891565495458,0.014260737814816071,0.8377745350201925,0.0012423486046061198,0.763315597717706,0.00045422381117785364,no_relation_modulation
137.0,26.19160170741759,ele-fashion,3,14592.27734375,0.0,dataset_summary,180.13551720565496,29.51068141951078,3,0.8821116089820862,0.0021746678840910585,0.7688387265738809,0.008374100199168856,0.8825815717379252,0.001304479732741818,0.7656285976281977,0.005147981727075638,no_relation_modulation
71.33333333333333,17.016332024133625,Reddit-S,3,2590.81591796875,0.0,dataset_summary,33.25310091526868,4.10573511245823,3,0.967599888642629,0.002194453593325667,0.9286317337784061,0.0038224902110995627,0.9663416147232056,0.001430033521975349,0.9285758440907499,0.005775862861290438,no_relation_modulation
64.66666666666667,14.29063407348401,Movies,3,3688.8125,0.0,dataset_summary,33.420179765981935,4.936627846123347,3,0.5620189905166626,0.0016301212487845212,0.49591498495292125,0.017047530939071076,0.5723855098088583,0.0039362215025571246,0.49791664083885057,0.013652877520271296,fixed_semantic_reference
45.666666666666664,4.0276819911981905,Toys,3,3973.484375,0.0,dataset_summary,31.195712465948116,1.3598453530918413,3,0.801320751508077,0.003971600213987797,0.7708945135756804,0.00460556200760218,0.8045421640078226,0.0003945189438752728,0.7744467735779637,0.0010900018009939204,fixed_semantic_reference
78.33333333333333,22.661764175711376,Grocery,3,3609.3330078125,0.0,dataset_summary,39.66419518032732,6.906301164211033,3,0.824987788995107,0.005245484374069842,0.7504432201764465,0.01693016058289482,0.8367008368174235,0.0007304175721442292,0.7665389943534452,0.009122685906790141,fixed_semantic_reference
146.66666666666666,8.219218670625303,ele-fashion,3,17554.01904296875,0.0,dataset_summary,207.9973418552739,9.760003092800979,3,0.8831571936607361,0.00036825574234021664,0.7780947264010833,0.005253583646000663,0.8828202287356058,0.0007102411577690695,0.7706080140918432,0.002777805540926826,fixed_semantic_reference
78.0,17.378147196982766,Reddit-S,3,4373.552734375,0.0,dataset_summary,39.357642009388655,5.953739118155575,3,0.9675998687744141,0.0026066656178283932,0.9290085944519076,0.003054803622944877,0.9665513435999552,0.0014604642332639933,0.9283491708988099,0.00531767635462236,fixed_semantic_reference
110.66666666666667,5.792715732327589,Movies,3,3683.4208984375,0.0,dataset_summary,49.51852934923954,3.4429180441727336,3,0.5627186497052511,0.003965380049341,0.5048330387418597,0.0031414005837240985,0.5752849578857422,0.0016059143575940912,0.5093777550468613,0.003945430549883758,last_context_only
64.66666666666667,8.498365855987975,Toys,3,3971.466796875,0.0,dataset_summary,36.18685247329995,3.4551063059630254,3,0.8005959590276083,0.006652778619780878,0.7661918953440923,0.011574683639128728,0.805508573849996,0.0016854525944412803,0.7721645682269814,0.004780313438377136,last_context_only
156.33333333333334,65.93599590174972,Grocery,3,3606.7685546875,0.0,dataset_summary,62.88990388337212,18.995110139506263,3,0.8279160658518473,0.007428517056047851,0.7488229073293612,0.009728259158060045,0.8359199563662211,0.0046994314689445225,0.7710947275974774,0.01056082946359648,last_context_only
140.33333333333334,22.125902367034787,ele-fashion,3,17562.4365234375,0.0,dataset_summary,188.11852989532053,25.26835299204945,3,0.8766337037086487,0.0026649720048676525,0.7594944889764471,0.012567576842855869,0.8768197496732076,0.0020866789157985284,0.7532760261405396,0.012844198153203203,last_context_only
82.66666666666667,36.9353790047188,Reddit-S,3,4373.166015625,0.0,dataset_summary,40.35152536071837,12.29395229998944,3,0.9606794714927673,0.006663030129038113,0.9193009031268977,0.014158392256906708,0.9613085985183716,0.004077209119301734,0.9232171654272948,0.004778904468576259,last_context_only
64.66666666666667,11.469767022723502,Movies,3,3593.6630859375,0.0,dataset_summary,37.59164625864165,3.8689542872875333,3,0.5637181599934896,0.004247580700866075,0.5046550881165879,0.010965945457147405,0.5744851032892863,0.0023276239609035087,0.5056872800691609,0.012295679347276873,no_context_change
45.333333333333336,3.2998316455372216,Toys,3,3852.349609375,0.0,dataset_summary,32.67917210569916,0.8461904613230251,3,0.7999516924222311,0.008102443899696773,0.7705564672593186,0.003993569956321309,0.8048643072446188,0.0037498416884766917,0.776531458810736,0.0022206091105786757,no_context_change
83.66666666666667,25.223445883190152,Grocery,3,3508.4482421875,0.0,dataset_summary,41.493930354326345,8.020169068154297,3,0.830941915512085,0.0044366384860015885,0.7528540339246269,0.014416844968881235,0.8386530081431071,0.0021251015019603877,0.7692354371896746,0.009525293048310447,no_context_change
126.66666666666667,13.767917618708923,ele-fashion,3,16982.91357421875,0.0,dataset_summary,187.17285649563806,15.216373760524494,3,0.882032036781311,0.001252115510039882,0.7712467719765704,0.005138341105140211,0.8816951513290405,0.001152150426181011,0.7634203124247249,0.007448466346790853,no_context_change
70.33333333333333,35.64952859280034,Reddit-S,3,4274.81103515625,0.0,dataset_summary,35.77717449935153,11.140216618709717,3,0.9672853151957194,0.0026066392437069947,0.9281077683622263,0.0035010093567342244,0.9663416147232056,0.001119562077128305,0.9292066825057852,0.00568296427976042,no_context_change
70.33333333333333,1.247219128924647,Movies,3,3683.4228515625,0.0,dataset_summary,32.18685069090376,0.21367415785678084,3,0.5603198210398356,0.003763746420095941,0.5001783986528539,0.004302973192001418,0.5765846967697144,0.0024530747010971013,0.5104335082792769,0.005111820669949815,no_cross_hop_interaction
49.666666666666664,6.236095644623235,Toys,3,3971.46875,0.0,dataset_summary,29.663258016652737,1.7383682195143442,3,0.8029314478238424,0.005718531792457025,0.7735321630911265,0.007644915114475803,0.805508573849996,0.0016147349807456128,0.7773495678751993,0.003748187417710273,no_cross_hop_interaction
89.0,20.06655592438988,Grocery,3,3606.7705078125,0.0,dataset_summary,38.14066100221438,5.260535481118694,3,0.8294778068860372,0.0010781171761458008,0.7536697113779517,0.016748081811962943,0.8385553956031799,0.0006901967912144007,0.7730980130294783,0.014317902119347182,no_cross_hop_interaction
181.66666666666666,26.737406173540634,ele-fashion,3,17561.68115234375,0.0,dataset_summary,218.3430066233656,27.244368219593987,3,0.8852028648058573,0.0012778277647518097,0.7836601047400384,0.0023546662335969483,0.8846612771352133,0.0014946749888807723,0.7754062810118773,0.004926489910409192,no_cross_hop_interaction
66.33333333333333,23.27134623427608,Reddit-S,3,4373.16796875,0.0,dataset_summary,35.27384165364007,6.825515862674315,3,0.9674950242042542,0.0029209355987440165,0.9289775544362766,0.004271222466692328,0.9663416147232056,0.0018520998148936116,0.9278794899173354,0.0036850697511483575,no_cross_hop_interaction
71.0,14.89966442575134,Movies,3,3686.0810546875,0.0,dataset_summary,37.29077958889926,4.078096432486524,3,0.5613193511962891,0.004670999690943633,0.4968890070838503,0.007711425085184806,0.5746850570042928,0.002824309477799902,0.5022706995230475,0.004980164420207684,global_filter_only
50.666666666666664,11.55662388223981,Toys,3,3970.7786458333335,0.9492540252647532,dataset_summary,33.80077458079904,4.023882511025624,3,0.801642894744873,0.005747935309013987,0.7718543883717232,0.007353148612295093,0.8040589491526285,0.0017533749878841196,0.7744727914914098,0.0022552239174622214,global_filter_only
98.66666666666667,17.21110752456745,Grocery,3,3606.53515625,0.0,dataset_summary,49.07846597543297,5.4151987991156085,3,0.8281112710634867,0.001242376702505127,0.7543862057873508,0.010661299526821313,0.8370912671089172,0.0004977009705630632,0.7700454413017733,0.012892206324715785,global_filter_only
115.66666666666667,3.0912061651652345,ele-fashion,3,17540.55712890625,0.0,dataset_summary,181.81186222929196,4.582286315032165,3,0.8813160459200541,0.0009631327298003583,0.7678629844448852,0.003924108311928941,0.8814224004745483,0.0007759629987592549,0.7604047195605689,0.00563677797015019,global_filter_only
50.333333333333336,11.953614051360738,Reddit-S,3,4370.9443359375,0.0,dataset_summary,32.84178545232862,3.808937858028524,3,0.9664464791615804,0.002585488858925363,0.9276358650335099,0.002574147243354288,0.9656076431274414,0.0017101313026336234,0.9264957465511489,0.0030923537925181977,global_filter_only
57.666666666666664,6.599663291074443,Movies,3,3688.1875,0.0,dataset_summary,34.25802203034982,2.4792403812288937,3,0.5618190765380859,0.002617858421203453,0.5006356110086603,0.008939131257977342,0.5741851528485616,0.0029523781087846053,0.5017043479414147,0.006882003908226057,no_formation_conditioning
40.0,2.160246899469287,Toys,3,3972.7060546875,0.0,dataset_summary,32.04707149066962,0.9543966581095512,3,0.7986631194750468,0.003713340812851053,0.7665462760505937,0.004493270192769925,0.8034952084223429,0.0014806209495834847,0.771334678611982,0.0006534497311824255,no_formation_conditioning
76.33333333333333,12.364824660660938,Grocery,3,3608.6923828125,0.0,dataset_summary,42.8170342016189,4.060071745227682,3,0.8285017013549805,0.002556516498775421,0.7534973218892423,0.012123958534288388,0.8373841047286987,0.0012269168599014092,0.7654263395330122,0.01495361126769066,no_formation_conditioning
119.66666666666667,1.699673171197595,ele-fashion,3,17552.90380859375,0.0,dataset_summary,192.95708186202683,3.6849681647644132,3,0.8822252551714579,0.0006447058077893176,0.7734091044048153,0.0028841682995038075,0.881661057472229,0.0009485202633303778,0.7615744233744611,0.0021022641566264834,no_formation_conditioning
51.666666666666664,10.873004286866728,Reddit-S,3,4372.95703125,0.0,dataset_summary,31.926536469953135,4.285623814219586,3,0.9675998687744141,0.0026066656178283932,0.9296345699028938,0.0027277672339186235,0.9658173322677612,0.0017101386117824757,0.9286260914656798,0.004421742394094751,no_formation_conditioning
