better_count_test_acc,better_count_test_macro_f1,better_count_val_acc,better_count_val_macro_f1,comparison,dataset,dataset_count,delta_test_acc,delta_test_acc_mean,delta_test_acc_population_std,delta_test_macro_f1,delta_test_macro_f1_mean,delta_test_macro_f1_population_std,delta_val_acc,delta_val_acc_mean,delta_val_acc_population_std,delta_val_macro_f1,delta_val_macro_f1_mean,delta_val_macro_f1_population_std,row_type,run_count,seed,seed_count,tie_count_test_acc,tie_count_test_macro_f1,tie_count_val_acc,tie_count_val_macro_f1,variant,worse_count_test_acc,worse_count_test_macro_f1,worse_count_val_acc,worse_count_val_macro_f1
,,,,no_relation_modulation-Full,Movies,,-0.005997002124786377,,,0.014171490416593213,,,-0.0020995736122131348,,,0.03216698457611755,,,paired_run,,42,,,,,,no_relation_modulation,,,,
,,,,no_relation_modulation-Full,Movies,,-0.01289355754852295,,,-0.027445224464138662,,,-0.0035992860794067383,,,-0.007197191307485085,,,paired_run,,43,,,,,,no_relation_modulation,,,,
,,,,no_relation_modulation-Full,Movies,,0.0,,,-0.0008045275677788233,,,-0.0011997818946838379,,,-0.002826572586815179,,,paired_run,,44,,,,,,no_relation_modulation,,,,
,,,,no_relation_modulation-Full,Movies,,,-0.006296853224436442,0.005268041354921156,,-0.0046927538717747574,0.017210974545511105,,-0.0022995471954345703,0.0009897464855929835,,0.0073810735606057625,0.01761687856672343,paired_dataset_summary,,,3,,,,,no_relation_modulation,,,,
,,,,no_relation_modulation-Full,Toys,,0.0012080073356628418,,,0.00952932337098411,,,0.0012080073356628418,,,0.007322590905689763,,,paired_run,,42,,,,,,no_relation_modulation,,,,
,,,,no_relation_modulation-Full,Toys,,-0.002657651901245117,,,0.003949226868582345,,,-0.0012080073356628418,,,0.007034342250504033,,,paired_run,,43,,,,,,no_relation_modulation,,,,
,,,,no_relation_modulation-Full,Toys,,-0.0024160146713256836,,,0.007995711146975837,,,0.0014496445655822754,,,0.008085098250824485,,,paired_run,,44,,,,,,no_relation_modulation,,,,
,,,,no_relation_modulation-Full,Toys,,,-0.0012885530789693196,0.0017680889053159471,,0.007158087128847431,0.002353802560516109,,0.0004832148551940918,0.001199936529392556,,0.00748067713567276,0.00044329484930840046,paired_dataset_summary,,,3,,,,,no_relation_modulation,,,,
,,,,no_relation_modulation-Full,Grocery,,-0.0008785128593444824,,,-0.01737734627458043,,,-0.0029282569885253906,,,-0.021525171721898606,,,paired_run,,42,,,,,,no_relation_modulation,,,,
,,,,no_relation_modulation-Full,Grocery,,-0.0026354193687438965,,,-0.0009002135210632867,,,0.0011712908744812012,,,0.009660040827376148,,,paired_run,,43,,,,,,no_relation_modulation,,,,
,,,,no_relation_modulation-Full,Grocery,,0.0032210946083068848,,,0.003339423067476588,,,0.0005856752395629883,,,0.013729568876139742,,,paired_run,,44,,,,,,no_relation_modulation,,,,
,,,,no_relation_modulation-Full,Grocery,,,-9.761253992716472e-05,0.0024538463647231245,,-0.004979378909389043,0.008935913521365513,,-0.0003904302914937337,0.0018103700682623102,,0.0006214793272057614,0.015747928523100325,paired_dataset_summary,,,3,,,,,no_relation_modulation,,,,
,,,,no_relation_modulation-Full,ele-fashion,,-0.0009205341339111328,,,-0.0032086043848599255,,,0.0006136894226074219,,,0.00760881146241188,,,paired_run,,42,,,,,,no_relation_modulation,,,,
,,,,no_relation_modulation-Full,ele-fashion,,-0.0009546875953674316,,,-0.007190243737487778,,,0.00030684471130371094,,,-0.003080987461179463,,,paired_run,,43,,,,,,no_relation_modulation,,,,
,,,,no_relation_modulation-Full,ele-fashion,,0.0033413171768188477,,,0.008468672831559054,,,0.0018410086631774902,,,0.006910419036095461,,,paired_run,,44,,,,,,no_relation_modulation,,,,
,,,,no_relation_modulation-Full,ele-fashion,,,0.0004886984825134277,0.0020171542125905877,,-0.0006433917635962164,0.006645081081687934,,0.0009205142656962076,0.0006628327446445729,,0.0038127476791092927,0.004882938059107655,paired_dataset_summary,,,3,,,,,no_relation_modulation,,,,
,,,,no_relation_modulation-Full,Reddit-S,,-0.00031453371047973633,,,-0.00070876955783028,,,0.0,,,-9.595650664595556e-05,,,paired_run,,42,,,,,,no_relation_modulation,,,,
,,,,no_relation_modulation-Full,Reddit-S,,0.000629127025604248,,,0.004005169894874094,,,-0.000629127025604248,,,0.003020855745069939,,,paired_run,,43,,,,,,no_relation_modulation,,,,
,,,,no_relation_modulation-Full,Reddit-S,,0.000629127025604248,,,-0.001855161242959369,,,-0.0009436607360839844,,,-0.0026744974477725947,,,paired_run,,44,,,,,,no_relation_modulation,,,,
,,,,no_relation_modulation-Full,Reddit-S,,,0.0003145734469095866,0.00044484593708298285,,0.00048041303136148183,0.0025359398894154585,,-0.0005242625872294108,0.0003923190105287569,,8.346726355046297e-05,0.0023285770568867493,paired_dataset_summary,,,3,,,,,no_relation_modulation,,,,
5,7,7,9,no_relation_modulation-Full,,5,,-0.0013759493827819826,0.002537394605329998,,-0.0005354048769102208,0.004410574164427253,,-0.00036210219065348307,0.001108192898746926,,0.003875888993228808,0.0031704399719556767,paired_all_dataset_summary,15,,,1,0,1,0,no_relation_modulation,9,8,7,6
,,,,fixed_semantic_reference-Full,Movies,,0.00029981136322021484,,,-0.0037351639808375636,,,-0.0032993555068969727,,,-0.0021281533511732786,,,paired_run,,42,,,,,,fixed_semantic_reference,,,,
,,,,fixed_semantic_reference-Full,Movies,,-0.007796108722686768,,,-0.002312246346521496,,,-0.0023995041847229004,,,-0.00554180979858121,,,paired_run,,43,,,,,,fixed_semantic_reference,,,,
,,,,fixed_semantic_reference-Full,Movies,,-0.003598153591156006,,,-0.009491143984372286,,,0.0002999305725097656,,,0.004552734929924918,,,paired_run,,44,,,,,,fixed_semantic_reference,,,,
,,,,fixed_semantic_reference-Full,Movies,,,-0.003698150316874186,0.0033059017950945245,,-0.005179518103910448,0.0031036281938309064,,-0.0017996430397033691,0.001529398599740192,,-0.0010390760732765236,0.004192415795765489,paired_dataset_summary,,,3,,,,,fixed_semantic_reference,,,,
,,,,fixed_semantic_reference-Full,Toys,,0.0028992295265197754,,,0.00967934863556208,,,0.00072479248046875,,,0.005394140469821118,,,paired_run,,42,,,,,,fixed_semantic_reference,,,,
,,,,fixed_semantic_reference-Full,Toys,,-0.0007248520851135254,,,0.0010459942154764645,,,0.0007248520851135254,,,0.005218210492257458,,,paired_run,,43,,,,,,fixed_semantic_reference,,,,
,,,,fixed_semantic_reference-Full,Toys,,-0.002657651901245117,,,0.003988290586145027,,,-0.0019327998161315918,,,0.0002116305058827983,,,paired_run,,44,,,,,,fixed_semantic_reference,,,,
,,,,fixed_semantic_reference-Full,Toys,,,-0.00016109148661295572,0.002303345727396836,,0.00490454447906119,0.0035836055431102696,,-0.00016105175018310547,0.0012528150722226404,,0.0036079938226537913,0.002402665280319911,paired_dataset_summary,,,3,,,,,fixed_semantic_reference,,,,
,,,,fixed_semantic_reference-Full,Grocery,,-0.007027864456176758,,,-0.0063120623829664435,,,-0.004099547863006592,,,-0.006077404249302143,,,paired_run,,42,,,,,,fixed_semantic_reference,,,,
,,,,fixed_semantic_reference-Full,Grocery,,-0.008491933345794678,,,-0.008191653076592531,,,-0.0008785128593444824,,,0.005819313901200052,,,paired_run,,43,,,,,,fixed_semantic_reference,,,,
,,,,fixed_semantic_reference-Full,Grocery,,0.0011712908744812012,,,0.004227769612093812,,,0.0005856752395629883,,,0.011792718236937061,,,paired_run,,44,,,,,,fixed_semantic_reference,,,,
,,,,fixed_semantic_reference-Full,Grocery,,,-0.004782835642496745,0.004252418242484442,,-0.0034253152824883872,0.005465680597855015,,-0.0014641284942626953,0.0019570450742736997,,0.00384487596294499,0.007427836082256782,paired_dataset_summary,,,3,,,,,fixed_semantic_reference,,,,
,,,,fixed_semantic_reference-Full,ele-fashion,,0.0010228753089904785,,,0.015640822768967055,,,0.0010228157043457031,,,0.017611545421088448,,,paired_run,,42,,,,,,fixed_semantic_reference,,,,
,,,,fixed_semantic_reference-Full,ele-fashion,,0.0017388463020324707,,,0.0019392165011296036,,,0.001329660415649414,,,0.0023036680665267095,,,paired_run,,43,,,,,,fixed_semantic_reference,,,,
,,,,fixed_semantic_reference-Full,ele-fashion,,0.001841127872467041,,,0.008257784920722044,,,0.001125037670135498,,,0.006461278940649295,,,paired_run,,44,,,,,,fixed_semantic_reference,,,,
,,,,fixed_semantic_reference-Full,ele-fashion,,,0.00153428316116333,0.0003640227770901865,,0.008612608063606234,0.005599281392985788,,0.0011591712633768718,0.0001275728441700142,,0.008792164142754818,0.0064631027968833415,paired_dataset_summary,,,3,,,,,fixed_semantic_reference,,,,
,,,,fixed_semantic_reference-Full,Reddit-S,,-0.000629127025604248,,,-0.001308250732084626,,,0.0003145933151245117,,,0.0008333124342774223,,,paired_run,,42,,,,,,fixed_semantic_reference,,,,
,,,,fixed_semantic_reference-Full,Reddit-S,,0.00031453371047973633,,,0.0009305267479042811,,,-0.00031453371047973633,,,0.00029520565277574295,,,paired_run,,43,,,,,,fixed_semantic_reference,,,,
,,,,fixed_semantic_reference-Full,Reddit-S,,0.001258254051208496,,,0.002949545098769213,,,-0.0009436607360839844,,,-0.0015581358722216443,,,paired_run,,44,,,,,,fixed_semantic_reference,,,,
,,,,fixed_semantic_reference-Full,Reddit-S,,,0.00031455357869466144,0.0007705200981907255,,0.0008572737048629561,0.0017390094576214346,,-0.00031453371047973633,0.0005136800653750984,,-0.000143205928389493,0.0010243403687379064,paired_dataset_summary,,,3,,,,,fixed_semantic_reference,,,,
8,9,8,11,fixed_semantic_reference-Full,,5,,-0.001358648141225179,0.002441357324547919,,0.001153918572226309,0.005116034492181904,,-0.0005160371462504069,0.0010506629122242143,,0.003012550385337517,0.0034878569010462343,paired_all_dataset_summary,15,,,0,0,0,0,fixed_semantic_reference,7,6,7,4
,,,,last_context_only-Full,Movies,,-0.0035982131958007812,,,0.019830456378026773,,,0.002999424934387207,,,0.02378023862130474,,,paired_run,,42,,,,,,last_context_only,,,,
,,,,last_context_only-Full,Movies,,-0.006896555423736572,,,-0.017655493520970733,,,-0.0011997222900390625,,,0.0011706265030120289,,,paired_run,,43,,,,,,last_context_only,,,,
,,,,last_context_only-Full,Movies,,0.0014992952346801758,,,0.00904064419802797,,,0.0014997124671936035,,,0.006315249279885915,,,paired_run,,44,,,,,,last_context_only,,,,
,,,,last_context_only-Full,Movies,,,-0.002998491128285726,0.0034537252340342724,,0.003738535685028003,0.015756128457846866,,0.0010998050371805828,0.0017374605640678438,,0.010422038134734227,0.009676360405946095,paired_dataset_summary,,,3,,,,,last_context_only,,,,
,,,,last_context_only-Full,Toys,,-0.002657651901245117,,,-0.006174945219805994,,,0.0009664297103881836,,,-0.0022910605357306935,,,paired_run,,42,,,,,,last_context_only,,,,
,,,,last_context_only-Full,Toys,,-0.0009664297103881836,,,0.0070769270160907505,,,0.0002416372299194336,,,0.008992738401572886,,,paired_run,,43,,,,,,last_context_only,,,,
,,,,last_context_only-Full,Toys,,0.0009664297103881836,,,-0.0002962030538657956,,,0.0012080073356628418,,,-0.002724312450827493,,,paired_run,,44,,,,,,last_context_only,,,,
,,,,last_context_only-Full,Toys,,,-0.0008858839670817057,0.0014806209495834847,,0.00020192624747298696,0.005421508341152054,,0.000805358091990153,0.00041063028383908563,,0.0013257884716715667,0.005424236826577182,paired_dataset_summary,,,3,,,,,last_context_only,,,,
,,,,last_context_only-Full,Grocery,,0.0023425817489624023,,,-0.002680403395393327,,,0.0026354193687438965,,,-0.0014751228205431843,,,paired_run,,42,,,,,,last_context_only,,,,
,,,,last_context_only-Full,Grocery,,-0.005563676357269287,,,-0.0014638290063372361,,,-0.006735026836395264,,,0.004929154815521253,,,paired_run,,43,,,,,,last_context_only,,,,
,,,,last_context_only-Full,Grocery,,-0.0023425817489624023,,,-0.01099265198699051,,,-0.0026354193687438965,,,0.021747795625953636,,,paired_run,,44,,,,,,last_context_only,,,,
,,,,last_context_only-Full,Grocery,,,-0.001854558785756429,0.0032461109161631995,,-0.005045628129573691,0.004234409276513897,,-0.002245008945465088,0.0038354166001279247,,0.008400609206977236,0.009793338960304595,paired_dataset_summary,,,3,,,,,last_context_only,,,,
,,,,last_context_only-Full,ele-fashion,,-0.0017729401588439941,,,0.009047146140016449,,,-0.001329660415649414,,,0.01605333938128317,,,paired_run,,42,,,,,,last_context_only,,,,
,,,,last_context_only-Full,ele-fashion,,-0.004875540733337402,,,-0.013358147639991547,,,-0.005216360092163086,,,-0.01734054244333061,,,paired_run,,43,,,,,,last_context_only,,,,
,,,,last_context_only-Full,ele-fashion,,-0.00831913948059082,,,-0.025651886583114902,,,-0.007977902889251709,,,-0.024332268363598808,,,paired_run,,44,,,,,,last_context_only,,,,
,,,,last_context_only-Full,ele-fashion,,,-0.004989206790924072,0.0026736830240319718,,-0.00998762936103,0.01436491125583089,,-0.004841307799021403,0.0027270594864426795,,-0.008539823808548749,0.017622690195641062,paired_dataset_summary,,,3,,,,,last_context_only,,,,
,,,,last_context_only-Full,Reddit-S,,-0.013840794563293457,,,-0.02670084250873228,,,-0.009122312068939209,,,-0.017324585276776716,,,paired_run,,42,,,,,,last_context_only,,,,
,,,,last_context_only-Full,Reddit-S,,-0.003460228443145752,,,-0.0015961107469418812,,,-0.0037747621536254883,,,-0.0017071290332523192,,,paired_run,,43,,,,,,last_context_only,,,,
,,,,last_context_only-Full,Reddit-S,,-0.002516508102416992,,,0.0017457003952332517,,,-0.0037747621536254883,,,0.0032060801103153125,,,paired_run,,44,,,,,,last_context_only,,,,
,,,,last_context_only-Full,Reddit-S,,,-0.006605843702952067,0.005130369543807559,,-0.00885041762014697,0.012695673198765026,,-0.0055572787920633955,0.0025208592052345866,,-0.005275211399904574,0.008753112366109012,paired_dataset_summary,,,3,,,,,last_context_only,,,,
3,5,6,8,last_context_only-Full,,5,,-0.0034667968750000003,0.002080917120274256,,-0.003988642635649934,0.005253799928228821,,-0.0021476864814758303,0.002762501062637731,,0.0012666801209859412,0.007398390126940548,paired_all_dataset_summary,15,,,0,0,0,0,last_context_only,12,10,9,7
,,,,no_context_change-Full,Movies,,0.004197895526885986,,,0.00857789579007534,,,0.0014997124671936035,,,0.00897825306843969,,,paired_run,,42,,,,,,no_context_change,,,,
,,,,no_context_change-Full,Movies,,-0.003898024559020996,,,-0.002140381961154403,,,-0.003899216651916504,,,-0.005291026713594382,,,paired_run,,43,,,,,,no_context_change,,,,
,,,,no_context_change-Full,Movies,,-0.006296813488006592,,,0.004244241350347788,,,0.0032993555068969727,,,0.01650746311625584,,,paired_run,,44,,,,,,no_context_change,,,,
,,,,no_context_change-Full,Movies,,,-0.0019989808400472007,0.004489952086733759,,0.003560585059756242,0.004402340962932916,,0.00029995044072469074,0.0030588049923163047,,0.006731563157033715,0.009039883899845577,paired_dataset_summary,,,3,,,,,no_context_change,,,,
,,,,no_context_change-Full,Toys,,-0.005073666572570801,,,0.009399382772362741,,,0.00072479248046875,,,0.011200828837711452,,,paired_run,,42,,,,,,no_context_change,,,,
,,,,no_context_change-Full,Toys,,0.00072479248046875,,,0.0063759801235777624,,,-0.0031408071517944336,,,0.005470842123339592,,,paired_run,,43,,,,,,no_context_change,,,,
,,,,no_context_change-Full,Toys,,-0.0002415776252746582,,,-0.0020758684078425738,,,0.0028992891311645508,,,0.000406366205227604,,,paired_run,,44,,,,,,no_context_change,,,,
,,,,no_context_change-Full,Toys,,,-0.001530150572458903,0.0025365129643673415,,0.00456649816269931,0.004856337175091207,,0.00016109148661295572,0.002497867074753878,,0.005692679055426216,0.004409611819601263,paired_dataset_summary,,,3,,,,,no_context_change,,,,
,,,,no_context_change-Full,Grocery,,0.000878453254699707,,,-0.0014282972634692692,,,-0.0032210946083068848,,,-0.002757065096512523,,,paired_run,,42,,,,,,no_context_change,,,,
,,,,no_context_change-Full,Grocery,,-0.00029283761978149414,,,-0.0034702611845288667,,,0.0032210946083068848,,,0.008862424659758505,,,paired_run,,43,,,,,,no_context_change,,,,
,,,,no_context_change-Full,Grocery,,0.0029282569885253906,,,0.0018550538450741172,,,0.0014641284942626953,,,0.01351859683427692,,,paired_run,,44,,,,,,no_context_change,,,,
,,,,no_context_change-Full,Grocery,,,0.0011712908744812012,0.0013312094807818914,,-0.0010145015343080062,0.002193652239262631,,0.00048804283142089844,0.0027190694353727792,,0.0065413187991743005,0.006844216153481514,paired_dataset_summary,,,3,,,,,no_context_change,,,,
,,,,no_context_change-Full,ele-fashion,,-0.0015001893043518066,,,-0.00334126694042014,,,-0.00030684471130371094,,,-0.0019372630391741863,,,paired_run,,42,,,,,,no_context_change,,,,
,,,,no_context_change-Full,ele-fashion,,0.0013637542724609375,,,0.007033749135087253,,,-0.00030684471130371094,,,0.006293166787021742,,,paired_run,,43,,,,,,no_context_change,,,,
,,,,no_context_change-Full,ele-fashion,,0.0013638138771057129,,,0.001601478722612737,,,0.0007159709930419922,,,0.0004574836790620651,,,paired_run,,44,,,,,,no_context_change,,,,
,,,,no_context_change-Full,ele-fashion,,,0.00040912628173828125,0.0013500899985687573,,0.0017646536390932832,0.004237153854636036,,3.409385681152344e-05,0.0004821599469646277,,0.0016044624756365404,0.0034565555158112206,paired_dataset_summary,,,3,,,,,no_context_change,,,,
,,,,no_context_change-Full,Reddit-S,,-0.0009436607360839844,,,-0.0019000488115680225,,,0.000629127025604248,,,0.002235528149331145,,,paired_run,,42,,,,,,no_context_change,,,,
,,,,no_context_change-Full,Reddit-S,,0.0,,,0.002655203802325423,,,-0.0009436607360839844,,,0.0009738452769689765,,,paired_run,,43,,,,,,no_context_change,,,,
,,,,no_context_change-Full,Reddit-S,,0.0009436607360839844,,,-0.000885812145212439,,,-0.001258254051208496,,,-0.0010664563905428137,,,paired_run,,44,,,,,,no_context_change,,,,
,,,,no_context_change-Full,Reddit-S,,,0.0,0.0007704957645683144,,-4.355238481834611e-05,0.0019527131078032778,,-0.0005242625872294108,0.0008256201457993827,,0.0007143056785857693,0.0013604646455625243,paired_dataset_summary,,,3,,,,,no_context_change,,,,
7,8,8,11,no_context_change-Full,,5,,-0.0003897428512573243,0.0011930711923261834,,0.0017667365884844967,0.002100904243964878,,9.178320566813152e-05,0.0003429283909152473,,0.004256865833171308,0.002568633404272882,paired_all_dataset_summary,15,,,1,0,0,0,no_context_change,7,7,7,4
,,,,no_cross_hop_interaction-Full,Movies,,0.0017990469932556152,,,0.014491054254957392,,,0.002999424934387207,,,0.024108627772026603,,,paired_run,,42,,,,,,no_cross_hop_interaction,,,,
,,,,no_cross_hop_interaction-Full,Movies,,-0.008695662021636963,,,-0.019288204811461873,,,0.0005999207496643066,,,-0.0037552449941131716,,,paired_run,,43,,,,,,no_cross_hop_interaction,,,,
,,,,no_cross_hop_interaction-Full,Movies,,-0.009295344352722168,,,0.0020488373445710084,,,0.0035992860794067383,,,0.014079991323535879,,,paired_run,,44,,,,,,no_cross_hop_interaction,,,,
,,,,no_cross_hop_interaction-Full,Movies,,,-0.005397319793701172,0.00509448564128346,,-0.0009161044039778243,0.013948781200001738,,0.0023995439211527505,0.0012958757702405041,,0.01147779136714977,0.011523235507491472,paired_dataset_summary,,,3,,,,,no_cross_hop_interaction,,,,
,,,,no_cross_hop_interaction-Full,Toys,,0.0012080073356628418,,,0.00661255403382166,,,0.0016912221908569336,,,0.00546844036811267,,,paired_run,,42,,,,,,no_cross_hop_interaction,,,,
,,,,no_cross_hop_interaction-Full,Toys,,0.0014495849609375,,,0.009874287742755894,,,0.0,,,0.007342048615300967,,,paired_run,,43,,,,,,no_cross_hop_interaction,,,,
,,,,no_cross_hop_interaction-Full,Toys,,0.0016912221908569336,,,0.0061397402069443,,,0.0007248520851135254,,,0.006721875376254682,,,paired_run,,44,,,,,,no_cross_hop_interaction,,,,
,,,,no_cross_hop_interaction-Full,Toys,,,0.001449604829152425,0.00019727163905998795,,0.007542193994507285,0.0016602979986911565,,0.000805358091990153,0.0006927813688647361,,0.0065107881198894395,0.0007793246385312753,paired_dataset_summary,,,3,,,,,no_cross_hop_interaction,,,,
,,,,no_cross_hop_interaction-Full,Grocery,,-0.004978060722351074,,,-0.00603911395024348,,,-0.0017569661140441895,,,0.0060011483461338555,,,paired_run,,42,,,,,,no_cross_hop_interaction,,,,
,,,,no_cross_hop_interaction-Full,Grocery,,0.0020498037338256836,,,-0.003415855382364774,,,-0.00029283761978149414,,,0.00333694567853704,,,paired_run,,43,,,,,,no_cross_hop_interaction,,,,
,,,,no_cross_hop_interaction-Full,Grocery,,0.0020498037338256836,,,0.008858497089658801,,,0.0032210946083068848,,,0.02187358989226329,,,paired_run,,44,,,,,,no_cross_hop_interaction,,,,
,,,,no_cross_hop_interaction-Full,Grocery,,,-0.00029281775156656903,0.003312967076148329,,-0.00019882408098315096,0.006493415714891839,,0.0003904302914937337,0.002088925308667503,,0.010403894638978062,0.008182905998316767,paired_dataset_summary,,,3,,,,,no_cross_hop_interaction,,,,
,,,,no_cross_hop_interaction-Full,ele-fashion,,0.004295945167541504,,,0.014290061290321954,,,0.0032729506492614746,,,0.015211278574358666,,,paired_run,,42,,,,,,no_cross_hop_interaction,,,,
,,,,no_cross_hop_interaction-Full,ele-fashion,,0.002147972583770752,,,0.013392283885186651,,,0.001636505126953125,,,0.017695639574847544,,,paired_run,,43,,,,,,no_cross_hop_interaction,,,,
,,,,no_cross_hop_interaction-Full,ele-fashion,,0.004295945167541504,,,0.014851614032175497,,,0.004091203212738037,,,0.007864375039160598,,,paired_run,,44,,,,,,no_cross_hop_interaction,,,,
,,,,no_cross_hop_interaction-Full,ele-fashion,,,0.0035799543062845864,0.0010125639865247256,,0.014177986402561368,0.0006010167523053651,,0.0030002196629842124,0.0010205136994820645,,0.013590431062788936,0.004174030872309188,paired_dataset_summary,,,3,,,,,no_cross_hop_interaction,,,,
,,,,no_cross_hop_interaction-Full,Reddit-S,,-0.0018873810768127441,,,-0.0015069787387524958,,,-0.00031453371047973633,,,-0.0012493154202328771,,,paired_run,,42,,,,,,no_cross_hop_interaction,,,,
,,,,no_cross_hop_interaction-Full,Reddit-S,,0.0018873810768127441,,,0.004748650896106099,,,0.0,,,-0.0009391597717687272,,,paired_run,,43,,,,,,no_cross_hop_interaction,,,,
,,,,no_cross_hop_interaction-Full,Reddit-S,,0.000629127025604248,,,-0.0007629710896576158,,,-0.001258254051208496,,,0.0003498144624094479,,,paired_run,,44,,,,,,no_cross_hop_interaction,,,,
,,,,no_cross_hop_interaction-Full,Reddit-S,,,0.00020970900853474936,0.001569318521714169,,0.0008262336892319958,0.0027901498650388483,,-0.0005242625872294108,0.0005346590599953447,,-0.0006128869098640521,0.0006924086369100809,paired_dataset_summary,,,3,,,,,no_cross_hop_interaction,,,,
11,10,9,12,no_cross_hop_interaction-Full,,5,,-9.017388025919601e-05,0.002971112633736869,,0.004286297120267935,0.005789640991793863,,0.0012142578760782877,0.0013009924547687296,,0.00827400365578843,0.005003015982896061,paired_all_dataset_summary,15,,,0,0,2,0,no_cross_hop_interaction,4,5,4,3
,,,,global_filter_only-Full,Movies,,0.0,,,0.0003488181730611495,,,0.0011997818946838379,,,0.014832209935824181,,,paired_run,,42,,,,,,global_filter_only,,,,
,,,,global_filter_only-Full,Movies,,-0.004797577857971191,,,-0.014822755336969085,,,0.0,,,-0.009265558556360687,,,paired_run,,43,,,,,,global_filter_only,,,,
,,,,global_filter_only-Full,Movies,,-0.008395791053771973,,,0.0018574492449637825,,,0.0002999305725097656,,,0.004378296453297792,,,paired_run,,44,,,,,,global_filter_only,,,,
,,,,global_filter_only-Full,Movies,,,-0.004397789637247722,0.0034392053171938136,,-0.004205495972981384,0.007532756876001238,,0.0004999041557312012,0.0005098112227041171,,0.0033149826109204286,0.009866562684855617,paired_dataset_summary,,,3,,,,,global_filter_only,,,,
,,,,global_filter_only-Full,Toys,,0.0,,,0.00545202155580049,,,0.0004832148551940918,,,0.00308364616009571,,,paired_run,,42,,,,,,global_filter_only,,,,
,,,,global_filter_only-Full,Toys,,0.0004831552505493164,,,0.009386271887741882,,,-0.0016912221908569336,,,0.007323068244119879,,,paired_run,,43,,,,,,global_filter_only,,,,
,,,,global_filter_only-Full,Toys,,0.0,,,0.0027549643817694758,,,-0.00072479248046875,,,0.0004953208040842094,,,paired_run,,44,,,,,,global_filter_only,,,,
,,,,global_filter_only-Full,Toys,,,0.00016105175018310547,0.00022776156935287134,,0.005864419275103949,0.002722880058425455,,-0.0006442666053771973,0.000889534495950634,,0.0036340117360999327,0.0028144520457413203,paired_dataset_summary,,,3,,,,,global_filter_only,,,,
,,,,global_filter_only-Full,Grocery,,-0.005856513977050781,,,-0.002021723435663536,,,-0.0029282569885253906,,,0.002723706313386809,,,paired_run,,42,,,,,,global_filter_only,,,,
,,,,global_filter_only-Full,Grocery,,0.0011712908744812012,,,0.0034075102529914636,,,-0.0005856752395629883,,,0.0094621718101352,,,paired_run,,43,,,,,,global_filter_only,,,,
,,,,global_filter_only-Full,Grocery,,-0.00029283761978149414,,,0.00016722416791981054,,,0.00029283761978149414,,,0.009868090610297364,,,paired_run,,44,,,,,,global_filter_only,,,,
,,,,global_filter_only-Full,Grocery,,,-0.0016593535741170247,0.0030274339682195414,,0.0005176703284159127,0.0022302845849893147,,-0.0010736982027689617,0.001359531151629898,,0.007351322911273124,0.00327641257585752,paired_dataset_summary,,,3,,,,,global_filter_only,,,,
,,,,global_filter_only-Full,ele-fashion,,-0.0013979077339172363,,,-0.004299086882462055,,,-0.00030684471130371094,,,-0.0025264610363479045,,,paired_run,,42,,,,,,global_filter_only,,,,
,,,,global_filter_only-Full,ele-fashion,,-0.0003409385681152344,,,-0.0011781355794031612,,,-0.00030684471130371094,,,0.0012914271340446204,,,paired_run,,43,,,,,,global_filter_only,,,,
,,,,global_filter_only-Full,ele-fashion,,0.0008182525634765625,,,0.0006198207840893977,,,-0.00010228157043457031,,,-0.002998357263255258,,,paired_run,,44,,,,,,global_filter_only,,,,
,,,,global_filter_only-Full,ele-fashion,,,-0.00030686457951863605,0.0009050644151883347,,-0.0016191338925919396,0.0020322028757305335,,-0.00023865699768066406,9.643198939292555e-05,,-0.0014111303885195141,0.0019206829313759457,paired_dataset_summary,,,3,,,,,global_filter_only,,,,
,,,,global_filter_only-Full,Reddit-S,,-0.0018873810768127441,,,-0.0019746952054590095,,,-0.0015727877616882324,,,-0.003420462445283823,,,paired_run,,42,,,,,,global_filter_only,,,,
,,,,global_filter_only-Full,Reddit-S,,-0.000629127025604248,,,-9.546227213941272e-05,,,-0.0018873810768127441,,,-0.002190297881045744,,,paired_run,,43,,,,,,global_filter_only,,,,
,,,,global_filter_only-Full,Reddit-S,,0.0,,,0.0005237903369942343,,,-0.00031453371047973633,,,-0.00037913050182203367,,,paired_run,,44,,,,,,global_filter_only,,,,
,,,,global_filter_only-Full,Reddit-S,,,-0.0008388360341389974,0.0007846592608570845,,-0.0005154557135347293,0.0010623569298414668,,-0.001258234182993571,0.0006795440504963033,,-0.0019966302760505337,0.0012491478037709553,paired_dataset_summary,,,3,,,,,global_filter_only,,,,
3,9,4,9,global_filter_only-Full,,5,,-0.001408358414967855,0.0016124757536741308,,8.40080488236181e-06,0.003323628398874873,,-0.0005429903666178385,0.0006298776365211667,,0.0021785113187446875,0.0034780846211033252,paired_all_dataset_summary,15,,,4,0,1,0,global_filter_only,8,6,10,6
,,,,no_formation_conditioning-Full,Movies,,0.0017990469932556152,,,0.015864088415378952,,,0.0005998611450195312,,,0.0177801596628282,,,paired_run,,42,,,,,,no_formation_conditioning,,,,
,,,,no_formation_conditioning-Full,Movies,,-0.007496237754821777,,,-0.013405464102271614,,,-0.004499077796936035,,,-0.01767651744762949,,,paired_run,,43,,,,,,no_formation_conditioning,,,,
,,,,no_formation_conditioning-Full,Movies,,-0.005997002124786377,,,-0.0038353004576217598,,,0.003899216651916504,,,0.00814225087266407,,,paired_run,,44,,,,,,no_formation_conditioning,,,,
,,,,no_formation_conditioning-Full,Movies,,,-0.003898064295450846,0.004074697096760433,,-0.00045889204817147383,0.012185422341372527,,0.0,0.0034547274332798867,,0.0027486310292875924,0.01496913133061862,paired_dataset_summary,,,3,,,,,no_formation_conditioning,,,,
,,,,no_formation_conditioning-Full,Toys,,-0.0004832148551940918,,,0.004623843104310188,,,-0.00072479248046875,,,0.0038928636224729862,,,paired_run,,42,,,,,,no_formation_conditioning,,,,
,,,,no_formation_conditioning-Full,Toys,,-0.005556941032409668,,,-0.0016694947936358728,,,-0.0016912221908569336,,,0.0019713010116725327,,,paired_run,,43,,,,,,no_formation_conditioning,,,,
,,,,no_formation_conditioning-Full,Toys,,-0.0024160146713256836,,,-0.001285427448750931,,,-0.0012080073356628418,,,-0.004376468064128947,,,paired_run,,44,,,,,,no_formation_conditioning,,,,
,,,,no_formation_conditioning-Full,Toys,,,-0.002818723519643148,0.0020908220301635,,0.0005563069539744614,0.002880453052567452,,-0.0012080073356628418,0.00039454327711946216,,0.0004958988566721908,0.0035334657467321826,paired_dataset_summary,,,3,,,,,no_formation_conditioning,,,,
,,,,no_formation_conditioning-Full,Grocery,,-0.005270898342132568,,,-0.004434942752269411,,,-0.0020498037338256836,,,-0.00023055770559399225,,,paired_run,,42,,,,,,no_formation_conditioning,,,,
,,,,no_formation_conditioning-Full,Grocery,,-0.0011712908744812012,,,0.001260183056633668,,,0.00029283761978149414,,,-0.004094794711939298,,,paired_run,,43,,,,,,no_formation_conditioning,,,,
,,,,no_formation_conditioning-Full,Grocery,,0.0026354193687438965,,,0.0020611189865581414,,,-0.0005856156349182129,,,0.01252201584506929,,,paired_run,,44,,,,,,no_formation_conditioning,,,,
,,,,no_formation_conditioning-Full,Grocery,,,-0.001268923282623291,0.0032284788989728514,,-0.0003712135696925338,0.0028920345483132567,,-0.0007808605829874674,0.0009662927679944423,,0.002732221142512,0.007099912776411,paired_dataset_summary,,,3,,,,,no_formation_conditioning,,,,
,,,,no_formation_conditioning-Full,ele-fashion,,-0.0004432201385498047,,,0.009413114120985,,,-0.00010228157043457031,,,0.009339202889396603,,,paired_run,,42,,,,,,no_formation_conditioning,,,,
,,,,no_formation_conditioning-Full,ele-fashion,,0.0011932849884033203,,,0.004701947951916807,,,-0.00030684471130371094,,,-0.004883843301673796,,,paired_run,,43,,,,,,no_formation_conditioning,,,,
,,,,no_formation_conditioning-Full,ele-fashion,,0.001056969165802002,,,-0.002334103870887394,,,0.00040912628173828125,,,-0.005179639311604589,,,paired_run,,44,,,,,,no_formation_conditioning,,,,
,,,,no_formation_conditioning-Full,ele-fashion,,,0.0006023446718851725,0.0007414174849515469,,0.003926986067338138,0.0048269871264972255,,0.0,0.0003011087903701978,,-0.00024142657462726072,0.006775604254237619,paired_dataset_summary,,,3,,,,,no_formation_conditioning,,,,
,,,,no_formation_conditioning-Full,Reddit-S,,-0.000629127025604248,,,-0.00021099672844349104,,,-0.001258254051208496,,,-0.0012677539764969215,,,paired_run,,42,,,,,,no_formation_conditioning,,,,
,,,,no_formation_conditioning-Full,Reddit-S,,0.00031453371047973633,,,0.0019044498796422227,,,-0.001258254051208496,,,0.002404924851484802,,,paired_run,,43,,,,,,no_formation_conditioning,,,,
,,,,no_formation_conditioning-Full,Reddit-S,,0.001258254051208496,,,0.0027562943163488285,,,-0.000629127025604248,,,-0.0007360269595466651,,,paired_run,,44,,,,,,no_formation_conditioning,,,,
,,,,no_formation_conditioning-Full,Reddit-S,,,0.00031455357869466144,0.0007705200981907255,,0.0014832491558491867,0.0012474671868547636,,-0.0010485450426737468,0.00029657332402165766,,0.00013371463848040518,0.0016205925416094599,paired_dataset_summary,,,3,,,,,no_formation_conditioning,,,,
6,8,4,7,no_formation_conditioning-Full,,5,,-0.0014137625694274902,0.0017446153657977798,,0.0010272873118595557,0.0016126072292468646,,-0.0006074825922648112,0.0005144504213372909,,0.0011738078184649855,0.0013002279034718099,paired_all_dataset_summary,15,,,0,0,0,0,no_formation_conditioning,9,7,11,8
