best_epoch,dataset,finite,peak_gpu_memory_mib,row_type,runtime_seconds,seed,test_acc,test_macro_f1,val_acc,val_macro_f1,variant
74,Movies,1,3688.830078125,run,39.91371351387352,42,0.5607196688652039,0.4889466312929421,0.5701859593391418,0.4807370678003672,full
54,Movies,1,3688.830078125,run,32.973015380091965,43,0.5721139311790466,0.5222873705752091,0.5782843232154846,0.5130104653079209,full
53,Movies,1,3688.830078125,run,33.19899218901992,44,0.5643178224563599,0.49204950730234387,0.5740851759910583,0.5031196176280932,full
42,Toys,1,3973.501953125,run,32.25186648406088,42,0.7939115762710571,0.7561097271033822,0.8043005466461182,0.7682087077269331,full
42,Toys,1,3973.501953125,run,33.40656923688948,43,0.8071998357772827,0.7688987134063948,0.80333411693573,0.7685333873101986,full
42,Toys,1,3975.515625,run,32.46457370184362,44,0.80333411693573,0.7729614667800807,0.8064749836921692,0.7757742442287979,full
96,Grocery,1,3609.3505859375,run,48.662718281848356,42,0.8357247710227966,0.759635384152248,0.8398243188858032,0.7854527099841693,full
58,Grocery,1,3609.3505859375,run,36.6913090639282,43,0.826061487197876,0.7366102586488766,0.8383601903915405,0.7531803959463194,full
72,Grocery,1,3609.3505859375,run,39.45070112217218,44,0.8275256156921387,0.76535996357568,0.8363103866577148,0.7494492492410121,full
109,ele-fashion,1,17554.03662109375,run,179.54960239492357,42,0.8817933797836304,0.7674331825031738,0.880945086479187,0.7551155573299364,full
126,ele-fashion,1,17554.03662109375,run,195.86384800099768,43,0.881247878074646,0.7688903811563573,0.8814564943313599,0.7643801197106352,full
107,ele-fashion,1,17554.03662109375,run,176.10984545387328,44,0.8818274736404419,0.7721227913529002,0.8825815916061401,0.7659518728066934,full
95,Reddit-S,1,4373.5703125,run,47.584577462868765,42,0.9653978943824768,0.9260066971337004,0.9647687673568726,0.9337877260554022,full
82,Reddit-S,1,4373.5703125,run,43.03835899895057,43,0.9666562080383301,0.9299787687735112,0.9688581228256226,0.9285116758974963,full
76,Reddit-S,1,4373.5703125,run,41.14267919585109,44,0.9698018431663513,0.9284684963339224,0.9669707417488098,0.9231777285286997,full
58,Movies,1,2626.86865234375,run,28.55009386013262,42,0.5547226667404175,0.5031181217095353,0.5680863857269287,0.5129040523764847,no_relation_modulation
52,Movies,1,2626.86865234375,run,27.183360412018374,43,0.5592203736305237,0.49484214611107047,0.5746850371360779,0.5058132740004359,no_relation_modulation
53,Movies,1,2626.86865234375,run,24.100172283127904,44,0.5643178224563599,0.49124497973456505,0.5728853940963745,0.500293045041278,no_relation_modulation
43,Toys,1,3177.00732421875,run,28.099830453051254,42,0.79511958360672,0.7656390504743663,0.805508553981781,0.7755312986326228,no_relation_modulation
52,Toys,1,3177.00732421875,run,29.09173211804591,43,0.8045421838760376,0.7728479402749772,0.8021261096000671,0.7755677295607026,no_relation_modulation
46,Toys,1,3177.00732421875,run,27.39837711211294,44,0.8009181022644043,0.7809571779270565,0.8079246282577515,0.7838593424796224,no_relation_modulation
58,Grocery,1,2658.345703125,run,29.381769775878638,42,0.8348462581634521,0.7422580378776675,0.8368960618972778,0.7639275382622707,no_relation_modulation
82,Grocery,1,2658.345703125,run,33.73260689410381,43,0.8234260678291321,0.7357100451278134,0.8395314812660217,0.7628404367736955,no_relation_modulation
98,Grocery,1,2658.345703125,run,37.429638921050355,44,0.8307467103004456,0.7686993866431566,0.8368960618972778,0.7631788181171518,no_relation_modulation
144,ele-fashion,1,14592.27734375,run,187.78239844809286,42,0.8808728456497192,0.7642245781183139,0.8815587759017944,0.7627243687923483,no_relation_modulation
102,ele-fashion,1,14592.27734375,run,140.78090179082938,43,0.8802931904792786,0.7617001374188695,0.8817633390426636,0.7612991322494558,no_relation_modulation
165,ele-fashion,1,14592.27734375,run,211.84325137804262,44,0.8851687908172607,0.7805914641844592,0.8844226002693176,0.7728622918427889,no_relation_modulation
94,Reddit-S,1,2590.81591796875,run,38.70519055402838,42,0.9650833606719971,0.9252979275758701,0.9647687673568726,0.9336917695487562,no_relation_modulation
53,Reddit-S,1,2590.81591796875,run,28.79742314387113,43,0.9672853350639343,0.9339839386683852,0.9682289958000183,0.9315325316425662,no_relation_modulation
67,Reddit-S,1,2590.81591796875,run,32.25668904790655,44,0.9704309701919556,0.926613335090963,0.9660270810127258,0.9205032310809271,no_relation_modulation
82,Movies,1,3688.8125,run,39.691538037965074,42,0.5610194802284241,0.4852114673121045,0.5668866038322449,0.4786089144491939,fixed_semantic_reference
47,Movies,1,3688.8125,run,27.627812691032887,43,0.5643178224563599,0.5199751242286876,0.5758848190307617,0.5074686555093397,fixed_semantic_reference
65,Movies,1,3688.8125,run,32.94118856894784,44,0.5607196688652039,0.4825583633179716,0.5743851065635681,0.5076723525580181,fixed_semantic_reference
48,Toys,1,3973.484375,run,32.16250979201868,42,0.7968108057975769,0.7657890757389443,0.8050253391265869,0.7736028481967542,fixed_semantic_reference
49,Toys,1,3973.484375,run,32.15201733983122,43,0.8064749836921692,0.7699447076218713,0.8040589690208435,0.7737515978024561,fixed_semantic_reference
40,Toys,1,3973.484375,run,29.272610265994444,44,0.8006764650344849,0.7769497573662257,0.8045421838760376,0.7759858747346807,fixed_semantic_reference
74,Grocery,1,3609.3330078125,run,38.992913180962205,42,0.8286969065666199,0.7533233217692815,0.8357247710227966,0.7793753057348671,fixed_semantic_reference
53,Grocery,1,3609.3330078125,run,31.561380811035633,43,0.8175695538520813,0.7284186055722841,0.837481677532196,0.7589997098475194,fixed_semantic_reference
108,Grocery,1,3609.3330078125,run,48.438291548984125,44,0.8286969065666199,0.7695877331877738,0.8368960618972778,0.7612419674779491,fixed_semantic_reference
156,ele-fashion,1,17554.01904296875,run,219.94073971104808,42,0.8828162550926208,0.7830740052721409,0.8819679021835327,0.7727271027510249,fixed_semantic_reference
148,ele-fashion,1,17554.01904296875,run,208.01754799182527,43,0.8829867243766785,0.7708295976574869,0.8827861547470093,0.766683787777162,fixed_semantic_reference
136,ele-fashion,1,17554.01904296875,run,196.03373786294833,44,0.8836686015129089,0.7803805762736222,0.8837066292762756,0.7724131517473427,fixed_semantic_reference
97,Reddit-S,1,4373.552734375,run,45.94068077602424,42,0.9647687673568726,0.9246984464016158,0.9650833606719971,0.9346210384896796,fixed_semantic_reference
82,Reddit-S,1,4373.552734375,run,40.612353447126225,43,0.9669707417488098,0.9309092955214154,0.9685435891151428,0.928806881550272,fixed_semantic_reference
55,Reddit-S,1,4373.552734375,run,31.519891805015504,44,0.9710600972175598,0.9314180414326916,0.9660270810127258,0.9216195926564781,fixed_semantic_reference
117,Movies,1,3683.4208984375,run,54.37812323286198,42,0.5571214556694031,0.5087770876709689,0.573185384273529,0.5045173064216719,last_context_only
103,Movies,1,3683.4208984375,run,47.351006029872224,43,0.5652173757553101,0.5046318770542384,0.5770846009254456,0.514181091810933,last_context_only
112,Movies,1,3683.4208984375,run,46.826458784984425,44,0.56581711769104,0.5010901515003718,0.575584888458252,0.5094348669079791,last_context_only
53,Toys,1,3971.466796875,run,31.78620336484164,42,0.791253924369812,0.7499347818835762,0.8052669763565063,0.7659176471912024,last_context_only
73,Toys,1,3971.466796875,run,40.226295008091256,43,0.8062334060668945,0.7759756404224856,0.8035757541656494,0.7775261257117715,last_context_only
68,Toys,1,3971.466796875,run,36.548059046966955,44,0.8043005466461182,0.7726652637262149,0.807682991027832,0.7730499317779704,last_context_only
101,Grocery,1,3606.7685546875,run,45.86061504809186,42,0.838067352771759,0.7569549807568546,0.8424597382545471,0.7839775871636261,last_context_only
119,Grocery,1,3606.7685546875,run,53.41222201613709,43,0.8204978108406067,0.7351464296425394,0.8316251635551453,0.7581095507618406,last_context_only
249,Grocery,1,3606.7685546875,run,89.39687458588742,44,0.8251830339431763,0.7543673115886895,0.833674967288971,0.7711970448669657,last_context_only
166,ele-fashion,1,17562.4365234375,run,215.76838657492772,42,0.8800204396247864,0.7764803286431903,0.8796154260635376,0.7711688967112196,last_context_only
112,ele-fashion,1,17562.4365234375,run,154.68879184988327,43,0.8763723373413086,0.7555322335163658,0.8762401342391968,0.7470395772673046,last_context_only
143,ele-fashion,1,17562.4365234375,run,193.8984112611506,44,0.8735083341598511,0.7464709047697853,0.8746036887168884,0.7416196044430946,last_context_only
35,Reddit-S,1,4373.166015625,run,24.48960003303364,42,0.9515570998191833,0.8993058546249681,0.9556464552879333,0.9164631407786255,last_context_only
88,Reddit-S,1,4373.166015625,run,42.11715036910027,43,0.9631959795951843,0.9283826580265693,0.9650833606719971,0.926804546864244,last_context_only
125,Reddit-S,1,4373.166015625,run,54.4478256800212,44,0.9672853350639343,0.9302141967291556,0.9631959795951843,0.926383808639015,last_context_only
78,Movies,1,3593.6630859375,run,42.163040763000026,42,0.5649175643920898,0.4975245270830174,0.5716856718063354,0.48971532086880687,no_context_change
50,Movies,1,3593.6630859375,run,32.70211046887562,43,0.5682159066200256,0.5201469886140547,0.5743851065635681,0.5077194385943266,no_context_change
66,Movies,1,3593.6630859375,run,37.90978754404932,44,0.5580210089683533,0.49629374865269166,0.5773845314979553,0.519627080744349,no_context_change
46,Toys,1,3852.349609375,run,32.98622412001714,42,0.7888379096984863,0.7655091098757449,0.8050253391265869,0.7794095365646445,no_context_change
49,Toys,1,3852.349609375,run,33.52731807110831,43,0.8079246282577515,0.7752746935299726,0.8001933097839355,0.7740042294335382,no_context_change
41,Toys,1,3852.349609375,run,31.523974125972018,44,0.8030925393104553,0.7708855983722381,0.8093742728233337,0.7761806104340255,no_context_change
78,Grocery,1,3508.4482421875,run,41.18401515693404,42,0.8366032242774963,0.7582070868887787,0.8366032242774963,0.7826956448876567,no_context_change
56,Grocery,1,3508.4482421875,run,31.82989450916648,43,0.8257686495780945,0.7331399974643478,0.8415812849998474,0.7620428206060779,no_context_change
117,Grocery,1,3508.4482421875,run,51.46788139687851,44,0.8304538726806641,0.7672150174207542,0.8377745151519775,0.762967846075289,no_context_change
119,ele-fashion,1,16982.91357421875,run,178.5060529031325,42,0.8802931904792786,0.7640919155627537,0.8806382417678833,0.7531782942907622,no_context_change
115,ele-fashion,1,16982.91357421875,run,174.4483588829171,43,0.8826116323471069,0.7759241302914446,0.8811496496200562,0.770673286497657,no_context_change
146,ele-fashion,1,16982.91357421875,run,208.5641577008646,44,0.8831912875175476,0.7737242700755129,0.8832975625991821,0.7664093564857555,no_context_change
120,Reddit-S,1,4274.81103515625,run,51.27904720813967,42,0.9644542336463928,0.9241066483221324,0.9653978943824768,0.9360232542047333,no_context_change
53,Reddit-S,1,4274.81103515625,run,30.46049292990938,43,0.9666562080383301,0.9326339725758366,0.9679144620895386,0.9294855211744653,no_context_change
38,Reddit-S,1,4274.81103515625,run,25.591983360005543,44,0.9707455039024353,0.9275826841887099,0.9657124876976013,0.9221112721381569,no_context_change
69,Movies,1,3683.4228515625,run,31.99717959901318,42,0.5625187158584595,0.5034376855478995,0.573185384273529,0.5048456955723938,no_cross_hop_interaction
70,Movies,1,3683.4228515625,run,32.0779618488159,43,0.5634182691574097,0.5029991657637473,0.5788842439651489,0.5092552203138078,no_cross_hop_interaction
72,Movies,1,3683.4228515625,run,32.485410624882206,44,0.5550224781036377,0.4940983446469149,0.5776844620704651,0.5171996089516291,no_cross_hop_interaction
43,Toys,1,3971.46875,run,27.44330125907436,42,0.79511958360672,0.7627222811372039,0.8059917688369751,0.7736771480950457,no_cross_hop_interaction
58,Toys,1,3971.46875,run,31.687965916004032,43,0.8086494207382202,0.7787730011491507,0.80333411693573,0.7758754359254996,no_cross_hop_interaction
48,Toys,1,3971.46875,run,29.858506874879822,44,0.8050253391265869,0.779101206987025,0.8071998357772827,0.7824961196050526,no_cross_hop_interaction
79,Grocery,1,3606.7705078125,run,36.74643242685124,42,0.8307467103004456,0.7535962702020045,0.838067352771759,0.7914538583303031,no_cross_hop_interaction
71,Grocery,1,3606.7705078125,run,32.5091146628838,43,0.8281112909317017,0.7331944032665119,0.838067352771759,0.7565173416248564,no_cross_hop_interaction
117,Grocery,1,3606.7705078125,run,45.166435916908085,44,0.8295754194259644,0.7742184606653388,0.8395314812660217,0.7713228391332754,no_cross_hop_interaction
208,ele-fashion,1,17561.68115234375,run,239.95001699007116,42,0.8860893249511719,0.7817232437934958,0.8842180371284485,0.7703268359042951,no_cross_hop_interaction
145,ele-fashion,1,17561.68115234375,run,179.91277114511468,43,0.8833958506584167,0.782282665041544,0.883092999458313,0.7820757592854828,no_cross_hop_interaction
192,ele-fashion,1,17561.68115234375,run,235.16623173491098,44,0.8861234188079834,0.7869744053850757,0.8866727948188782,0.773816247845854,no_cross_hop_interaction
95,Reddit-S,1,4373.16796875,run,43.25485785282217,42,0.9635105133056641,0.9244997183949479,0.9644542336463928,0.9325384106351693,no_cross_hop_interaction
66,Reddit-S,1,4373.16796875,run,35.98535817209631,43,0.9685435891151428,0.9347274196696173,0.9688581228256226,0.9275725161257276,no_cross_hop_interaction
38,Reddit-S,1,4373.16796875,run,26.581308936001733,44,0.9704309701919556,0.9277055252442648,0.9657124876976013,0.9235275429911092,no_cross_hop_interaction
92,Movies,1,3686.0810546875,run,43.04768295888789,42,0.5607196688652039,0.48929544946600323,0.5713857412338257,0.49556927773619136,global_filter_only
59,Movies,1,3686.0810546875,run,34.11257223598659,43,0.5673163533210754,0.50746461523824,0.5782843232154846,0.5037449067515603,global_filter_only
62,Movies,1,3686.0810546875,run,34.712083571823314,44,0.5559220314025879,0.49390695654730765,0.5743851065635681,0.507497914081391,global_filter_only
43,Toys,1,3970.107421875,run,30.85542351915501,42,0.7939115762710571,0.7615617486591827,0.8047837615013123,0.7712923538870288,global_filter_only
67,Toys,1,3972.12109375,run,39.490217361133546,43,0.807682991027832,0.7782849852941367,0.801642894744873,0.7758564555543185,global_filter_only
42,Toys,1,3970.107421875,run,31.056682862108573,44,0.80333411693573,0.7757164311618502,0.8057501912117004,0.7762695650328821,global_filter_only
87,Grocery,1,3606.53515625,run,44.52174022118561,42,0.8298682570457458,0.7576136607165844,0.8368960618972778,0.7881764162975561,global_filter_only
86,Grocery,1,3606.53515625,run,46.02637344505638,43,0.8272327780723572,0.7400177689018681,0.8377745151519775,0.7626425677564546,global_filter_only
123,Grocery,1,3606.53515625,run,56.68728426005691,44,0.8272327780723572,0.7655271877435998,0.8366032242774963,0.7593173398513094,global_filter_only
114,ele-fashion,1,17540.55712890625,run,177.69562989589758,42,0.8803954720497131,0.7631340956207118,0.8806382417678833,0.7525890962935885,global_filter_only
120,ele-fashion,1,17540.55712890625,run,188.20454819500446,43,0.8809069395065308,0.7677122455769542,0.8811496496200562,0.7656715468446799,global_filter_only
113,ele-fashion,1,17540.55712890625,run,179.53540859697387,44,0.8826457262039185,0.7727426121369896,0.8824793100357056,0.7629535155434382,global_filter_only
48,Reddit-S,1,4370.9443359375,run,32.1701960649807,42,0.9635105133056641,0.9240320019282414,0.9631959795951843,0.9303672636101183,global_filter_only
37,Reddit-S,1,4370.9443359375,run,28.549001835053787,43,0.9660270810127258,0.9298833065013717,0.9669707417488098,0.9263213780164505,global_filter_only
66,Reddit-S,1,4370.9443359375,run,37.80615845695138,44,0.9698018431663513,0.9289922866709166,0.9666562080383301,0.9227985980268777,global_filter_only
65,Movies,1,3688.1875,run,37.57522277603857,42,0.5625187158584595,0.504810719708321,0.5707858204841614,0.4985172274631954,no_formation_conditioning
49,Movies,1,3688.1875,run,31.616017512977123,43,0.5646176934242249,0.5088819064729375,0.5737852454185486,0.49533394786029145,no_formation_conditioning
59,Movies,1,3688.1875,run,33.58282580203377,44,0.5583208203315735,0.4882142068447221,0.5779843926429749,0.5112618685007573,no_formation_conditioning
43,Toys,1,3972.7060546875,run,33.39593554311432,42,0.793428361415863,0.7607335702076924,0.8035757541656494,0.772101571349406,no_formation_conditioning
39,Toys,1,3972.7060546875,run,31.414278358919546,43,0.801642894744873,0.767229218612759,0.801642894744873,0.7705046883218711,no_formation_conditioning
38,Toys,1,3972.7060546875,run,31.331000569975004,44,0.8009181022644043,0.7716760393313298,0.8052669763565063,0.771397776164669,no_formation_conditioning
87,Grocery,1,3608.6923828125,run,45.07432327908464,42,0.8304538726806641,0.7552004413999786,0.8377745151519775,0.7852221522785753,no_formation_conditioning
59,Grocery,1,3608.6923828125,run,37.116217489819974,43,0.8248901963233948,0.7378704417055103,0.838653028011322,0.7490856012343801,no_formation_conditioning
83,Grocery,1,3608.6923828125,run,46.2605618359521,44,0.8301610350608826,0.7674210825622382,0.8357247710227966,0.7619712650860814,no_formation_conditioning
118,ele-fashion,1,17552.90380859375,run,188.34901323006488,42,0.8813501596450806,0.7768462966241588,0.8808428049087524,0.764454760219333,no_formation_conditioning
119,ele-fashion,1,17552.90380859375,run,193.15332985692658,43,0.8824411630630493,0.7735923291082741,0.8811496496200562,0.7594962764089614,no_formation_conditioning
122,ele-fashion,1,17552.90380859375,run,197.36890249908902,44,0.8828844428062439,0.7697886874820128,0.8829907178878784,0.7607722334950888,no_formation_conditioning
43,Reddit-S,1,4372.95703125,run,28.879717950010672,42,0.9647687673568726,0.9257957004052569,0.9635105133056641,0.9325199720789052,no_formation_conditioning
45,Reddit-S,1,4372.95703125,run,28.912597396876663,43,0.9669707417488098,0.9318832186531534,0.9675998687744141,0.9309166007489811,no_formation_conditioning
67,Reddit-S,1,4372.95703125,run,37.98729406297207,44,0.9710600972175598,0.9312247906502712,0.9663416147232056,0.9224417015691531,no_formation_conditioning
