attention_diagonal_excess,attention_diagonal_mass_mean,attention_diagonal_mass_q10,attention_diagonal_mass_q50,attention_diagonal_mass_q90,attention_diagonal_mass_std,attention_hops,attention_jensen_entropy_gap,attention_mean_matrix_normalized_entropy,attention_mean_matrix_row_diversity,attention_node_heterogeneity_mean,attention_node_heterogeneity_q10,attention_node_heterogeneity_q50,attention_node_heterogeneity_q90,attention_node_heterogeneity_std,attention_nodes,attention_nodewise_entropy_q10,attention_nodewise_entropy_q50,attention_nodewise_entropy_q90,attention_nodewise_entropy_std,attention_nodewise_normalized_entropy,attention_nonuniformity,attention_off_diagonal_mass,attention_old_mean_matrix_normalized_entropy,attention_query_diversity_mean,attention_query_diversity_q10,attention_query_diversity_q50,attention_query_diversity_q90,attention_query_diversity_std,attention_shape,attention_uniform_diagonal_mass,dataset,modality,seed
-0.0019523811375659061,0.2480476188624341,0.23909706382546575,0.24983449243069994,0.25579474429105176,0.01813171331921934,4.0,0.5144980519463127,0.7836142276839323,0.0027850265333391254,0.4839240594835103,0.30328873157518393,0.4459823280148155,0.6913313490608409,0.1530010720528341,16672.0,1.3776097374733368e-05,0.1752393050981042,0.690339758418187,0.27486625286430755,0.26911617573761965,0.7308838242623803,0.7519523811375659,0.7836142276839323,0.02328988186172358,2.654084144353107e-05,0.009548235257881288,0.059462875104509295,0.040977566480720415,"[16672, 4, 4]",0.25,Movies,text,42
-0.0026612456995845912,0.2473387543004154,0.1975103183183819,0.250015292695025,0.2902578985958826,0.050900299294587475,4.0,0.4112554344619598,0.9718132164775395,0.010070076207919455,0.4374784652257933,0.1900464605257995,0.4448442032516895,0.6406625178703423,0.1764205990316726,16672.0,0.07216958064959506,0.6152533624409402,0.930999803329782,0.30533862638663456,0.5605577820155797,0.4394422179844203,0.7526612456995846,0.9718132164775395,0.10965137390581019,0.01712411533335399,0.07880106658558361,0.24558374926079218,0.1018195695527709,"[16672, 4, 4]",0.25,Movies,visual,42
-0.00842074618696606,0.24157925381303394,0.2247217079730035,0.24765313252646592,0.2509978207435779,0.023008339718337635,4.0,0.46559411053808,0.8343835451542027,0.007482986489021457,0.4599953641138015,0.2502023883206424,0.446810562678901,0.6791176659013223,0.1537599440137389,16672.0,0.00042044200208151534,0.35382627498776836,0.8122906027553365,0.316248548696974,0.3687894346161227,0.6312105653838773,0.7584207461869661,0.8343835451542027,0.03232976521401732,0.000251783688743501,0.01756356580881402,0.07621680688268194,0.049750360356292,"[16672, 4, 4]",0.25,Movies,text,43
-0.00026366536772876037,0.24973633463227124,0.21063999335747213,0.2509658574126661,0.28708001393824817,0.04278503808425949,4.0,0.2232528106546623,0.9929885490077058,0.005800581397362698,0.2988372841150674,0.0934517253538922,0.2670168154755053,0.559831439231524,0.17454944777344397,16672.0,0.406431964224959,0.8563712012156399,0.9863458252906838,0.23849330332064264,0.7697357383530435,0.23026426164695646,0.7502636653677288,0.9929885490077058,0.08437615267106677,0.016795698530040683,0.058324412023694094,0.18576010984834282,0.08077319764542724,"[16672, 4, 4]",0.25,Movies,visual,43
-0.0003466778819370131,0.249653322118063,0.24075515592703595,0.24994651501981863,0.2594104995718226,0.014729161105168854,4.0,0.44849430936981455,0.7163629503822548,0.0022935056108062176,0.4220065754128458,0.23321223625304818,0.35230506050757016,0.7274012100437544,0.1853209477602507,16672.0,9.982994965989036e-06,0.12831246335989807,0.7393365974184659,0.2963595383895408,0.2678686410124403,0.7321313589875598,0.750346677881937,0.7163629503822548,0.02266591050562936,8.857170374183001e-06,0.010249153228578348,0.06060030693299875,0.03363422312571877,"[16672, 4, 4]",0.25,Movies,text,44
0.0014396586184079463,0.25143965861840795,0.20852730537299066,0.2520322284073302,0.29260798301547764,0.04766404169997709,4.0,0.4128952348493866,0.9836876125597608,0.0077456766084488815,0.4381899081992133,0.18882109676006079,0.44357780688452647,0.660505298459889,0.1802193271620456,16672.0,0.08844999157148928,0.6263205738062432,0.9312982769441058,0.29886080856866654,0.5707923777103742,0.42920762228962583,0.748560341381592,0.9836876125597608,0.10584121717466821,0.018355441807458798,0.07789839321182232,0.23291776462768515,0.09526844934391251,"[16672, 4, 4]",0.25,Movies,visual,44
-0.014425075696893302,0.2355749243031067,0.20309824962168932,0.24623386225721333,0.2551427578326647,0.035552710878485834,4.0,0.414858213028136,0.8256427699896739,0.014828662122749506,0.42346245668845367,0.21484918961626442,0.412994518123108,0.6688662436871596,0.1646280045024587,20695.0,0.0015721690723360686,0.40749275047728784,0.8794809267598931,0.3320342390045059,0.41078455696153787,0.5892154430384622,0.7644250756968933,0.8256427699896739,0.058245834914266104,0.0012478140261769726,0.030548840369192476,0.14496536012738964,0.08110051510369583,"[20695, 4, 4]",0.25,Toys,text,42
0.02518695261121301,0.275186952611213,0.2517270616357564,0.26413546793628484,0.31147581636905675,0.035230685900429985,4.0,0.3129903817676407,0.8824377194078922,0.025776101014032226,0.35579145915104055,0.15656676236305073,0.3294450700328033,0.5983527049269826,0.17223423107706098,20695.0,0.15188307471009402,0.5878956136348135,0.9290147440355412,0.276107958326548,0.5694473376402515,0.43055266235974854,0.724813047388787,0.8824377194078922,0.09321000826444807,0.023884893953800203,0.06927673270304997,0.19214461883904593,0.08110177271891073,"[20695, 4, 4]",0.25,Toys,visual,42
-0.006469713293749985,0.24353028670625002,0.21699638077989222,0.2484610565006733,0.26281925095245245,0.029989718232041475,4.0,0.36351553918508916,0.9291152579080401,0.008285130203817886,0.41206332594301937,0.19537482565976452,0.4323326507513039,0.5673544847075327,0.15020781917147447,20695.0,0.031835537198926664,0.651846462294358,0.9382705024900859,0.32337054956064665,0.5655997187229509,0.4344002812770491,0.75646971329375,0.9291152579080401,0.0579350875498453,0.004249405220070912,0.03676295715073744,0.1371256326325238,0.06618328749246401,"[20695, 4, 4]",0.25,Toys,text,43
0.02579246779345362,0.2757924677934536,0.25377621533443745,0.26727396808564663,0.30668700532987714,0.028847104302328123,4.0,0.22663856984784714,0.8367399814709126,0.030486827403706784,0.2915081729544248,0.12066017603883977,0.2657086950210076,0.4804559447883113,0.15334014046607633,20695.0,0.21340572619702056,0.6438429322676753,0.9384304366657729,0.2632908495909197,0.6101014116230654,0.3898985883769346,0.7242075322065464,0.8367399814709126,0.08967843590004541,0.027284463203133876,0.07048894589145978,0.17383150325756863,0.06925925563843328,"[20695, 4, 4]",0.25,Toys,visual,43
-0.018444615784252827,0.23155538421574717,0.19096439579734578,0.2443273940589279,0.2554196298384341,0.04117603341873662,4.0,0.3398393274645259,0.8258432139621441,0.019594544509419068,0.38145135944916125,0.17035703972692098,0.399087471128218,0.5858879656981729,0.15908463707656514,20695.0,0.005750950364476198,0.5236619605474218,0.9309751521532703,0.34443657280668644,0.4860038864976182,0.5139961135023818,0.7684446157842528,0.8258432139621441,0.07204441775324277,0.0027769441041401188,0.039832729414532274,0.18007823124838396,0.09307716428467769,"[20695, 4, 4]",0.25,Toys,text,44
0.020090225599087408,0.2700902255990874,0.252023108017147,0.26286532171070576,0.29586738627403975,0.02557136521504616,4.0,0.29562499048987634,0.8497345470944457,0.02389460677678519,0.3394918302006848,0.14318998583721904,0.3150771299609688,0.5886815101226163,0.17314893243938645,20695.0,0.14837314576431393,0.5711774159768378,0.9036545726931101,0.26965638352317106,0.5541095566045694,0.4458904433954306,0.7299097744009126,0.8497345470944457,0.07810972169662704,0.022156752017932983,0.06137720245169476,0.1528200259432197,0.06290011887385677,"[20695, 4, 4]",0.25,Toys,visual,44
-0.015079610161342183,0.23492038983865782,0.1952353714463243,0.24706620884018093,0.2585372074050641,0.041003812301746864,4.0,0.5296180347029107,0.9012188709974472,0.016013471095040425,0.5070432796632494,0.27830609005606155,0.5438163538562341,0.7048031597891506,0.15768590949123729,17074.0,0.0026791064673939297,0.3587245837481613,0.7977882387766497,0.29724227550003834,0.3716008362945365,0.6283991637054636,0.7650796101613422,0.9012188709974472,0.07091427811673243,0.0029106666996039964,0.0382148864937335,0.17612057623993624,0.09239458915012866,"[17074, 4, 4]",0.25,Grocery,text,42
0.026785528668648306,0.2767855286686483,0.2500050272015129,0.2556652744037251,0.33386987957637765,0.05197094645959054,4.0,0.33777700798324944,0.7572540546713722,0.033983936699813415,0.3605416933004755,0.16479084805021732,0.3305047492585364,0.611437984477648,0.17060606276947843,17074.0,0.007212406498647839,0.3898697452374863,0.9293505766238735,0.33785478455810125,0.41947704668812275,0.5805229533118772,0.7232144713313517,0.7572540546713722,0.106468316782465,0.004077333600175356,0.056818435712914034,0.28999482183220143,0.13118140169667936,"[17074, 4, 4]",0.25,Grocery,visual,42
-0.01860410145271743,0.23139589854728257,0.184853461291641,0.24501323640129158,0.2588027731612456,0.04511404484673128,4.0,0.5080711817318506,0.9346377065135973,0.019708182708748898,0.49566714034490245,0.27208516953102113,0.5276846071148682,0.6958655716678991,0.15905898364601637,17074.0,0.008975860897892676,0.44588276149281414,0.8371401181595687,0.3033163415986539,0.4265665247817467,0.5734334752182533,0.7686041014527174,0.9346377065135973,0.09078364290879226,0.005599811072482675,0.054417309864917954,0.22413405634239705,0.10492197201946235,"[17074, 4, 4]",0.25,Grocery,text,43
0.027180318245699886,0.2771803182456999,0.2500316299412415,0.25759848894085735,0.3301002680789679,0.04913744646016985,4.0,0.32418912505975306,0.7469132254580249,0.035059122650092714,0.3524316465884614,0.15155215635451647,0.33335730942392117,0.6171718100442604,0.17200876980539906,17074.0,0.004841040416446705,0.4050106064709824,0.9316579853217132,0.3349202986673931,0.4227241003982718,0.5772758996017282,0.7228196817543001,0.7469132254580249,0.10602967340346146,0.004704061203418297,0.06093085658115645,0.2810653840211066,0.12648460768710212,"[17074, 4, 4]",0.25,Grocery,visual,43
-0.011094670128800915,0.23890532987119908,0.20515492731681206,0.24612310846885066,0.2629272362977645,0.037403961004773785,4.0,0.45210276714031544,0.8907698607292216,0.011802393836712352,0.4625035939951334,0.23591293673864266,0.48567909266773723,0.6289464090967367,0.1548647079240581,17074.0,0.016463839335772508,0.46131056636283696,0.8405209925178476,0.29733243237797763,0.43866709358890615,0.5613329064110939,0.7610946701288009,0.8907698607292216,0.07311721750761314,0.006315103421911773,0.04667493352216449,0.17138802399858838,0.08168512138045937,"[17074, 4, 4]",0.25,Grocery,text,44
0.02103974834086847,0.27103974834086847,0.25000000050574883,0.2524834827408995,0.3114331056363881,0.04933371127642082,4.0,0.3825804179327276,0.7071849501216272,0.028048258043232754,0.37204777589422583,0.17856573727338151,0.3123621312303436,0.7170282334694119,0.19214534175761522,17074.0,0.00014906040818678815,0.21044045700790054,0.8704859058253646,0.3304018292230403,0.32460453218889956,0.6753954678111005,0.7289602516591316,0.7071849501216272,0.08671283882689931,0.0002742669331789415,0.03611917139677034,0.25609320481620085,0.12922037435653305,"[17074, 4, 4]",0.25,Grocery,visual,44
-0.01893013292981388,0.23106986707018612,0.17945321158185834,0.24259619618715078,0.25996320891681535,0.04282837433562717,4.0,0.4484656770161122,0.9555198504830111,0.016761870728232934,0.4605930267474417,0.23876014100425869,0.45405262753440745,0.6585750608584579,0.16400429236443398,97766.0,0.08058147406520631,0.5422256601898541,0.840578251565602,0.2693208406818261,0.507054173466899,0.49294582653310104,0.7689301329298139,0.9555198504830111,0.09829490534816442,0.014499057292899428,0.06276614745729603,0.23695019388226984,0.10236978505757785,"[97766, 4, 4]",0.25,ele-fashion,text,42
-0.003601161507575723,0.24639883849242428,0.22979038313496858,0.24958385411827066,0.26016723009524867,0.02400400619410981,4.0,0.5542425166727505,0.8645705264047663,0.004068438424523039,0.5009951440772179,0.2742151248731089,0.47011418840006436,0.7841791615896353,0.17765402799410696,97766.0,0.001681033672181852,0.256055633272511,0.7279558869715066,0.2785310703676077,0.31032800973201585,0.6896719902679842,0.7536011615075757,0.8645705264047663,0.04434923433415992,0.0005945312840724044,0.025053390996433222,0.10697371776338252,0.061737404400549194,"[97766, 4, 4]",0.25,ele-fashion,visual,42
-0.03677403760411008,0.21322596239588992,0.12013539072358981,0.23478554550092667,0.26152025877672713,0.06243015332611957,4.0,0.47079533314109195,0.928176681020324,0.03812105471899805,0.4792948968127342,0.24553792889762296,0.5053803181314549,0.6543350759648551,0.16215758271420438,97766.0,0.025845287012778745,0.48646904052891543,0.8520575745606047,0.29932981658429403,0.45738134787923207,0.5426186521207679,0.7867740376041101,0.928176681020324,0.1526228433251926,0.011494052100412471,0.10047052012911686,0.3920731140206044,0.148606693345202,"[97766, 4, 4]",0.25,ele-fashion,text,43
-0.005156326244939002,0.244843673755061,0.20065164228435606,0.2495644909020098,0.2837689567822963,0.04805334447811481,4.0,0.4690896563053821,0.8750183864884178,0.011922009489222181,0.4645830139774618,0.2397045276391592,0.47354638303740887,0.7233331558679732,0.16837907637435592,97766.0,0.007377886286769578,0.40776057631260876,0.8344553313766663,0.3070946271458709,0.4059287301830357,0.5940712698169643,0.755156326244939,0.8750183864884178,0.10440744874221218,0.0023576850923632264,0.06304620897086959,0.2723677701646654,0.11859120087049548,"[97766, 4, 4]",0.25,ele-fashion,visual,43
-0.021487586647269463,0.22851241335273054,0.17106622469145805,0.23928016267018393,0.2661566234892234,0.04710501427022173,4.0,0.42191157136577206,0.971763458882555,0.021262156683588402,0.4457255764352182,0.22843049447134178,0.4383102128312938,0.6661402015245915,0.1639623110340162,97766.0,0.13412510777754078,0.5802341112043641,0.8740113158965322,0.2624932299507302,0.5498518875167829,0.45014811248321707,0.7714875866472695,0.971763458882555,0.1274466407547781,0.021524135961954016,0.09319311368502288,0.28436418911778105,0.11378566992205089,"[97766, 4, 4]",0.25,ele-fashion,text,44
-0.012456944216267168,0.23754305578373283,0.19724212103755723,0.24756197527858603,0.26285359623943805,0.042826966148889103,4.0,0.5294593220934287,0.8548181435028759,0.012682331451831374,0.4963097462046584,0.26258359619351623,0.48323734014020564,0.7329523947158076,0.1697852499269292,97766.0,0.0011193811655533768,0.2658953351876982,0.7741833342646939,0.2955636242384551,0.3253588214094472,0.6746411785905528,0.7624569442162672,0.8548181435028759,0.09039903067205582,0.0010691046249498015,0.04925016702206146,0.24394818126408305,0.11302975062838262,"[97766, 4, 4]",0.25,ele-fashion,visual,44
-0.008256715089664357,0.24174328491033564,0.20983656737953424,0.24949699271667214,0.26561364382505415,0.03488287199432527,4.0,0.22532354980964953,0.9598046216513889,0.008279554011548647,0.3129157121155988,0.08772936027247089,0.3237884291148002,0.5626951003424336,0.1602853782104095,15894.0,0.1341918218234086,0.8615325011377385,0.9926101419900659,0.3116649226600073,0.7344810718417394,0.2655189281582606,0.7582567150896644,0.9598046216513889,0.041148140151242206,0.0043876765606304016,0.020219535877307255,0.09815854659148802,0.06096883410140944,"[15894, 4, 4]",0.25,Reddit-S,text,42
-0.011064095365368343,0.23893590463463166,0.21901872083544732,0.24552005830628332,0.252840469032526,0.025047270756192244,4.0,0.1320647336613313,0.9643184315021317,0.011661360419937228,0.2282140026938521,0.06167501908933614,0.18795217960010757,0.4893092182364477,0.15386467015146896,15894.0,0.3518523526195646,0.9616043442974272,0.9983095608778189,0.26944580257040474,0.8322536978408004,0.1677463021591996,0.7610640953653683,0.9643184315021317,0.0324525729544466,0.00402081919213136,0.017145005365212757,0.07236682136232661,0.04880385839691202,"[15894, 4, 4]",0.25,Reddit-S,visual,42
-0.0005908305410633197,0.24940916945893668,0.22381749321939426,0.2505707426753361,0.27445641634985807,0.04006787785801751,4.0,0.30468643333222467,0.9891560153025171,0.004158037585830232,0.35073573014915227,0.14927959442828714,0.2963869770559623,0.6860447771924763,0.1782881748058967,15894.0,0.07869318360515287,0.788318971025899,0.9583413495301322,0.29526477943624146,0.6844695819702924,0.3155304180297076,0.7505908305410633,0.9891560153025171,0.05351796362936248,0.005747303478741136,0.029864785671331145,0.12570414429307378,0.07137870039841973,"[15894, 4, 4]",0.25,Reddit-S,text,43
-0.010296221136510963,0.23970377886348904,0.21563215121277607,0.24589458384434693,0.2590494975447655,0.030742309828586407,4.0,0.17939000139733596,0.9786313851544827,0.011561420819770471,0.2648813290671956,0.08626366905791089,0.22754339753191394,0.558655793525028,0.16682914417393402,15894.0,0.30863925496328876,0.9221336629920858,0.995364946565974,0.2762006459093985,0.7992413837571467,0.2007586162428533,0.760296221136511,0.9786313851544827,0.050381883379003296,0.00735725002984206,0.03158099018037319,0.10850974608523153,0.06235690138342588,"[15894, 4, 4]",0.25,Reddit-S,visual,43
-0.012617159842088638,0.23738284015791136,0.19948671930469572,0.24595118015713524,0.2622864883393049,0.03582495089384894,4.0,0.19062325574299588,0.9634646632583634,0.012599512004329037,0.2840842450161708,0.0719790312600511,0.28064125069323054,0.5412598869363,0.16007591237193108,15894.0,0.22099651696229283,0.9002041312850675,0.995407642522673,0.29148627749479655,0.7728414075153676,0.22715859248463244,0.7626171598420887,0.9634646632583634,0.045431359214880264,0.00458221659064293,0.021157735415423908,0.11506739736845097,0.06248587770684049,"[15894, 4, 4]",0.25,Reddit-S,text,44
-0.014304988243630884,0.23569501175636912,0.214572118781507,0.24412437714636326,0.25067851655185225,0.028204809539424117,4.0,0.11272592168381868,0.9650899319272177,0.014641498663777959,0.2068868823079715,0.0509920636479807,0.16751273058022276,0.4735193112966726,0.15301554198256662,15894.0,0.39261091592192354,0.9805660525218249,0.9993774572732457,0.26545120450304754,0.852364010243399,0.14763598975660097,0.7643049882436309,0.9650899319272177,0.033287865820690245,0.002845994879802068,0.014858749384681385,0.07619487034777803,0.05598963981343247,"[15894, 4, 4]",0.25,Reddit-S,visual,44
