attention_diagonal_mass,attention_normalized_entropy,attention_off_diagonal_mass,attention_row_diversity_l1,context_injection_norm_abs_mean,context_injection_norm_mean,context_injection_norm_q10,context_injection_norm_q50,context_injection_norm_q90,context_injection_norm_std,context_injection_ratio_abs_mean,context_injection_ratio_mean,context_injection_ratio_q10,context_injection_ratio_q50,context_injection_ratio_q90,context_injection_ratio_std,cosine_current_previous_abs_mean,cosine_current_previous_mean,cosine_current_previous_q10,cosine_current_previous_q50,cosine_current_previous_q90,cosine_current_previous_std,dataset,delta_gate,hop,interaction_gate,interaction_injection_norm_abs_mean,interaction_injection_norm_mean,interaction_injection_norm_q10,interaction_injection_norm_q50,interaction_injection_norm_q90,interaction_injection_norm_std,interaction_injection_ratio_abs_mean,interaction_injection_ratio_mean,interaction_injection_ratio_q10,interaction_injection_ratio_q50,interaction_injection_ratio_q90,interaction_injection_ratio_std,modality,raw_change_norm_abs_mean,raw_change_norm_mean,raw_change_norm_q10,raw_change_norm_q50,raw_change_norm_q90,raw_change_norm_std,relative_raw_change_abs_mean,relative_raw_change_mean,relative_raw_change_q10,relative_raw_change_q50,relative_raw_change_q90,relative_raw_change_std,seed
0.2480476051568985,0.7836141831546634,0.7519523948431015,0.0027850314509123564,2.6944381911137754,2.6944381911137754,1.8430738925933838,2.5021917819976807,3.863649034500122,0.7607286753323531,0.1684068984908656,0.1684068984908656,0.11519381329417229,0.15639156848192215,0.24148553609848022,0.04754715391507672,0.9288039154689509,0.9288039154689509,0.847524106502533,0.9450278878211975,0.9884321570396424,0.06098629506002558,Movies,0.13867919147014618,1,0.09787376970052719,1.2046306875968735,1.2046306875968735,1.0635108709335328,1.1935734748840332,1.365464174747467,0.11325596840521143,0.1349898081355739,0.1349898081355739,0.09331687614321708,0.13089865446090698,0.18371653854846953,0.0360059807347419,text,5.021758983973366,5.021758983973366,3.098229169845581,4.87143874168396,6.916757726669311,1.7502284052003827,0.4254848588170582,0.4254848588170582,0.2597532242536545,0.4108351469039917,0.5904730379581451,0.15096475090889688,42
0.2480476051568985,0.7836141831546634,0.7519523948431015,0.0027850314509123564,2.7295141537341285,2.7295141537341285,1.8042387127876283,2.59318208694458,3.9291425943374634,0.8319000417127326,0.17059967173180196,0.17059967173180196,0.11276802867650985,0.1620779111981392,0.24557483494281768,0.05199522318718846,0.9942837588295999,0.9942837588295999,0.9872349619865417,0.9959713518619537,0.9994467318058013,0.005846845324480642,Movies,0.13867919147014618,2,0.09787376970052719,1.204530703225629,1.204530703225629,1.0633702516555785,1.1929060816764832,1.3657814145088196,0.11339651886421935,0.13987984342613183,0.13987984342613183,0.09427090808749199,0.1333431452512741,0.19722589999437332,0.03996390332835581,text,1.1237264953956936,1.1237264953956936,0.5046424150466919,1.1078445315361023,1.7369616031646729,0.548432948457474,0.12849068417366405,0.12849068417366405,0.04576070755720139,0.12057093158364296,0.21880894154310226,0.07162907768770413,42
0.2480476051568985,0.7836141831546634,0.7519523948431015,0.0027850314509123564,2.7397216506134328,2.7397216506134328,1.7826475620269775,2.587546229362488,4.013247013092041,0.8724090767454946,0.1712383208564836,0.1712383208564836,0.11141728907823563,0.1617261990904808,0.25083449482917786,0.054527306094980715,0.9989324755745005,0.9989324755745005,0.9975984334945679,0.9992821514606476,0.9998905003070832,0.0011494595905624438,Movies,0.13867919147014618,3,0.09787376970052719,1.204727548583913,1.204727548583913,1.0634119629859924,1.1933093667030334,1.3655927538871764,0.11332625218945658,0.14631582798942167,0.14631582798942167,0.09396829530596734,0.13786309212446213,0.21509784758090972,0.046914718561268665,text,0.5010533125810828,0.5010533125810828,0.2042201742529869,0.48294003307819366,0.8356073379516601,0.2563158623481031,0.06013387897039935,0.06013387897039935,0.019213344343006613,0.053499627858400345,0.11349568516016005,0.036684514696270425,42
0.24733875691890717,0.9718132501499771,0.7526612430810928,0.010070079006254673,3.2980263595167196,3.2980263595167196,2.4952938556671143,3.122340202331543,4.376091527938843,0.7661415943513264,0.20613592276643494,0.20613592276643494,0.1559620827436447,0.19515428692102432,0.27350862324237823,0.0478869238109015,0.8913485265646179,0.8913485265646179,0.7997483968734741,0.8993801176548004,0.9737659454345703,0.06801628500516094,Movies,0.1868140697479248,1,0.1294739842414856,1.4332470283012357,1.4332470283012357,1.2779179453849792,1.4148231148719788,1.6186952948570252,0.1352811254500712,0.18437996550575755,0.18437996550575755,0.12975531965494155,0.17727218568325043,0.25235522389411924,0.04924366603356387,visual,5.608718370304714,5.608718370304714,3.924532651901245,5.64876914024353,7.134708547592163,1.4245649610656193,0.5044045773362733,0.5044045773362733,0.3534100830554962,0.5087588429450989,0.6399494171142578,0.12756172646786765,42
0.24733875691890717,0.9718132501499771,0.7526612430810928,0.010070079006254673,3.2759580229694603,3.2759580229694603,2.422022891044617,3.1482995748519897,4.4627190113067625,0.9003772935581578,0.2047594640553108,0.2047594640553108,0.15137969553470612,0.19678360223770142,0.2789327144622803,0.05627770278360288,0.9896793813979157,0.9896793813979157,0.9781400084495544,0.9917084872722626,0.9987017035484314,0.008690976175007708,Movies,0.1868140697479248,2,0.1294739842414856,1.4354618543869817,1.4354618543869817,1.2789676666259766,1.4161798357963562,1.6221365928649902,0.13650673881725586,0.19637930248582453,0.19637930248582453,0.13250748217105865,0.1869930773973465,0.2747828423976898,0.05613087862634606,visual,1.2307010201872137,1.2307010201872137,0.6631190776824951,1.2683833241462708,1.7706213474273682,0.5115995499036711,0.1612335823836704,0.1612335823836704,0.06715490370988846,0.16150649636983871,0.2558078438043594,0.07691710016584298,42
0.24733875691890717,0.9718132501499771,0.7526612430810928,0.010070079006254673,3.300087548746779,3.300087548746779,2.3791669845581054,3.1885310411453247,4.57852873802185,0.9872595843277525,0.20627066829203156,0.20627066829203156,0.14870696812868117,0.19930507987737656,0.2861956924200058,0.06170939033652793,0.9982317404610582,0.9982317404610582,0.9963244199752808,0.9985163509845734,0.9997740864753724,0.0013840101640896262,Movies,0.1868140697479248,3,0.1294739842414856,1.4358815501038265,1.4358815501038265,1.2797407388687134,1.4174450039863586,1.6221170902252198,0.1362885721115813,0.20798236597307035,0.20798236597307035,0.1328384667634964,0.19638115912675858,0.30537097454071044,0.06674187783638122,visual,0.5338733665091264,0.5338733665091264,0.24020358175039294,0.5389061570167542,0.8436199307441712,0.24007559483198107,0.07555754582427494,0.07555754582427494,0.02627499271184207,0.07091626152396202,0.13493966311216354,0.04177449143030018,42
0.24157923460006714,0.8343834616893644,0.7584207653999329,0.007482992019504309,2.8045186319097075,2.8045186319097075,1.7649999141693116,2.5945074558258057,4.187023019790649,0.9085824868409547,0.17528727029490682,0.17528727029490682,0.11031476333737374,0.1621604710817337,0.2617012798786163,0.05678839295744577,0.942926154252063,0.942926154252063,0.8759102344512939,0.957270473241806,0.9913325905799866,0.05169882828906814,Movies,0.14049570262432098,1,0.09940548241138458,1.2470009538118019,1.2470009538118019,1.1025465965270995,1.2364490628242493,1.4138519287109375,0.11768678794576304,0.14125822277716404,0.14125822277716404,0.0971009761095047,0.13724709302186966,0.19199571758508682,0.0375590599362346,text,4.530692879120619,4.530692879120619,2.6363882064819335,4.377789258956909,6.388201808929443,1.7393928325078878,0.3963958551615483,0.3963958551615483,0.22827420234680176,0.3839273452758789,0.5605765044689178,0.15275487060097023,43
0.24157923460006714,0.8343834616893644,0.7584207653999329,0.007482992019504309,2.916789552094969,2.916789552094969,1.710546934604645,2.7723182439804077,4.422239112854004,1.0521322119913956,0.18230475547204017,0.18230475547204017,0.10691162943840027,0.17327789962291718,0.2764067202806473,0.06576009071871895,0.995401825845213,0.995401825845213,0.9894569516181946,0.9968878924846649,0.9996212065219879,0.0049736335933107095,Movies,0.14049570262432098,2,0.09940548241138458,1.2480209135234128,1.2480209135234128,1.1031774401664733,1.2378087043762207,1.4156337976455688,0.1179976721183394,0.14578272604259293,0.14578272604259293,0.09794223308563232,0.13886208832263947,0.20620899647474286,0.04205366551811193,text,1.04300828189199,1.04300828189199,0.43158141374588016,1.0071680545806885,1.667074155807495,0.5487930054208021,0.12063336561732907,0.12063336561732907,0.04032790549099446,0.11098650470376015,0.2106551647186279,0.07133971833872928,43
0.24157923460006714,0.8343834616893644,0.7584207653999329,0.007482992019504309,2.9019898572181853,2.9019898572181853,1.6538728713989257,2.791040062904358,4.4304286479949955,1.0908072681755434,0.18138044310297732,0.18138044310297732,0.10337255373597146,0.1744527965784073,0.2769113302230835,0.06817763114547361,0.9992064930276942,0.9992064930276942,0.9981667876243592,0.9994897246360779,0.9999288320541382,0.0008974750527026053,Movies,0.14049570262432098,3,0.09940548241138458,1.2467784950913658,1.2467784950913658,1.1024901151657105,1.2364559769630432,1.4130714774131774,0.1174959438651813,0.15180179197207136,0.15180179197207136,0.09757452234625816,0.1427818313241005,0.22292521744966506,0.04889947679359903,text,0.449958949939414,0.449958949939414,0.1694863453507424,0.4267702102661133,0.7632449686527252,0.24880186554949477,0.05422539952506783,0.05422539952506783,0.01605697982013226,0.04758991301059723,0.10394712388515473,0.03460076520356376,43
0.24973632395267487,0.9929885280461349,0.7502636760473251,0.005800582002848387,1.8536358799053814,1.8536358799053814,1.598093295097351,1.8209509253501892,2.154455375671387,0.22825896644438218,0.11585715637360645,0.11585715637360645,0.09988399595022202,0.11381283774971962,0.13465704023838043,0.014267315939657669,0.895833146306123,0.895833146306123,0.8064057528972626,0.904265284538269,0.9749823212623596,0.06625128805530256,Movies,0.14524772763252258,1,0.11114828288555145,1.135092832727247,1.135092832727247,1.0507594347000122,1.133737564086914,1.219563627243042,0.06657250482625868,0.1440289089690372,0.1440289089690372,0.10298692211508752,0.1393820121884346,0.19324130117893218,0.03631060190776755,visual,5.552459742898037,5.552459742898037,3.861194133758545,5.5750861167907715,7.094589328765869,1.442218882925869,0.4973960847461452,0.4973960847461452,0.34607172310352324,0.5000371038913727,0.6344698965549469,0.12916667500186388,43
0.24973632395267487,0.9929885280461349,0.7502636760473251,0.005800582002848387,1.7926799744413853,1.7926799744413853,1.54316326379776,1.8363984823226929,2.1963507652282717,0.43824562454761784,0.1120487059570904,0.1120487059570904,0.09645119979977608,0.11478075385093689,0.13728034496307373,0.02739219681804076,0.9901004876197814,0.9901004876197814,0.9790972590446472,0.9920317530632019,0.9987579941749573,0.008376491505092405,Movies,0.14524772763252258,2,0.11114828288555145,1.1355468640836839,1.1355468640836839,1.0516094446182251,1.1340806484222412,1.2202592015266418,0.06657191646309644,0.15280109284165888,0.15280109284165888,0.1052317626774311,0.14577113091945648,0.21371605694293977,0.04201827440571404,visual,1.227613704967445,1.227613704967445,0.6506444633007051,1.2594692707061768,1.7759775519371033,0.5263722658356282,0.15875245863671644,0.15875245863671644,0.06575343832373619,0.15853189677000046,0.25405932068824766,0.07727957638935226,43
0.24973632395267487,0.9929885280461349,0.7502636760473251,0.005800582002848387,1.7925910076003337,1.7925910076003337,1.5346801161766053,1.857804775238037,2.2406713247299193,0.5019667618494956,0.11204455084915518,0.11204455084915518,0.09592425599694253,0.11612081900238991,0.14005768895149232,0.03137537376177169,0.9984158374326243,0.9984158374326243,0.9966523349285126,0.9986918270587921,0.9997995436191559,0.0012805663900817134,Movies,0.14524772763252258,3,0.11114828288555145,1.1360403387530236,1.1360403387530236,1.0522461771965026,1.1346109509468079,1.2207873940467835,0.06650262372794055,0.1614675709916075,0.1614675709916075,0.10542977303266525,0.15244431048631668,0.23558214604854583,0.05026976549945413,visual,0.515888162491275,0.515888162491275,0.22927863299846651,0.5207875669002533,0.8231944978237152,0.2386857029084682,0.07183331625303087,0.07183331625303087,0.024793903715908533,0.06742846965789795,0.1282692775130272,0.04039467236939131,43
0.24965330958366394,0.7163630762615131,0.7503466904163361,0.0022935003507882357,2.501337587129997,2.501337587129997,1.795353388786316,2.336425542831421,3.4783868789672847,0.647516640067282,0.1563378907488181,0.1563378907488181,0.11221121028065682,0.14602883905172348,0.217404668033123,0.04047120771517268,0.9287775783011272,0.9287775783011272,0.8495498716831207,0.9442643523216248,0.9880840659141541,0.059876657519214796,Movies,0.1409815549850464,1,0.10091610997915268,1.232760531631175,1.232760531631175,1.0855545282363892,1.2149125933647156,1.411603581905365,0.12389899781442744,0.13948476332911933,0.13948476332911933,0.09554111063480378,0.13490280508995056,0.1907173901796341,0.03799642344737554,text,5.029862348417744,5.029862348417744,3.0941619634628297,4.8665385246276855,6.9587528705596915,1.7619792298464725,0.42767327075094563,0.42767327075094563,0.2629801154136658,0.4129975438117981,0.5916677713394164,0.1500473311797192,44
0.24965330958366394,0.7163630762615131,0.7503466904163361,0.0022935003507882357,2.5547722253283474,2.5547722253283474,1.7611624121665954,2.4204719066619873,3.6276916503906245,0.747045668107543,0.15967811418206998,0.15967811418206998,0.11007710248231888,0.1512853503227234,0.22673477679491041,0.046691786923811124,0.994127436635762,0.994127436635762,0.9868608772754669,0.9958637952804565,0.9994441390037536,0.005977734202664399,Movies,0.1409815549850464,2,0.10091610997915268,1.2325061237557493,1.2325061237557493,1.0855129837989808,1.2146186232566833,1.4114072799682618,0.12379791379614198,0.1446399412925879,0.1446399412925879,0.0970764882862568,0.1368350386619568,0.20490442961454391,0.042579104795565516,text,1.1284552292497625,1.1284552292497625,0.5063053488731384,1.1094557046890259,1.7513235807418823,0.5547068748725632,0.13018794120150734,0.13018794120150734,0.04630274847149849,0.12249219045042992,0.22141049057245255,0.0726958314294676,44
0.24965330958366394,0.7163630762615131,0.7503466904163361,0.0022935003507882357,2.543645714771632,2.543645714771632,1.729474127292633,2.4062674045562744,3.6478635311126704,0.771175916077498,0.15898336102343508,0.15898336102343508,0.10809687227010727,0.15039584040641785,0.22799788564443585,0.04820021109833818,0.9989321877439855,0.9989321877439855,0.9975971639156341,0.9992641806602478,0.9998888850212098,0.0011112921829206257,Movies,0.1409815549850464,3,0.10091610997915268,1.2328762109114317,1.2328762109114317,1.0856801986694335,1.2150375843048096,1.41187025308609,0.12402001697724446,0.1514581770992761,0.1514581770992761,0.09680645540356636,0.14168213307857513,0.22304830700159073,0.0499918621736619,text,0.5003087712458631,0.5003087712458631,0.20313044637441638,0.4817943572998047,0.8294314682483672,0.2573801636092974,0.06056801293995731,0.06056801293995731,0.019414756260812283,0.05410231091082096,0.11384921520948409,0.03692321719355554,44
0.2514396607875824,0.9836876202961488,0.7485603392124176,0.007745672017335892,2.8581952131255,2.8581952131255,2.302136468887329,2.777289390563965,3.5427714824676513,0.49697748770993494,0.17864499976273068,0.17864499976273068,0.14388866126537322,0.17358789592981339,0.22143821716308593,0.03106311603528323,0.8933272329543408,0.8933272329543408,0.7995179414749145,0.9025884866714478,0.974430912733078,0.06825427351609245,Movies,0.18030035495758057,1,0.12307105958461761,1.325052817550536,1.325052817550536,1.2083389043807984,1.3176202178001404,1.4525343179702759,0.0933062064850275,0.16917300340987657,0.16917300340987657,0.11994864791631699,0.16370192170143127,0.22875211387872696,0.043492906330049604,visual,5.580445968250749,5.580445968250749,3.860490155220032,5.602770090103149,7.176116561889648,1.4504190053622417,0.5002363480730432,0.5002363480730432,0.34700127840042116,0.5031134784221649,0.6409944057464599,0.12970578914173786,44
0.2514396607875824,0.9836876202961488,0.7485603392124176,0.007745672017335892,2.821256101394435,2.821256101394435,2.232070803642273,2.7987823486328125,3.5712803125381467,0.6268540200415829,0.17633860516218886,0.17633860516218886,0.1395078644156456,0.17493145167827606,0.22321833521127699,0.039181326801862336,0.9898392654483469,0.9898392654483469,0.9781219840049744,0.9919845163822174,0.9987814784049988,0.008714611573160088,Movies,0.18030035495758057,2,0.12307105958461761,1.3267506370303042,1.3267506370303042,1.2108858466148376,1.3191880583763123,1.4556629419326783,0.09365668606951158,0.1799377736730694,0.1799377736730694,0.12244108468294143,0.17238520085811615,0.2501966148614883,0.04952631755960609,visual,1.22841945636998,1.22841945636998,0.6478253066539765,1.2650580406188965,1.7696503758430482,0.5171236411774243,0.15999378428477143,0.15999378428477143,0.06559065654873848,0.16001896560192108,0.255608531832695,0.0774010897583772,44
0.2514396607875824,0.9836876202961488,0.7485603392124176,0.007745672017335892,2.8065589124532577,2.8065589124532577,2.1884681463241575,2.830018162727356,3.62560715675354,0.7228108889241729,0.1754224735578679,0.1754224735578679,0.13679240345954896,0.1768876388669014,0.22662103921175003,0.045179895454321814,0.9982852966644428,0.9982852966644428,0.9963979363441468,0.9985700249671936,0.9997856676578522,0.001372110381199265,Movies,0.18030035495758057,3,0.12307105958461761,1.3273106597564157,1.3273106597564157,1.2108487844467164,1.3198831677436829,1.4566012978553773,0.09378118287802409,0.19041388668589143,0.19041388668589143,0.12261162251234055,0.180380217730999,0.27675650715827943,0.059153878441065365,visual,0.5292831794467057,0.5292831794467057,0.23673217147588732,0.5326835513114929,0.8411652028560638,0.24109775914333922,0.07438489569707686,0.07438489569707686,0.025534710474312307,0.0698278360068798,0.1342233747243881,0.041553518712634414,44
0.23557491600513458,0.8256427874245639,0.7644250839948654,0.014828667044639587,2.277730835375866,2.277730835375866,1.8595980644226073,2.2450573444366455,2.746738576889038,0.3454435953289494,0.14236299255641757,0.14236299255641757,0.11622760593891143,0.1403195559978485,0.17167592644691468,0.021591231819548647,0.923184802198675,0.923184802198675,0.8408121228218078,0.9365691542625427,0.9872410535812378,0.060061690798339624,Toys,0.1513798087835312,1,0.10209529846906662,1.1070897207826944,1.1070897207826944,1.0164534091949462,1.1028379201889038,1.2005729913711547,0.07365768417957179,0.13125471170432731,0.13125471170432731,0.09557351022958756,0.12805813550949097,0.17130004465579987,0.03117473056924432,text,4.803428743270867,4.803428743270867,3.1117835998535157,4.674663543701172,6.507273292541505,1.650930119162235,0.4335316392548864,0.4335316392548864,0.2798323631286621,0.42100077867507935,0.5886837720870972,0.1501317293507861,42
0.23557491600513458,0.8256427874245639,0.7644250839948654,0.014828667044639587,2.2366967514682923,2.2366967514682923,1.8135318994522094,2.2576076984405518,2.7520050525665285,0.46679344719069094,0.139799105680817,0.139799105680817,0.11334938853979111,0.14110703766345978,0.17200904488563537,0.02917587978780793,0.9911004145728934,0.9911004145728934,0.9815538167953491,0.9929844737052917,0.9985729336738587,0.007746708535254247,Toys,0.1513798087835312,2,0.10209529846906662,1.1074642297091994,1.1074642297091994,1.0165644884109497,1.1031538248062134,1.2010722398757934,0.07369412774778103,0.13594140491859438,0.13594140491859438,0.09768628925085068,0.13094042241573334,0.18192386329174048,0.03350914667125122,text,1.2432485374076552,1.2432485374076552,0.6723461747169495,1.2326126098632812,1.7855367898941044,0.6093077445176854,0.1482788165002885,0.1482788165002885,0.06873389631509781,0.14506056904792786,0.23173695504665393,0.07353081706240372,42
0.23557491600513458,0.8256427874245639,0.7644250839948654,0.014828667044639587,2.2040687114457542,2.2040687114457542,1.7840877532958985,2.248854637145996,2.7458053588867197,0.515052210074278,0.13776068726793475,0.13776068726793475,0.11150870770215988,0.14056076109409332,0.17162405848503115,0.03219240989234716,0.9984325833037211,0.9984325833037211,0.996722674369812,0.9987434148788452,0.999736750125885,0.0013045819941438087,Toys,0.1513798087835312,3,0.10209529846906662,1.1073488631321053,1.1073488631321053,1.016739821434021,1.1031646728515625,1.200734543800354,0.07351889745887517,0.14207843030458864,0.14207843030458864,0.0976539820432663,0.1359667032957077,0.19662231206893932,0.03939973189218043,text,0.5498458827294641,0.5498458827294641,0.27642612457275395,0.542970597743988,0.8127680659294129,0.2865124321618837,0.06862378132335485,0.06862378132335485,0.027665732055902482,0.06566266715526581,0.11534020900726323,0.03545381977583799,42
0.2751869559288025,0.8824376501148944,0.7248130440711975,0.025776103138923645,2.523666300232774,2.523666300232774,2.0216057777404783,2.456338882446289,3.1259747982025154,0.4577513327138559,0.15773480542113352,0.15773480542113352,0.1263542115688324,0.15352529287338257,0.19538065493106846,0.028611083122004107,0.9102521330701409,0.9102521330701409,0.8231338262557983,0.9240632057189941,0.9805742025375367,0.06511802429396364,Toys,0.16003677248954773,1,0.13922210037708282,1.5186429810368458,1.5186429810368458,1.3898778438568116,1.5159181356430054,1.652010726928711,0.10094197292858562,0.1827407112589462,0.1827407112589462,0.13247689604759216,0.1785951405763626,0.23956966996192935,0.04333003336439629,visual,5.184282595316129,5.184282595316129,3.583616828918457,5.0218400955200195,6.824416160583498,1.5646530303483155,0.4640232785913024,0.4640232785913024,0.31882659792900087,0.4490569829940796,0.6125937700271608,0.14113665708931225,42
0.2751869559288025,0.8824376501148944,0.7248130440711975,0.025776103138923645,2.5336502219968158,2.5336502219968158,1.972955012321472,2.4838953018188477,3.21474461555481,0.5410620688555661,0.15836001023046914,0.15836001023046914,0.12331548929214478,0.15525434911251068,0.20092611908912658,0.033818229780421656,0.9891618522332757,0.9891618522332757,0.9784206628799439,0.9911932945251465,0.9978922486305237,0.009318598815636745,Toys,0.16003677248954773,2,0.13922210037708282,1.5202817310599148,1.5202817310599148,1.391268253326416,1.5181360244750977,1.6541242122650148,0.10130202691067233,0.19061831187499148,0.19061831187499148,0.13620344400405884,0.1839824765920639,0.2560127675533295,0.047036727698863176,visual,1.3381611783540794,1.3381611783540794,0.7842870712280273,1.3369407653808594,1.8655214309692385,0.6162440939640419,0.16198674401874077,0.16198674401874077,0.08045352399349212,0.1588762253522873,0.2468590021133423,0.07677342275029471,42
0.2751869559288025,0.8824376501148944,0.7248130440711975,0.025776103138923645,2.517104807419747,2.517104807419747,1.956433367729187,2.536074161529541,3.297864294052124,0.7272620316754836,0.15732729722463665,0.15732729722463665,0.12227930277585983,0.15850886702537537,0.20612466335296634,0.04545674175264587,0.998270443085456,0.998270443085456,0.9964555501937866,0.998602032661438,0.9996684551239013,0.0014006122513392316,Toys,0.16003677248954773,3,0.13922210037708282,1.5212050921446345,1.5212050921446345,1.3922245502471924,1.518822193145752,1.6549198389053346,0.10127457982709656,0.1998358246719356,0.1998358246719356,0.1364077866077423,0.19137462973594666,0.2776126623153687,0.05519354359936616,visual,0.565320382443692,0.565320382443692,0.29677640795707705,0.5616796612739563,0.8238197326660157,0.28761459194289324,0.07209890627514015,0.07209890627514015,0.030460193753242496,0.06918555498123169,0.12039753198623673,0.03675402547539888,42
0.2435302734375,0.9291152034115929,0.7564697265625,0.008285127580165863,2.191059108916918,2.191059108916918,1.808446717262268,2.162458658218384,2.624336099624634,0.31820759705127316,0.13694615460877466,0.13694615460877466,0.11303113698959351,0.1351606696844101,0.16402477025985718,0.019889007402969533,0.9282406687275687,0.9282406687275687,0.8517817258834839,0.940804123878479,0.9880222082138062,0.05618252136976403,Toys,0.14775441586971283,1,0.0963238775730133,1.0015381959216783,1.0015381959216783,0.9275468826293946,0.997114360332489,1.082848072052002,0.05982715459411585,0.12240336978086659,0.12240336978086659,0.08921628147363662,0.12015578150749207,0.1591649800539017,0.02848730177909212,text,4.528603460858312,4.528603460858312,2.9173285961151123,4.4031758308410645,6.140935611724854,1.5856847971338162,0.4251785543519887,0.4251785543519887,0.2741010248661041,0.41203540563583374,0.5736312270164491,0.14957454031818368,43
0.2435302734375,0.9291152034115929,0.7564697265625,0.008285127580165863,2.160239764048661,2.160239764048661,1.7640082597732545,2.1611437797546387,2.6421447753906255,0.40716106730353774,0.13502060875288885,0.13502060875288885,0.11025426089763642,0.13507592678070068,0.1651384919881821,0.02544879380201999,0.9916623230572627,0.9916623230572627,0.9827581644058228,0.9934267997741699,0.9986290335655212,0.0072543733015835235,Toys,0.14775441586971283,2,0.0963238775730133,1.001982368257029,1.001982368257029,0.9281695485115051,0.9976533055305481,1.0830757379531861,0.05979433770711387,0.12624622569150554,0.12624622569150554,0.09119081646203994,0.12203638255596161,0.16900707185268407,0.03039856285387216,text,1.184878393928355,1.184878393928355,0.6470399379730225,1.1647506952285767,1.712401270866394,0.5854862681297498,0.1455348805590224,0.1455348805590224,0.06831907480955124,0.14100800454616547,0.22709996998310092,0.0729347840752525,43
0.2435302734375,0.9291152034115929,0.7564697265625,0.008285127580165863,2.1088892356504054,2.1088892356504054,1.7358181715011596,2.1550583839416504,2.6302411556243896,0.5144415258699475,0.13181197294279326,0.13181197294279326,0.10849583446979523,0.13469672203063965,0.1643969178199768,0.032154342607328475,0.9985674747754826,0.9985674747754826,0.9970066666603088,0.9988603591918945,0.9997577905654907,0.0012004470723449721,Toys,0.14775441586971283,3,0.0963238775730133,1.002142806509953,1.002142806509953,0.9283595681190491,0.9979307651519775,1.0831839799880982,0.059831358698277555,0.13173763685515247,0.13173763685515247,0.09114245176315308,0.12645334005355835,0.18186183273792278,0.035701480687325635,text,0.5188916784607522,0.5188916784607522,0.2582842350006104,0.5101056098937988,0.7689904808998109,0.2756737915225237,0.06634764682046844,0.06634764682046844,0.0271111648529768,0.06333592534065247,0.11194287091493607,0.03453227946100276,43
0.2757924497127533,0.8367399679714866,0.7242075502872467,0.030486812815070152,2.3606229842808544,2.3606229842808544,1.9207194805145265,2.3090105056762695,2.878485393524171,0.3969637040734057,0.14754415596846848,0.14754415596846848,0.12004917562007904,0.14431655406951904,0.17991183102130898,0.024811693772716716,0.9128939616893276,0.9128939616893276,0.8279975175857544,0.9261568784713745,0.9812734842300416,0.06375397263804286,Toys,0.157477006316185,1,0.12474477291107178,1.360943475014981,1.360943475014981,1.251669955253601,1.3572156429290771,1.4770544052124024,0.08781117377506956,0.16341059603522468,0.16341059603522468,0.11769780218601227,0.15908865630626678,0.21624082922935486,0.03991705264488841,visual,5.1231864062928505,5.1231864062928505,3.505531406402588,4.951838493347168,6.7627468109130895,1.5737399305693711,0.45883998511074725,0.45883998511074725,0.31276062726974485,0.44345372915267944,0.6067476391792298,0.14124725203914743,43
0.2757924497127533,0.8367399679714866,0.7242075502872467,0.030486812815070152,2.3599064954629205,2.3599064954629205,1.885536003112793,2.318056583404541,2.9339589595794684,0.46048696529480165,0.14750042883165682,0.14750042883165682,0.11784909814596176,0.14488406479358673,0.18337988555431367,0.028782152569183973,0.9894723115897057,0.9894723115897057,0.978914451599121,0.9915266036987305,0.9979790329933167,0.009100119779749121,Toys,0.157477006316185,2,0.12474477291107178,1.3627707492645653,1.3627707492645653,1.2526628017425536,1.3590127229690552,1.4793163537979126,0.08811379713150698,0.17022075122913088,0.17022075122913088,0.12050880491733551,0.16393829882144928,0.2304816693067551,0.04289115511068031,visual,1.327071032646774,1.327071032646774,0.7705402731895447,1.3212534189224243,1.8612057209014894,0.6161858091692658,0.16001585942916355,0.16001585942916355,0.0787455141544342,0.15645308792591095,0.24503510594367983,0.07609692013542285,43
0.2757924497127533,0.8367399679714866,0.7242075502872467,0.030486812815070152,2.3260041768863116,2.3260041768863116,1.8585236072540283,2.3522932529449463,3.003591871261597,0.6633562086802205,0.14538274393321873,0.14538274393321873,0.11616053581237794,0.14702624082565308,0.1877318382263184,0.04146253026268074,0.9983156854244037,0.9983156854244037,0.9965314865112305,0.9986554384231567,0.9996848344802857,0.0013898275016441177,Toys,0.157477006316185,3,0.12474477291107178,1.3639177952506283,1.3639177952506283,1.2539072036743164,1.3602068424224854,1.4806865215301515,0.08820051342466394,0.17845167085405966,0.17845167085405966,0.1209737405180931,0.17102208733558655,0.2497834771871567,0.050323684168519026,visual,0.561542824086889,0.561542824086889,0.29206945300102233,0.5577197670936584,0.8204545855522156,0.2881204520484006,0.07126731137390982,0.07126731137390982,0.02985842674970627,0.06825070828199387,0.11903039067983628,0.036606729381766255,43
0.23155537247657776,0.8258432332041445,0.7684446275234222,0.019594542682170868,2.0524603149687812,2.0524603149687812,1.7564508199691773,2.042689323425293,2.365715503692627,0.24101524457774132,0.12828307505256553,0.12828307505256553,0.10978122800588608,0.1276703029870987,0.14786200523376467,0.015064440383086136,0.9197732575246751,0.9197732575246751,0.8356282353401184,0.9335274696350098,0.9863278865814209,0.062368526057957986,Toys,0.14275690913200378,1,0.10844966769218445,1.1590402040368666,1.1590402040368666,1.0709468364715575,1.154949426651001,1.2529782295227052,0.07142754031679648,0.13687266222952602,0.13687266222952602,0.10017541944980621,0.13408641517162323,0.17838025689125062,0.03198447184230447,text,4.940120676622466,4.940120676622466,3.222244691848755,4.8126540184021,6.659255886077881,1.6639149018564385,0.4414932156696005,0.4414932156696005,0.28692755103111267,0.4287991225719452,0.5959873318672181,0.14973614649447328,44
0.23155537247657776,0.8258432332041445,0.7684446275234222,0.019594542682170868,2.024660473616803,2.024660473616803,1.7168787479400636,2.043729543685913,2.378942394256592,0.3399436447864406,0.12654628164323817,0.12654628164323817,0.10730863213539124,0.12773747742176056,0.14869149029254913,0.021247721350286783,0.9905223790042266,0.9905223790042266,0.9805604457855225,0.9924718737602234,0.9984175205230713,0.008150839703447167,Toys,0.14275690913200378,2,0.10844966769218445,1.159491760548142,1.159491760548142,1.0711916208267211,1.155468225479126,1.2540638446807861,0.07154532710819042,0.14188717651799929,0.14188717651799929,0.10238164514303208,0.1368480920791626,0.18977961838245394,0.03460991668883162,text,1.2847604336585772,1.2847604336585772,0.7072738766670227,1.2716745138168335,1.8431832790374758,0.6181012691682545,0.15252228842476107,0.15252228842476107,0.07178249955177309,0.14931711554527283,0.23655815720558168,0.07452213182529195,44
0.23155537247657776,0.8258432332041445,0.7684446275234222,0.019594542682170868,1.9802015265915656,1.9802015265915656,1.696514081954956,2.051002025604248,2.3863330841064454,0.46917727771159057,0.12376836613137891,0.12376836613137891,0.10603581368923187,0.12819437682628632,0.14915638864040376,0.029325303186724556,0.9983939257040206,0.9983939257040206,0.9966681480407715,0.9987102746963501,0.9997241616249084,0.0013356209521511006,Toys,0.14275690913200378,3,0.10844966769218445,1.159485670459763,1.159485670459763,1.0710647344589233,1.1554847955703735,1.2535816192626954,0.07158602703893825,0.14836908062660312,0.14836908062660312,0.10249367356300354,0.14227509498596191,0.205208969116211,0.040773322728105466,text,0.558649677686415,0.558649677686415,0.28145685195922854,0.5534353852272034,0.8230122685432435,0.2897743568736802,0.06944716120723467,0.06944716120723467,0.028567603975534442,0.06666401773691177,0.11605097949504854,0.0356857350909057,44
0.2700902223587036,0.8497346331053788,0.7299097776412964,0.023894602432847023,2.3976591566071277,2.3976591566071277,1.9322046518325806,2.33622407913208,2.961626148223879,0.4211104715390968,0.14985891617873665,0.14985891617873665,0.12076571136713028,0.14601793885231018,0.1851083517074586,0.026320866842352034,0.9133131460885432,0.9133131460885432,0.8279377937316894,0.9272091388702393,0.9812556147575379,0.06394353093515306,Toys,0.15445557236671448,1,0.12452366948127747,1.3616388858588717,1.3616388858588717,1.238976526260376,1.3530898094177246,1.497848224639893,0.10056027783069398,0.16293359647641567,0.16293359647641567,0.11667408794164658,0.1578953117132187,0.21712794005870822,0.0408787917555773,visual,5.132934860192302,5.132934860192302,3.502387285232544,4.963680744171143,6.78611011505127,1.5886188177726275,0.45810786645193335,0.45810786645193335,0.31368703246116636,0.44291767477989197,0.6060285687446595,0.14196083352065653,44
0.2700902223587036,0.8497346331053788,0.7299097776412964,0.023894602432847023,2.4066519474380272,2.4066519474380272,1.9012234210968018,2.352220058441162,3.0302998542785646,0.4917237695262043,0.15042199513844684,0.15042199513844684,0.11882936209440231,0.14702241122722626,0.18939960598945618,0.03073444623441992,0.989565801182701,0.989565801182701,0.9790852546691895,0.9916034936904907,0.9980087280273438,0.009159961795719533,Toys,0.15445557236671448,2,0.12452366948127747,1.3632742286160477,1.3632742286160477,1.2400893926620484,1.354542851448059,1.5001143217086792,0.10097446985821497,0.1696280698952366,0.1696280698952366,0.11948114931583405,0.16245701909065247,0.2310976803302766,0.04410132510047274,visual,1.3282231372076077,1.3282231372076077,0.7689318299293518,1.3211246728897095,1.8731212854385377,0.6222554513034877,0.15938656854611832,0.15938656854611832,0.07828982770442963,0.1559273898601532,0.2440124779939652,0.07634975425248802,44
0.2700902223587036,0.8497346331053788,0.7299097776412964,0.023894602432847023,2.3831127393601936,2.3831127393601936,1.8765592098236084,2.391685962677002,3.0956501960754395,0.6521736761955702,0.14895193415856114,0.14895193415856114,0.1172886148095131,0.14948566257953644,0.19348883628845218,0.040763368253964184,0.9983641577965109,0.9983641577965109,0.9965944528579712,0.998704195022583,0.9996955633163452,0.0013606984422098454,Toys,0.15445557236671448,3,0.12452366948127747,1.364394612668303,1.364394612668303,1.2408863067626954,1.3561478853225708,1.501102900505066,0.10104505972020005,0.17770052987917462,0.17770052987917462,0.11958667188882828,0.16886721551418304,0.24964407086372375,0.051411555822250384,visual,0.5571110216226975,0.5571110216226975,0.2856791794300079,0.5522163510322571,0.8163521885871888,0.28882206724513293,0.07026475886121131,0.07026475886121131,0.02938346453011036,0.0672827735543251,0.11737040728330614,0.03610098110124677,44
0.23492039740085602,0.901218929511042,0.765079602599144,0.016013478860259056,2.6080705187241673,2.6080705187241673,2.074554467201233,2.5340468883514404,3.258256649971009,0.463827412198237,0.16301163904612373,0.16301163904612373,0.12966468036174775,0.15838389843702316,0.20364802777767185,0.028991084360706403,0.9174792804901781,0.9174792804901781,0.8225193977355957,0.9321355819702148,0.9913651764392852,0.06676321919161739,Grocery,0.15807834267616272,1,0.11987654864788055,1.3965640435372972,1.3965640435372972,1.2535513997077943,1.3772236108779907,1.5761807322502137,0.12599494209647674,0.18521211266494075,0.18521211266494075,0.12315414622426032,0.17929686605930328,0.255977088212967,0.05525814000753644,text,5.405056022602444,5.405056022602444,3.6482115983963013,5.325198411941528,7.009412765502931,1.9240080385632008,0.4836298387033584,0.4836298387033584,0.3247828960418701,0.47617432475090027,0.6287465035915376,0.1729163557512244,42
0.23492039740085602,0.901218929511042,0.765079602599144,0.016013478860259056,2.6398360447518905,2.6398360447518905,2.069393348693848,2.5710716247558594,3.362174868583679,0.5633235195243749,0.16499891448934542,0.16499891448934542,0.12934216260910034,0.16069873422384262,0.21014516055583954,0.035210359791467576,0.9864312111144464,0.9864312111144464,0.9715165138244629,0.9908183813095093,0.9976789891719818,0.015441971543509316,Grocery,0.15807834267616272,2,0.11987654864788055,1.39666968054133,1.39666968054133,1.254053497314453,1.3775878548622131,1.5767374992370606,0.12593181265407385,0.19294263488446484,0.19294263488446484,0.1265774741768837,0.18692688643932343,0.26884102523326875,0.05492708613226937,text,1.4280985656365432,1.4280985656365432,0.8585180163383483,1.3679705262184143,1.9912753939628602,0.7780667210829414,0.19093277938972206,0.19093277938972206,0.09333216100931167,0.1761133074760437,0.28562451004982,0.10836373104910195,42
0.23492039740085602,0.901218929511042,0.765079602599144,0.016013478860259056,2.6692069705527266,2.6692069705527266,2.086557674407959,2.5979092121124268,3.4290857553482055,0.6066555259906898,0.16683738404844353,0.16683738404844353,0.130416239798069,0.1623844876885414,0.2143377885222435,0.0379201211001068,0.9980838186772713,0.9980838186772713,0.9962851524353027,0.9983699321746826,0.9995103299617767,0.0013614848840921413,Grocery,0.15807834267616272,3,0.11987654864788055,1.3966408562741208,1.3966408562741208,1.254086184501648,1.377163589000702,1.5774101734161377,0.12601645597450517,0.20871036615300367,0.20871036615300367,0.12716608345508576,0.1988271176815033,0.30619792342185975,0.06835747850673933,text,0.6648407422510315,0.6648407422510315,0.38242330253124235,0.6282719671726227,0.9764128684997558,0.3705903035703231,0.09246019475276256,0.09246019475276256,0.04420324265956879,0.08372610062360764,0.16260472387075425,0.046087210674092376,42
0.27678555250167847,0.7572539723002935,0.7232144474983215,0.03398393467068672,2.851789643271494,2.851789643271494,2.2975836277008055,2.778601050376892,3.522376012802124,0.5065840231443032,0.17824707485648988,0.17824707485648988,0.1436040684580803,0.17366963624954224,0.2201635494828224,0.03166536420481172,0.9029795163578014,0.9029795163578014,0.7932481288909912,0.9198663830757141,0.9890150785446167,0.07759128660332547,Grocery,0.17241279780864716,1,0.12888765335083008,1.4295428165915254,1.4295428165915254,1.3106124877929688,1.4278126955032349,1.5526426553726196,0.09287437055839148,0.20387882600387122,0.20387882600387122,0.13473654687404632,0.19498313963413239,0.28787359297275544,0.06271594083961937,visual,5.481654777130684,5.481654777130684,3.6747202396392824,5.399653673171997,7.166956853866577,1.857496621743039,0.5116157418663457,0.5116157418663457,0.3507275611162186,0.5064113736152649,0.6565430462360383,0.1702099904187443,42
0.27678555250167847,0.7572539723002935,0.7232144474983215,0.03398393467068672,2.8729950625728042,2.8729950625728042,2.2939441919326784,2.8242820501327515,3.5824734926223756,0.5536556805248215,0.17957580633083553,0.17957580633083553,0.14338000118732452,0.17653145641088486,0.22392558604478838,0.034607240752757056,0.9838898376815559,0.9838898376815559,0.9661576271057128,0.9889734089374542,0.997273975610733,0.017817526506581163,Grocery,0.17241279780864716,2,0.12888765335083008,1.433738115389034,1.433738115389034,1.3145375370979309,1.4328213334083557,1.556529414653778,0.09324164358997336,0.2145419831993053,0.2145419831993053,0.1398527964949608,0.2072795331478119,0.2984502524137497,0.062256504698001376,visual,1.4295481250127158,1.4295481250127158,0.8765309810638428,1.3824799060821533,1.971979022026062,0.734966874864413,0.20452547334841464,0.20452547334841464,0.10278851389884949,0.19035439938306808,0.30443747639656066,0.11187235082061965,42
0.27678555250167847,0.7572539723002935,0.7232144474983215,0.03398393467068672,2.9110853857415,2.9110853857415,2.3216480255126952,2.926876664161682,3.720705604553223,0.7324077684603377,0.1819611202806301,0.1819611202806301,0.1451113149523735,0.18294525146484375,0.23256572484970092,0.04578124115755288,0.9980544662976888,0.9980544662976888,0.9961689591407776,0.9983580708503723,0.9995152235031128,0.0014300636768648039,Grocery,0.17241279780864716,3,0.12888765335083008,1.435108990465099,1.435108990465099,1.3153409123420716,1.4345027804374695,1.557104218006134,0.09306957353355239,0.23207077237920215,0.23207077237920215,0.1414225220680237,0.22117315977811813,0.340713718533516,0.07590955899010264,visual,0.619539962872369,0.619539962872369,0.34563601911067965,0.5875963568687439,0.9244167447090149,0.3497169345729445,0.09277275931619645,0.09277275931619645,0.04420367330312729,0.08455143123865128,0.16240286678075794,0.04645314906665303,42
0.2313959151506424,0.9346376523221231,0.7686040848493576,0.01970817707479,2.7429684949476965,2.7429684949476965,2.2219690322875976,2.673245072364807,3.3676084280014043,0.4527965510306375,0.17144309458308313,0.17144309458308313,0.13887689262628555,0.16708655655384064,0.21048520654439928,0.028301683744350936,0.9186757766098723,0.9186757766098723,0.8261177778244019,0.9322140216827393,0.9913697481155396,0.06482682496621406,Grocery,0.17283037304878235,1,0.12590399384498596,1.4845711413473746,1.4845711413473746,1.3225614070892333,1.468730866909027,1.6715394973754882,0.1361981788454466,0.19618642749532114,0.19618642749532114,0.1315724864602089,0.1903647556900978,0.2707583874464035,0.05639925392782928,text,5.38250385604461,5.38250385604461,3.65289511680603,5.3141796588897705,6.954369354248048,1.895217301904872,0.4818790282415268,0.4818790282415268,0.3257873415946961,0.47492051124572754,0.6230715274810792,0.17017801315287134,43
0.2313959151506424,0.9346376523221231,0.7686040848493576,0.01970817707479,2.7693442520279126,2.7693442520279126,2.2008960247039795,2.7004430294036865,3.5049981832504273,0.5643202748484967,0.17309359473088373,0.17309359473088373,0.13756109327077867,0.1687852218747139,0.21907152831554413,0.03527267786013462,0.986599952429341,0.986599952429341,0.9722923159599304,0.9909361898899078,0.9976722836494446,0.015413250225858571,Grocery,0.17283037304878235,2,0.12590399384498596,1.4833256433324846,1.4833256433324846,1.3221963047981262,1.467160701751709,1.6699150919914247,0.13578113071300185,0.20439272153155158,0.20439272153155158,0.1351671189069748,0.19799745827913284,0.2815128952264786,0.05719678031464408,text,1.41935840680523,1.41935840680523,0.8586040079593659,1.3610184788703918,1.9798225164413452,0.7629211833872458,0.1893084306607288,0.1893084306607288,0.0935853011906147,0.17439236491918564,0.28266134560108186,0.10595284072126042,43
0.2313959151506424,0.9346376523221231,0.7686040848493576,0.01970817707479,2.8147838982733053,2.8147838982733053,2.218748116493225,2.75887668132782,3.5633990287780763,0.5935237183539209,0.17593667416640685,0.17593667416640685,0.13868551403284074,0.17244357615709305,0.2227300837635994,0.03709994202622569,0.998077359277861,0.998077359277861,0.9963075697422028,0.9983602166175842,0.9994885265827179,0.001341823080195744,Grocery,0.17283037304878235,3,0.12590399384498596,1.483902597722005,1.483902597722005,1.3223745226860046,1.4676499962806702,1.6713112115859985,0.13573206907276394,0.2211498414994611,0.2211498414994611,0.1362956777215004,0.21148668229579926,0.3209551513195038,0.07105810382947317,text,0.6671987948395788,0.6671987948395788,0.38617291748523713,0.6322899460792542,0.9767052888870239,0.36236109510372017,0.09274674211781396,0.09274674211781396,0.04447410963475704,0.08407589793205261,0.16239639967679978,0.04587443885319395,43
0.27718034386634827,0.7469130854605399,0.7228196561336517,0.0350591316819191,2.8662520519048553,2.8662520519048553,2.369248294830322,2.822914481163025,3.4469583511352537,0.43072163594086177,0.17915144454468776,0.17915144454468776,0.14808426797389984,0.17644059658050537,0.21545125991106034,0.026923943902841432,0.9009346394065785,0.9009346394065785,0.7906231105327606,0.9176091849803925,0.9887163758277893,0.07881807767051886,Grocery,0.1794564574956894,1,0.13144248723983765,1.5012871209500167,1.5012871209500167,1.3682974457740784,1.4988378286361694,1.6369525909423828,0.10218991474735574,0.21823388701476068,0.21823388701476068,0.14180115312337876,0.20784662663936615,0.3097858875989914,0.06916049179493845,visual,5.453760550266874,5.453760550266874,3.633918571472168,5.380863189697266,7.126535654067993,1.841211340752586,0.5161829674769829,0.5161829674769829,0.35513864159584047,0.5123388767242432,0.6600280642509461,0.1712669260125144,43
0.27718034386634827,0.7469130854605399,0.7228196561336517,0.0350591316819191,2.889021514665981,2.889021514665981,2.3759135484695433,2.8667917251586914,3.4758926391601563,0.4589277061678072,0.18057804831445995,0.18057804831445995,0.14850253760814666,0.1791830062866211,0.2172628939151764,0.028686967764829218,0.9836368948043168,0.9836368948043168,0.9657534480094909,0.9886670708656311,0.9971171975135803,0.017723063003628824,Grocery,0.1794564574956894,2,0.13144248723983765,1.505889454211342,1.505889454211342,1.3741086721420288,1.5045807361602783,1.6404624462127686,0.10171713763636213,0.22916872786785422,0.22916872786785422,0.1481984943151474,0.22171584516763687,0.3198588162660599,0.06730676713874321,visual,1.4201560623465765,1.4201560623465765,0.8769825518131257,1.3668820261955261,1.9609087586402898,0.7329677401976668,0.20657403511839248,0.20657403511839248,0.10398770570755006,0.191977359354496,0.3039036363363266,0.11339066144641502,43
0.27718034386634827,0.7469130854605399,0.7228196561336517,0.0350591316819191,2.900821097122493,2.900821097122493,2.401172399520874,2.9557831287384033,3.574240040779114,0.6699625663263515,0.18132023453538515,0.18132023453538515,0.15009428560733795,0.18475768715143204,0.2234178736805916,0.04187887877582735,0.9980556220741312,0.9980556220741312,0.9961928009986878,0.9983641803264618,0.999507075548172,0.001424130714617946,Grocery,0.1794564574956894,3,0.13144248723983765,1.5076765227795372,1.5076765227795372,1.3763246297836305,1.5064188241958618,1.6415774822235107,0.10119333946257109,0.24787605241468183,0.24787605241468183,0.14978634119033815,0.2369346246123314,0.36480496227741244,0.08177939559842665,visual,0.6112125601071957,0.6112125601071957,0.34133383333683015,0.5772255063056946,0.9108097195625307,0.35175176842704864,0.09278202187015044,0.09278202187015044,0.044776714965701105,0.084208644926548,0.16212664097547533,0.046368589987315696,43
0.23890534043312073,0.8907699515752212,0.7610946595668793,0.01180239487439394,2.6600259139608466,2.6600259139608466,2.054053258895874,2.547602653503418,3.4361809730529784,0.5470424869904059,0.16625899781548364,0.16625899781548364,0.12838154137134553,0.1592324897646904,0.21477074027061463,0.03419217091598386,0.9198234161281106,0.9198234161281106,0.8307598114013672,0.9327650368213654,0.9913024604320526,0.06353253882295061,Grocery,0.16150394082069397,1,0.1256597638130188,1.420573532092595,1.420573532092595,1.2609830141067504,1.4011024236679077,1.616588819026947,0.13474778627532727,0.18950062591575556,0.18950062591575556,0.12562036663293838,0.18307267129421234,0.26308211088180544,0.05611687851032353,text,5.324953212757203,5.324953212757203,3.6208556175231936,5.227413654327393,6.868597030639648,1.912230518669586,0.4812319050761195,0.4812319050761195,0.32760425806045534,0.4724346250295639,0.6199634850025177,0.17230192183126236,44
0.23890534043312073,0.8907699515752212,0.7610946595668793,0.01180239487439394,2.7115214106218692,2.7115214106218692,2.0404263019561766,2.5782153606414795,3.6458487987518313,0.6663177473701075,0.16947921312516,0.16947921312516,0.1275317996740341,0.1611418053507805,0.22788015753030777,0.041647484560818224,0.9868175492390573,0.9868175492390573,0.9726194322109223,0.9910763800144196,0.9976269602775574,0.014921868609465512,Grocery,0.16150394082069397,2,0.1256597638130188,1.4227797137402087,1.4227797137402087,1.2622796535491942,1.4033278822898865,1.6202321290969848,0.13543172186118133,0.19709381652448082,0.19709381652448082,0.12889998108148576,0.1895957514643669,0.2767094403505326,0.05758247195166425,text,1.4139069214779856,1.4139069214779856,0.8522631883621216,1.345796823501587,1.980919146537781,0.7969307057491974,0.19006054649807233,0.19006054649807233,0.09431599229574204,0.17385350912809372,0.28320066034793856,0.11109843001418518,44
0.23890534043312073,0.8907699515752212,0.7610946595668793,0.01180239487439394,2.7268384723486965,2.7268384723486965,2.0402665376663207,2.6074957847595215,3.673198223114014,0.708209776197464,0.17043918253462492,0.17043918253462492,0.1275270849466324,0.1629781424999237,0.2295842081308365,0.04426729895030068,0.9981793649263372,0.9981793649263372,0.9964704871177673,0.9984510540962219,0.9995053291320801,0.0012797994208817603,Grocery,0.16150394082069397,3,0.1256597638130188,1.4232567417003015,1.4232567417003015,1.2628096103668214,1.4033491015434265,1.620737111568451,0.1354239905182627,0.21309715580433883,0.21309715580433883,0.1297213301062584,0.2019801363348961,0.31578180491924285,0.0710933959165489,text,0.6576228156839977,0.6576228156839977,0.3779194504022598,0.6167948842048645,0.9665605366230011,0.38420823040176727,0.09130407335193512,0.09130407335193512,0.04384064935147763,0.08224806189537048,0.16031790375709537,0.0459871648365489,44
0.271039754152298,0.7071847491459294,0.728960245847702,0.02804824896156788,2.93117859777827,2.93117859777827,2.4004483938217165,2.8858171701431274,3.5375820636749267,0.45946803896834487,0.18320959208057006,0.18320959208057006,0.15003245323896408,0.18037626892328262,0.2211076930165291,0.0287204216594146,0.9059704199923807,0.9059704199923807,0.7996542692184448,0.9229978919029236,0.9893149614334107,0.07578576353465802,Grocery,0.18014931678771973,1,0.1275172382593155,1.4170630881919561,1.4170630881919561,1.3110579013824464,1.4162845015525818,1.5239636540412904,0.08366674178481771,0.206071057047835,0.206071057047835,0.13380036354064942,0.19626214355230331,0.2934580385684967,0.0661228688028175,visual,5.313230292217144,5.313230292217144,3.4504921436309814,5.2294323444366455,7.022888278961182,1.8612779408837097,0.5076498379057884,0.5076498379057884,0.3445321887731552,0.5022345185279846,0.6515638768672943,0.1738265143580499,44
0.271039754152298,0.7071847491459294,0.728960245847702,0.02804824896156788,2.944127067285464,2.944127067285464,2.39169921875,2.928775906562805,3.5948044776916506,0.5302722877750117,0.1840221688829717,0.1840221688829717,0.14949078410863875,0.1830722689628601,0.22468655556440353,0.03314557703235498,0.9843580962602855,0.9843580962602855,0.9667989492416382,0.989413321018219,0.9973844766616822,0.017547124293979015,Grocery,0.18014931678771973,2,0.1275172382593155,1.4202236193704063,1.4202236193704063,1.313337767124176,1.4189735651016235,1.5279051899909974,0.08399049646311765,0.2155779342100424,0.2155779342100424,0.1386121168732643,0.20744723081588745,0.3017714858055115,0.06381178394633293,visual,1.3904639739206484,1.3904639739206484,0.8404409110546113,1.3387941718101501,1.9509941339492798,0.724108897405651,0.2023596106526442,0.2023596106526442,0.10040422454476357,0.18765553086996078,0.3012046068906784,0.11328436247474236,44
0.271039754152298,0.7071847491459294,0.728960245847702,0.02804824896156788,2.956870587721292,2.956870587721292,2.4112834692001344,3.0061200857162476,3.6746090173721315,0.70326524886156,0.18482302019892857,0.18482302019892857,0.15072506964206694,0.1879134252667427,0.2296749755740166,0.043959157788905606,0.998152803338578,0.998152803338578,0.9963359594345093,0.9984569251537323,0.9995429158210755,0.0013823589115017855,Grocery,0.18014931678771973,3,0.1275172382593155,1.421593442725063,1.421593442725063,1.3145302057266235,1.4204765558242798,1.5287804007530212,0.08384244040897511,0.23271558117730193,0.23271558117730193,0.1400749072432518,0.22123298048973083,0.34443824589252475,0.07748078785876356,visual,0.5975591520180983,0.5975591520180983,0.3262964427471161,0.5626716017723083,0.9027079582214356,0.3444506461038843,0.09047586739525244,0.09047586739525244,0.042333110421895984,0.08205227181315422,0.15948519408702852,0.04600035137123317,44
0.23106986284255981,0.9555199577725363,0.7689301371574402,0.01676187478005886,4.022263322594852,4.022263322594852,2.6860424280166626,3.633488655090332,6.357928991317749,1.4279260762761008,0.251401177609732,0.251401177609732,0.16788209229707718,0.2270999699831009,0.39739006757736206,0.08924839601553555,0.9690642308791219,0.9690642308791219,0.9231887459754944,0.9838663041591644,0.9980959296226501,0.042353287694810886,ele-fashion,0.19518733024597168,1,0.14443297684192657,1.7478566058303946,1.7478566058303946,1.5605055093765259,1.7322195768356323,1.958017110824585,0.1581430243170389,0.23208765372084053,0.23208765372084053,0.14993136376142502,0.23100249469280243,0.3207036554813385,0.06913558483578425,text,4.923025855233356,4.923025855233356,2.9412739276885986,4.535397052764893,6.5007569789886475,3.13074569777048,0.434646213444388,0.434646213444388,0.25737908482551575,0.4026206433773041,0.5710917413234711,0.27794911281033324,42
0.23106986284255981,0.9555199577725363,0.7689301371574402,0.01676187478005886,3.9491373094696223,3.9491373094696223,2.5298023223876953,3.602121353149414,6.184736490249634,1.5855888795733835,0.24682987733492015,0.24682987733492015,0.1581183522939682,0.2251412346959114,0.38657672703266144,0.09910185001734984,0.9840149275715129,0.9840149275715129,0.9608860015869141,0.9904917776584625,0.9987498223781586,0.01864526261664296,ele-fashion,0.19518733024597168,2,0.14443297684192657,1.7377079578384675,1.7377079578384675,1.5597649812698364,1.7258947491645813,1.9343615770339966,0.14884922323573624,0.21287477764347698,0.21287477764347698,0.15163861960172653,0.21500779688358307,0.27121274173259735,0.04719545259965522,text,1.8099263363703875,1.8099263363703875,0.7241511940956116,1.4528899192810059,3.1369266510009766,1.736522703545185,0.24362019957002812,0.24362019957002812,0.07396113872528076,0.18856578320264816,0.4920588880777359,0.19836800968504625,42
0.23106986284255981,0.9555199577725363,0.7689301371574402,0.01676187478005886,4.1351272644621,4.1351272644621,2.6443302631378174,3.7964701652526855,6.648167848587036,1.596531646325452,0.2584577896575955,0.2584577896575955,0.16527456790208817,0.23729872703552246,0.4155251681804657,0.09978678413207084,0.9985811105599085,0.9985811105599085,0.9968295693397522,0.9991042017936707,0.9997997283935547,0.0017494440033344577,ele-fashion,0.19518733024597168,3,0.14443297684192657,1.750503979464652,1.750503979464652,1.5632045269012451,1.734238088130951,1.9626353979110718,0.15930683631199574,0.23895947215593763,0.23895947215593763,0.15315397828817368,0.243454247713089,0.31845447421073914,0.06449594517226255,text,0.963312811872212,0.963312811872212,0.36065448820590973,0.861568033695221,1.5268884301185608,0.9082871342789105,0.11470386707602459,0.11470386707602459,0.03543895483016968,0.11127044260501862,0.19114059209823608,0.06643149828323923,42
0.24639883637428284,0.8645705444994081,0.7536011636257172,0.004068430513143539,2.7871357785149216,2.7871357785149216,2.0347520112991333,2.560436248779297,4.029324531555176,0.7611977065650364,0.17420335381015867,0.17420335381015867,0.12717513740062714,0.1600361168384552,0.25184299051761627,0.0475771773100953,0.955117311928485,0.955117311928485,0.8817943930625916,0.9775830209255219,0.9979794919490814,0.05673572414731978,ele-fashion,0.17420059442520142,1,0.10897447913885117,1.1835266577331265,1.1835266577331265,1.0697382092475891,1.1641696095466614,1.325003206729889,0.1027820860563422,0.16171461232455417,0.16171461232455417,0.10527820512652397,0.16275009512901306,0.22126400470733643,0.046037200444824164,visual,5.207279616902085,5.207279616902085,3.4366320371627808,4.7032201290130615,6.681463956832886,3.082023554669538,0.4635463486865296,0.4635463486865296,0.30555932223796844,0.41715630888938904,0.5946592688560486,0.27350911197222294,42
0.24639883637428284,0.8645705444994081,0.7536011636257172,0.004068430513143539,2.776032578625935,2.776032578625935,1.9935113191604614,2.610861659049988,3.9649475812911987,0.7976363430276404,0.1735088703910922,0.1735088703910922,0.12459899857640266,0.16318491101264954,0.2478194385766983,0.049853638582373655,0.981939004688624,0.981939004688624,0.960357666015625,0.9867245554924011,0.9978354573249817,0.017405047068949023,ele-fashion,0.17420059442520142,2,0.10897447913885117,1.1841871620597517,1.1841871620597517,1.0704177021980286,1.1649211049079895,1.3254322409629822,0.10261939287516683,0.15037373542087043,0.15037373542087043,0.10681993141770363,0.15350255370140076,0.18915211409330368,0.03287342395791219,visual,1.8588957527372345,1.8588957527372345,0.8492625057697296,1.5267809629440308,3.1155412197113037,1.6825130709886353,0.25533513019115733,0.25533513019115733,0.09280522912740707,0.20384196192026138,0.4982730746269226,0.19482171370275744,42
0.24639883637428284,0.8645705444994081,0.7536011636257172,0.004068430513143539,2.8833237480833023,2.8833237480833023,2.0169321298599243,2.674884796142578,4.271125316619873,0.8691998111517891,0.1802171797983649,0.1802171797983649,0.12606455385684967,0.16719216853380203,0.26695939898490906,0.05432747849284809,0.998308148776695,0.998308148776695,0.9962856769561768,0.9987925291061401,0.9997524917125702,0.001721635362659341,ele-fashion,0.17420059442520142,3,0.10897447913885117,1.1844307581234117,1.1844307581234117,1.0704541206359863,1.1651257872581482,1.325633943080902,0.1027315728713025,0.1676685055481199,0.1676685055481199,0.107298843562603,0.17310968041419983,0.21950365602970123,0.044086429005640485,visual,0.9765658752748667,0.9765658752748667,0.42379558086395264,0.8739773631095886,1.5026385188102722,0.8959143494438183,0.11907960051647504,0.11907960051647504,0.04478701949119568,0.11788089200854301,0.18866541981697083,0.06248684889467558,42
0.21322594583034515,0.9281766940858346,0.7867740541696548,0.038121070712804794,4.709573251994543,4.709573251994543,3.253577709197998,4.48919153213501,6.473882436752319,1.3101219136309719,0.29436011855353084,0.29436011855353084,0.20335853099822998,0.2805909067392349,0.40463949739933014,0.08188584685526805,0.9666774303560535,0.9666774303560535,0.9164913892745972,0.982393741607666,0.9979391694068909,0.0440345400284684,ele-fashion,0.21790413558483124,1,0.1392529159784317,1.6881135193378765,1.6881135193378765,1.488792061805725,1.6513585448265076,1.9493697881698608,0.1840346203523899,0.2276843869143775,0.2276843869143775,0.14300145953893661,0.22433536499738693,0.32160584628582,0.07219215923864654,text,4.990135982488302,4.990135982488302,3.04071581363678,4.594732761383057,6.52483057975769,3.1070165695808662,0.44224246969451936,0.44224246969451936,0.26782457530498505,0.4090731143951416,0.5787409543991089,0.27646530220297244,43
0.21322594583034515,0.9281766940858346,0.7867740541696548,0.038121070712804794,4.689539632576155,4.689539632576155,3.1143527030944824,4.442795276641846,6.66583776473999,1.5238320378118704,0.29310707907750766,0.29310707907750766,0.19465159624814987,0.27768783271312714,0.41663026809692383,0.09524237552340929,0.9832735147071963,0.9832735147071963,0.95967897772789,0.9895900189876556,0.9985716938972473,0.018777458312385507,ele-fashion,0.21790413558483124,2,0.1392529159784317,1.6762324882344266,1.6762324882344266,1.4829182028770447,1.6419602036476135,1.9206699132919312,0.17872777389177716,0.2077330707544032,0.2077330707544032,0.14570746570825577,0.2081301510334015,0.26899096369743347,0.04843309452162547,text,1.8329346639334976,1.8329346639334976,0.7543115317821503,1.480508804321289,3.1421895027160645,1.741717080615185,0.24944250828697093,0.24944250828697093,0.07829709723591805,0.19464707374572754,0.5002242028713226,0.2008477532318691,43
0.21322594583034515,0.9281766940858346,0.7867740541696548,0.038121070712804794,4.817171180746342,4.817171180746342,3.1974172592163086,4.672468423843384,6.766860246658325,1.4901832000388047,0.3010882837519584,0.3010882837519584,0.19985434412956238,0.29204052686691284,0.42293938994407654,0.093140547109169,0.9984758184226741,0.9984758184226741,0.9966261386871338,0.9990034997463226,0.9997804760932922,0.001847236452823254,ele-fashion,0.21790413558483124,3,0.1392529159784317,1.6910922176925762,1.6910922176925762,1.4904587864875793,1.6526815295219421,1.955826759338379,0.18592833558671215,0.234828533476292,0.234828533476292,0.14641733467578888,0.23780865222215652,0.3187635540962219,0.06671777002357109,text,0.9845234564021836,0.9845234564021836,0.38122618198394775,0.8774305582046509,1.5484794974327087,0.9200161341824553,0.11847360136023403,0.11847360136023403,0.03791011497378349,0.1150786466896534,0.19596745818853378,0.0676764807218899,43
0.24484366178512573,0.8750183185566728,0.7551563382148743,0.011922002770006657,3.1891821136330156,3.1891821136330156,2.094738006591797,2.8977866172790527,4.821905612945557,1.0504485004600996,0.199332734461358,0.199332734461358,0.13092676550149918,0.18111669272184372,0.3013789802789688,0.0656564411358175,0.9509639537934598,0.9509639537934598,0.870309442281723,0.9753144383430481,0.9977670609951019,0.06160086379035204,ele-fashion,0.1705668717622757,1,0.12242309004068375,1.3921794018290758,1.3921794018290758,1.1934421062469482,1.3424285650253296,1.6638270616531372,0.20225749713807678,0.19252575375629352,0.19252575375629352,0.12151676043868065,0.1904708668589592,0.26646651327610016,0.0589428793932885,visual,5.2496463773386415,5.2496463773386415,3.505444884300232,4.7153379917144775,6.750610113143921,2.984913684650342,0.46990757933865307,0.46990757933865307,0.3135383427143097,0.42015039920806885,0.6039084196090698,0.2668378915195289,43
0.24484366178512573,0.8750183185566728,0.7551563382148743,0.011922002770006657,3.1873050037094126,3.1873050037094126,2.048102021217346,2.916524291038513,4.879638910293579,1.128463182668748,0.19921516823267743,0.19921516823267743,0.12801135331392288,0.18229172378778458,0.30499114096164703,0.07053144236910418,0.9800567110809555,0.9800567110809555,0.9564638435840607,0.9852789640426636,0.9975771307945251,0.018916534317421813,ele-fashion,0.1705668717622757,2,0.12242309004068375,1.3866982823157568,1.3866982823157568,1.193194031715393,1.338744044303894,1.6494172811508179,0.19920262282607443,0.17993807897192782,0.17993807897192782,0.12404226511716843,0.1816735938191414,0.2305346503853798,0.043494689264987486,visual,1.8518315638800915,1.8518315638800915,0.8833190500736237,1.5494961738586426,3.030348300933838,1.6097795131096615,0.25725095500100065,0.25725095500100065,0.09685590863227844,0.209552563726902,0.48916491866111755,0.18866084406587816,43
0.24484366178512573,0.8750183185566728,0.7551563382148743,0.011922002770006657,3.374493991431154,3.374493991431154,2.081582188606262,3.0723766088485718,5.261477708816528,1.219571373043358,0.2109182121485397,0.2109182121485397,0.13010400533676147,0.1920301616191864,0.3288508802652359,0.07622753410833594,0.9980269396892559,0.9980269396892559,0.9957529008388519,0.998553991317749,0.9996970891952515,0.001988471162241314,ele-fashion,0.1705668717622757,3,0.12242309004068375,1.3940654852584018,1.3940654852584018,1.1948118805885315,1.3450477719306946,1.6645365357398987,0.20125405558236056,0.20225381186271257,0.20225381186271257,0.12486470863223076,0.20710501819849014,0.27036599814891815,0.05760963984040696,visual,0.9759816898977939,0.9759816898977939,0.44519759714603424,0.888542890548706,1.4486439228057861,0.8560034198939676,0.12237621372047726,0.12237621372047726,0.047649143263697624,0.12218251824378967,0.19058670103549957,0.062051363766411835,43
0.22851240634918213,0.9717635471638777,0.7714875936508179,0.02126215398311615,3.8477148099496667,3.8477148099496667,2.583967924118042,3.709799289703369,5.284767150878906,1.074388434983097,0.24049184017580755,0.24049184017580755,0.16150368005037308,0.23187586665153503,0.3303186446428299,0.06715221377445103,0.9669121769571344,0.9669121769571344,0.9171782732009888,0.9823817610740662,0.9979814291000366,0.04371331459371832,ele-fashion,0.18247388303279877,1,0.1451091319322586,1.7935850255823398,1.7935850255823398,1.5656927227973938,1.7718985080718994,2.053643822669983,0.18893946782984455,0.2411977031904309,0.2411977031904309,0.15276359021663666,0.23656897246837616,0.33843058347702026,0.07607823131587753,text,4.918714770900551,4.918714770900551,3.006184935569763,4.5095055103302,6.4687652587890625,3.056154459491985,0.43769828032921776,0.43769828032921776,0.2658224552869797,0.4039657562971115,0.5728431940078735,0.27297890305628203,44
0.22851240634918213,0.9717635471638777,0.7714875936508179,0.02126215398311615,3.7993035736448175,3.7993035736448175,2.4462491273880005,3.6093108654022217,5.574459552764893,1.283727554223229,0.23746538625794622,0.23746538625794622,0.1528974026441574,0.22559130191802979,0.3484169542789459,0.08023549870888606,0.9834123901611161,0.9834123901611161,0.9599959552288055,0.9897298514842987,0.9986487329006195,0.018606129210093317,ele-fashion,0.18247388303279877,2,0.1451091319322586,1.7844780596725347,1.7844780596725347,1.5632843375205994,1.761029064655304,2.039547920227051,0.1860884609208923,0.2220956728376688,0.2220956728376688,0.1555309295654297,0.222558856010437,0.28837044537067413,0.05213945335063714,text,1.790885952837393,1.790885952837393,0.7437276840209961,1.4544192552566528,3.0581319332122803,1.6859955001179718,0.24301829631114835,0.24301829631114835,0.07695643231272697,0.19079218059778214,0.48319660127162933,0.1936035946400297,44
0.22851240634918213,0.9717635471638777,0.7714875936508179,0.02126215398311615,3.988813092824499,3.988813092824499,2.548380970954895,3.9064682722091675,5.6236395835876465,1.2400867962555762,0.24931349648612722,0.24931349648612722,0.15928367525339127,0.2441699281334877,0.351492702960968,0.07750930118631509,0.998471476377999,0.998471476377999,0.9966663718223572,0.9989796280860901,0.9997740387916565,0.0017700320609844045,ele-fashion,0.18247388303279877,3,0.1451091319322586,1.7960125506247349,1.7960125506247349,1.566071629524231,1.7748255729675293,2.057690978050232,0.18956953613937264,0.24965386640954854,0.24965386640954854,0.15644703060388565,0.25142258405685425,0.3404185175895691,0.07138805021143083,text,0.9560405130686885,0.9560405130686885,0.3753383159637451,0.8586199283599854,1.4843440055847168,0.8819542521032838,0.11576252565566954,0.11576252565566954,0.03730040229856968,0.11258790642023087,0.19110525399446487,0.06562773544821339,44
0.2375430464744568,0.8548181822909071,0.7624569535255432,0.012682336382567883,3.528458553029503,3.528458553029503,2.3324599266052246,3.207310199737549,5.347219705581665,1.1793804332499134,0.22053856458750007,0.22053856458750007,0.1457817181944847,0.20046832412481308,0.3342211842536926,0.07371517881863152,0.951671772343014,0.951671772343014,0.8733308613300323,0.9750576019287109,0.9976899027824402,0.06018080657340745,ele-fashion,0.17752783000469208,1,0.1318749189376831,1.4230263487872952,1.4230263487872952,1.2614898681640625,1.3738956451416016,1.608877718448639,0.20299801150719168,0.1976825332532963,0.1976825332532963,0.12735413014888763,0.1927555799484253,0.278688445687294,0.0620819580096424,visual,5.221107293591732,5.221107293591732,3.4979172945022583,4.688497066497803,6.727091312408447,2.961875769966821,0.46884838684104774,0.46884838684104774,0.3141070604324341,0.4194450080394745,0.6029472947120667,0.2650309723581212,44
0.2375430464744568,0.8548181822909071,0.7624569535255432,0.012682336382567883,3.597826638179051,3.597826638179051,2.2737256288528442,3.242852210998535,5.603094577789307,1.366243962954288,0.2248739646812926,0.2248739646812926,0.14211732149124146,0.20268844068050385,0.35020656883716583,0.08539343743413902,0.9800508656245563,0.9800508656245563,0.9562753438949585,0.9852383136749268,0.9975932538509369,0.01880959771794641,ele-fashion,0.17752783000469208,2,0.1318749189376831,1.42114178206164,1.42114178206164,1.261164665222168,1.372809648513794,1.6019521355628967,0.20238627239441048,0.1851597441554076,0.1851597441554076,0.12935911864042282,0.18485435098409653,0.237215057015419,0.045851036879926296,visual,1.841129032106348,1.841129032106348,0.872419536113739,1.5405352115631104,3.020867347717285,1.6063587317804908,0.256920120365393,0.256920120365393,0.0962180532515049,0.20898588001728058,0.4907761663198471,0.18975551720399145,44
0.2375430464744568,0.8548181822909071,0.7624569535255432,0.012682336382567883,3.7777801033371508,3.7777801033371508,2.313674569129944,3.415647506713867,5.9564208984375,1.4231319650705385,0.23612529232504054,0.23612529232504054,0.1446138322353363,0.21349184960126877,0.3722943067550659,0.08895126537074201,0.99806376652749,0.99806376652749,0.9958935976028442,0.9985570013523102,0.9996894598007202,0.0019199606979523958,ele-fashion,0.17752783000469208,3,0.1318749189376831,1.424760508156373,1.424760508156373,1.2633986473083496,1.375710368156433,1.6112414598464966,0.20221378262123954,0.20759683392568606,0.20759683392568606,0.13018476963043213,0.2088010311126709,0.27951012551784515,0.060240000949256814,visual,0.9720830134219988,0.9720830134219988,0.4405069202184677,0.8813718557357788,1.453278362751007,0.8565943285468356,0.12232070891001641,0.12232070891001641,0.047146640717983246,0.12160326540470123,0.19181251525878906,0.06288721734793992,44
0.241743266582489,0.9598045615534815,0.758256733417511,0.008279559202492237,2.1071685375871936,2.1071685375871936,1.7365446090698242,2.0401971340179443,2.5866429090499876,0.36063255370124225,0.1317019264620147,0.1317019264620147,0.10853764191269874,0.1275154948234558,0.1616694763302803,0.02254038888605417,0.8902715766626408,0.8902715766626408,0.8106906294822693,0.8998655378818512,0.9579709470272064,0.05935583548630229,Reddit-S,0.15086308121681213,1,0.09318996965885162,0.9610156451581754,0.9610156451581754,0.8903280735015869,0.9623342156410217,1.0282617807388306,0.05448711793623441,0.10448297145384444,0.10448297145384444,0.09306883960962295,0.10399065911769867,0.11679593995213508,0.00901410016066156,text,4.711996581962763,4.711996581962763,3.1482431173324583,4.695797443389893,6.312450981140136,1.2400080065631924,0.4394600590982678,0.4394600590982678,0.28952087461948395,0.43992091715335846,0.5881588518619537,0.1167399677963387,42
0.241743266582489,0.9598045615534815,0.758256733417511,0.008279559202492237,1.259139436417416,1.259139436417416,0.4071693420410156,1.2688839435577393,2.0569693803787232,0.6304929336886013,0.07869862953998177,0.07869862953998177,0.02544852010905743,0.07930746674537659,0.12856479138135912,0.039407117348099284,0.9999844509204919,0.9999844509204919,0.9999580383300781,0.9999922513961792,0.9999995231628418,1.9831147786910256e-05,Reddit-S,0.15086308121681213,2,0.09318996965885162,0.9610765604076107,0.9610765604076107,0.8905374586582184,0.962441623210907,1.0282281637191772,0.054477237795348736,0.10452079973487685,0.10452079973487685,0.0930860236287117,0.10402990877628326,0.11684070527553558,0.009025596538188622,text,0.041930495151584604,0.041930495151584604,0.00978716276586056,0.03583812527358532,0.08366188183426858,0.028641395494766256,0.004618476193748597,0.004618476193748597,0.0009879556950181724,0.0039728423580527306,0.009202709328383208,0.0031831297454538022,42
0.241743266582489,0.9598045615534815,0.758256733417511,0.008279559202492237,1.0620233400622754,1.0620233400622754,0.6883054077625275,1.0382774472236633,1.4659940600395207,0.3184994127314212,0.06637851034597222,0.06637851034597222,0.043020039796829224,0.06489448249340057,0.09162757024168972,0.019907135711411807,0.9999940700203694,0.9999940700203694,0.9999890327453613,0.9999947547912598,0.999998152256012,3.6350664913813514e-06,Reddit-S,0.15086308121681213,3,0.09318996965885162,0.961078219654816,0.961078219654816,0.8904865860939026,0.9623903930187225,1.0282254338264465,0.05446804822933721,0.10454396303305764,0.10454396303305764,0.0930982232093811,0.10405281186103821,0.1168874740600586,0.009035909529315999,text,0.029797259508334784,0.029797259508334784,0.019685775227844714,0.029868544079363346,0.039931251853704455,0.007910425612861722,0.003298885589119983,0.003298885589119983,0.001943013060372323,0.003262988058850169,0.004716460080817342,0.0010674097775871057,42
0.23893588781356812,0.9643184182080267,0.7610641121864319,0.011661362834274769,1.80406187120293,1.80406187120293,1.5944541096687317,1.8164475560188293,2.144204902648926,0.39387961215443906,0.112756012557714,0.112756012557714,0.09965464994311332,0.11352995038032532,0.13401564359664916,0.024618090948833573,0.9294445899686559,0.9294445899686559,0.8548023879528046,0.9461866915225983,0.983871990442276,0.06219497693285497,Reddit-S,0.14618833363056183,1,0.12734262645244598,1.5066019796239096,1.5066019796239096,1.299437665939331,1.503716230392456,1.6973775386810304,0.1472528782836133,0.14277375346265064,0.14277375346265064,0.11992371305823327,0.1428973451256752,0.164738667011261,0.018334818214282195,visual,3.9123300005130126,3.9123300005130126,2.1200674533843995,3.7896417379379272,6.037741374969484,1.6414558760901008,0.3377653101636393,0.3377653101636393,0.17970120161771774,0.3265974670648575,0.522225821018219,0.14355941284380203,42
0.23893588781356812,0.9643184182080267,0.7610641121864319,0.011661362834274769,0.6693172524268904,0.6693172524268904,0.07961199954152108,0.4735274463891983,1.6064131975173952,0.5905024322350482,0.04183323563661811,0.04183323563661811,0.00497581446543336,0.029595873318612576,0.10040462166070939,0.036907383938106934,0.9999912524502338,0.9999912524502338,0.9999774694442749,0.9999992847442627,1.0,2.418410845695771e-05,Reddit-S,0.14618833363056183,2,0.12734262645244598,1.5069119663332728,1.5069119663332728,1.2992920756340027,1.504049003124237,1.6979268670082093,0.14734748727771446,0.14282238975165398,0.14282238975165398,0.11995255947113037,0.14293672144412994,0.16480588912963867,0.018358299688070796,visual,0.0251158414368415,0.0251158414368415,0.0021094780415296553,0.013196541462093592,0.06628288403153422,0.031512073569773175,0.0025283421844008685,0.0025283421844008685,0.0001884589233668521,0.0012360539403744042,0.006774736801162364,0.0033908299451896754,42
0.23893588781356812,0.9643184182080267,0.7610641121864319,0.011661362834274769,0.6947478436795418,0.6947478436795418,0.3671418398618698,0.6644382774829865,1.0762795567512513,0.30370413361871057,0.0434226258791105,0.0434226258791105,0.02294665351510048,0.041528115049004555,0.06726948395371438,0.018982096130154065,0.99999742575737,0.99999742575737,0.9999944150447846,0.9999982714653015,0.9999995231628418,2.8583463862406926e-06,Reddit-S,0.14618833363056183,3,0.12734262645244598,1.5067832394112457,1.5067832394112457,1.2994824528694153,1.5038406252861023,1.6975428223609925,0.14725621940537753,0.14282706787623864,0.14282706787623864,0.11994660571217537,0.14295656234025955,0.16483061909675598,0.018358279268016222,visual,0.020801729934350296,0.020801729934350296,0.010849812626838685,0.019893578253686428,0.03235248178243637,0.009345592022851196,0.0020317743268341427,0.0020317743268341427,0.0009450434648897499,0.0018675267929211259,0.003363175061531365,0.0010609108291839075,42
0.24940916895866394,0.9891560666543081,0.7505908310413361,0.004158040042966604,3.627210720557904,3.627210720557904,2.8384397268295287,3.4975937604904175,4.588669157028199,0.7474010551189051,0.22670678652863285,0.22670678652863285,0.177407668530941,0.21860379725694656,0.28679943084716797,0.04671416955998151,0.8874307552928428,0.8874307552928428,0.8104868173599243,0.8963504433631897,0.9530490338802338,0.05692831502416974,Reddit-S,0.19797058403491974,1,0.1180747002363205,1.371741042139246,1.371741042139246,1.2459956407546997,1.3640146851539612,1.5127323865890503,0.10353368073011507,0.1447820184902116,0.1447820184902116,0.12479130253195762,0.14409413188695908,0.16563883870840074,0.01569994628174675,text,4.965980087272741,4.965980087272741,3.4156676530838017,4.967278718948364,6.52173547744751,1.2226063221401644,0.44680479085503544,0.44680479085503544,0.3053877681493759,0.4470814913511276,0.5870666384696961,0.11078912628413365,43
0.24940916895866394,0.9891560666543081,0.7505908310413361,0.004158040042966604,2.154670829898185,2.154670829898185,0.7649110376834871,2.1351629495620728,3.499941635131836,1.0724931263564352,0.13467063359702686,0.13467063359702686,0.0478079129010439,0.13345139473676682,0.2187525421380997,0.06703277648746968,0.9999829284894597,0.9999829284894597,0.9999527931213379,0.9999924898147583,0.9999993443489075,2.270330152204686e-05,Reddit-S,0.19797058403491974,2,0.1180747002363205,1.3717726059675186,1.3717726059675186,1.2464572072029114,1.3640429973602295,1.512565588951111,0.10339159515720044,0.14482902514588777,0.14482902514588777,0.12479092925786972,0.14413368701934814,0.1657071143388748,0.0157142937520271,text,0.045215045011616405,0.045215045011616405,0.011514524184167386,0.03608463890850544,0.09347694963216782,0.03238716886352459,0.004781977421028338,0.004781977421028338,0.00115829718997702,0.003907899837940931,0.009755258448421955,0.003407286563632824,43
0.24940916895866394,0.9891560666543081,0.7505908310413361,0.004158040042966604,2.7297670170261648,2.7297670170261648,1.947385323047638,2.6486775875091553,3.641257405281067,0.7022341873455162,0.1706151557809469,0.1706151557809469,0.12171407192945481,0.16554705053567886,0.22758600413799285,0.04389140922580087,0.9999776286000018,0.9999776286000018,0.9999599456787109,0.9999798536300659,0.999992311000824,1.288080720085555e-05,Reddit-S,0.19797058403491974,3,0.1180747002363205,1.3715792267265838,1.3715792267265838,1.2459755182266234,1.3638159036636353,1.512564778327942,0.10353559975347423,0.14486898042001903,0.14486898042001903,0.12483449950814247,0.14416401088237762,0.16579236686229706,0.015739755136113726,text,0.06017745355318342,0.06017745355318342,0.040621448308229446,0.060389887541532516,0.07934252619743347,0.015240267219486656,0.006438438578589823,0.006438438578589823,0.003952588792890311,0.006400316022336483,0.008987927436828615,0.0019568958691235693,43
0.23970375955104828,0.9786315023434331,0.7602962404489517,0.01156142633408308,2.7546774081757373,2.7546774081757373,2.2876431226730345,2.722085952758789,3.4806256771087645,0.6942778680611723,0.17217074585351644,0.17217074585351644,0.1429795578122139,0.17013275623321533,0.21754285097122192,0.04339354493564742,0.9251035306983824,0.9251035306983824,0.8466387033462525,0.9425480663776398,0.9827522695064544,0.06429467242505692,Reddit-S,0.180659219622612,1,0.15355123579502106,1.9512816934716375,1.9512816934716375,1.6745882630348206,1.95369291305542,2.2330941915512086,0.20019580403126627,0.1866113810351289,0.1866113810351289,0.15301373898983,0.18338895589113235,0.22291889637708664,0.026997120389812477,visual,4.028254494007802,4.028254494007802,2.217378330230713,3.937299132347107,6.088804960250855,1.6311250535031128,0.3485915035585398,0.3485915035585398,0.1863728255033493,0.3373536467552185,0.5355912566184999,0.14574977671835115,43
0.23970375955104828,0.9786315023434331,0.7602962404489517,0.01156142633408308,1.2974390327687628,1.2974390327687628,0.1930384621024132,1.1142841577529907,2.666144275665283,0.9927304911481799,0.08109172949502923,0.08109172949502923,0.01206510290503502,0.06964405998587608,0.1666390687227249,0.06204744190864686,0.9999865315216089,0.9999865315216089,0.9999724209308625,0.9999979734420776,0.9999999403953552,4.025360544127444e-05,Reddit-S,0.180659219622612,2,0.15355123579502106,1.953366914207386,1.953366914207386,1.6767283439636231,1.9559768438339233,2.2381882429122926,0.20068721614436846,0.1868332077271986,0.1868332077271986,0.15316516607999803,0.18353962898254395,0.22325863987207414,0.027077722741462775,visual,0.03289639060731802,0.03289639060731802,0.003324947785586119,0.02147171087563038,0.07461280152201652,0.03634160722444663,0.0033138484574542697,0.0033138484574542697,0.00030147520592436203,0.002028509508818388,0.0074761984404176475,0.004061961832237266,43
0.23970375955104828,0.9786315023434331,0.7602962404489517,0.01156142633408308,1.3913952023286864,1.3913952023286864,0.7566378831863404,1.3307268023490906,2.102313756942749,0.6043794728448403,0.08696404445256156,0.08696404445256156,0.04729057848453522,0.08317171037197113,0.13139733225107195,0.03777497157771648,0.9999947427008247,0.9999947427008247,0.9999886751174927,0.999996542930603,0.9999991059303284,5.702528631079794e-06,Reddit-S,0.180659219622612,3,0.15355123579502106,1.9521528649168134,1.9521528649168134,1.6757439851760865,1.954226553440094,2.2347773551940917,0.2003628269983751,0.18674919852051508,0.18674919852051508,0.1530922144651413,0.18347734957933426,0.22316631823778155,0.027079035662789595,visual,0.02949483664078394,0.02949483664078394,0.01564946137368679,0.028267947025597095,0.04556936770677567,0.012835201694814129,0.0029078225931700105,0.0029078225931700105,0.0013564986176788807,0.0026609431952238083,0.004803728684782982,0.001508254286241297,43
0.23738282918930054,0.9634646963291438,0.7626171708106995,0.012599512003362179,1.6487777798766008,1.6487777798766008,1.406040871143341,1.601173996925354,1.9697106838226321,0.23967393171933096,0.10305183825471245,0.10305183825471245,0.08787924945354461,0.10007666051387787,0.12311186343431475,0.014980294937504848,0.8953968114945609,0.8953968114945609,0.8185201227664948,0.9046121835708618,0.9603999257087708,0.05738448995218636,Reddit-S,0.13402344286441803,1,0.09404227137565613,0.9603726862998553,0.9603726862998553,0.8935426712036133,0.9584605395793915,1.0335307478904725,0.05322464091675832,0.10723444354902413,0.10723444354902413,0.09631436616182328,0.1067793257534504,0.11856686696410179,0.008485926365052389,text,4.444380749608577,4.444380749608577,2.9321670532226562,4.432873964309692,5.9832020759582525,1.2040989399842343,0.4295303688030706,0.4295303688030706,0.2809095084667206,0.43042393028736115,0.5772318840026855,0.11575669723577858,44
0.23738282918930054,0.9634646963291438,0.7626171708106995,0.012599512003362179,0.7504618751903877,0.7504618751903877,0.24341273158788682,0.7108785212039948,1.2935539722442628,0.4030322296288558,0.046905371911388063,0.046905371911388063,0.015213593654334546,0.04443133622407913,0.0808498851954937,0.025190342325574214,0.9999926425615047,0.9999926425615047,0.9999806880950928,0.9999963045120239,0.9999996423721313,9.498946114051649e-06,Reddit-S,0.13402344286441803,2,0.09404227137565613,0.9604308987407845,0.9604308987407845,0.8936609625816345,0.9585157632827759,1.0335944294929504,0.05321706615247547,0.10726258466663609,0.10726258466663609,0.09633688107132912,0.10680950805544853,0.11860212460160255,0.008494962762082562,text,0.02850734544688023,0.02850734544688023,0.007977339532226324,0.02396313939243555,0.05584554225206377,0.018893800320217046,0.0032156592621708623,0.0032156592621708623,0.0008344986359588802,0.002745042438618839,0.006248155795037747,0.002140347964949241,44
0.23738282918930054,0.9634646963291438,0.7626171708106995,0.012599512003362179,0.5352731482208439,0.5352731482208439,0.32817877531051637,0.5205948948860168,0.7593764960765839,0.1741824367525775,0.03345566812068987,0.03345566812068987,0.02051151543855667,0.032538481056690216,0.04746263511478901,0.010886924956452092,0.9999979099822941,0.9999979099822941,0.9999961853027344,0.999998152256012,0.9999993443489075,1.280918024523259e-06,Reddit-S,0.13402344286441803,3,0.09404227137565613,0.9604416903391024,0.9604416903391024,0.8935407817363739,0.9585267901420593,1.0335842967033386,0.05321249898097405,0.10727732821903364,0.10727732821903364,0.09634145349264145,0.10682674497365952,0.11862586960196496,0.008500735593881294,text,0.017283735319481366,0.017283735319481366,0.011337436176836491,0.0173316253349185,0.023146915063261986,0.004655325485091407,0.0019616883149985533,0.0019616883149985533,0.0011545471381396056,0.0019471473060548306,0.0027899069711565983,0.0006302150929685453,44
0.235695019364357,0.9650899323797972,0.764304980635643,0.014641494490206242,1.4583108393352713,1.4583108393352713,1.317136037349701,1.467461884021759,1.7127181768417359,0.3120172996536494,0.09114608655868668,0.09114608655868668,0.08232235908508301,0.09171778708696365,0.1070476420223713,0.019501551427575665,0.9333378131924087,0.9333378131924087,0.8611484408378601,0.9506860673427582,0.9852374792098999,0.061220426764884844,Reddit-S,0.13041532039642334,1,0.11979632824659348,1.3455803125470454,1.3455803125470454,1.2285711884498596,1.3416426181793213,1.464751410484314,0.08753426325345932,0.12594683175737548,0.12594683175737548,0.11137261241674423,0.12495886534452438,0.1419235125184059,0.012681217248324732,visual,3.8189005264230897,3.8189005264230897,2.0491547107696535,3.681574583053589,5.878356695175172,1.6280090321412863,0.3274494511205641,0.3274494511205641,0.1723183572292328,0.3135865479707718,0.5114466011524201,0.14283586317669975,44
0.235695019364357,0.9650899323797972,0.764304980635643,0.014641494490206242,0.4734327586480113,0.4734327586480113,0.053751226142048844,0.3008490204811096,1.161845946311951,0.45064292315653925,0.02959016439850139,0.02959016439850139,0.0033594970358535653,0.01880338042974472,0.07261680141091348,0.028165891103256166,0.9999944753424542,0.9999944753424542,0.9999848008155823,0.9999995231628418,1.0,1.4551840141576988e-05,Reddit-S,0.13041532039642334,2,0.11979632824659348,1.3457657669015661,1.3457657669015661,1.2287124037742614,1.34197336435318,1.464746880531311,0.08749007787894642,0.12597989310969027,0.12597989310969027,0.11137261241674423,0.12498005852103233,0.14197537451982498,0.012697258474989797,visual,0.020665659739122932,0.020665659739122932,0.0018246810301207007,0.010255288798362017,0.05570111945271492,0.025315295984182033,0.0020413807616032017,0.0020413807616032017,0.00016152475873241202,0.0009448138007428497,0.005562498746439815,0.0026571168917247194,44
0.235695019364357,0.9650899323797972,0.764304980635643,0.014641494490206242,0.3655190376690959,0.3655190376690959,0.18324961513280869,0.34217849373817444,0.577660894393921,0.18022392427016534,0.022845389706395575,0.022845389706395575,0.011453254614025354,0.021386529318988323,0.03610480315983296,0.011264329589622212,0.9999990682527226,0.9999990682527226,0.9999979734420776,0.9999994039535522,0.9999998807907104,1.0933144046226744e-06,Reddit-S,0.13041532039642334,3,0.11979632824659348,1.3457392718681858,1.3457392718681858,1.2288081288337707,1.3418309688568115,1.4647853255271912,0.087506888024284,0.1259861815394066,0.1259861815394066,0.11137260496616364,0.12498047575354576,0.14199791401624678,0.01270399426064558,visual,0.012651391927438412,0.012651391927438412,0.006593669392168522,0.012061899993568659,0.019583647698163988,0.00579625033827242,0.0012181083368613809,0.0012181083368613809,0.000570481363683939,0.001116638828534633,0.0020070466911420227,0.0006489057689808821,44
