cv_abs_mean,dataset,mean,n_seeds,near_constant,quantity,sign_stable,std
0.01325257008647957,Movies,0.05239052946368853,3,0,beta_text,1,0.0006943091635985577
0.1334212519409965,Movies,0.01835729520328626,3,0,operator_relative_l1_text,1,0.0024492533084063232
0.2720452478202258,Movies,0.6308835296410078,3,0,scorer_saturation_95_text,1,0.1716288661671588
0.007041733189579437,Movies,0.10547171703418234,3,1,alpha_mean_text,1,0.0007427036904085744
0.19186920827041057,Movies,0.00037158984391880964,3,0,alpha_std_text,1,7.129664934589665e-05
0.025976203921335705,Movies,0.9515754958413308,3,0,p_saturation_95_text,1,0.024718319126546522
2.858754311955561,Movies,0.32537458185881124,3,0,p_mean_text,0,0.930165988892473
2.8602987524289007,Movies,0.3270508547623952,3,0,p_median_text,0,0.9354631518605449
0.007075100642095561,Movies,0.14005214969317117,3,1,g_delta_text,1,0.0009908830542280941
0.012495568194144902,Movies,0.09939845403035481,3,0,g_int_text,1,0.0012420401607413714
0.05149278792160217,Movies,0.16935741398926651,3,0,delta_injection_ratio_text,1,0.008720685401551773
0.017763826860173026,Movies,0.14395678911821544,3,0,interaction_injection_ratio_text,1,0.0025572234772601836
0.009536597685447625,Movies,1.4570440139028025,3,1,effective_order_mean_text,1,0.01389524257059032
0.22931669101869856,Movies,0.00283925777112241,3,0,effective_order_std_text,1,0.0006510891972522331
0.012193516673650224,Movies,0.051467434813578926,3,0,beta_visual,1,0.0006275690245615742
0.35313777049388045,Movies,0.012352496130163156,3,0,operator_relative_l1_visual,1,0.004362132943793241
1.1248723429148528,Movies,0.08016069451872489,3,0,scorer_saturation_95_visual,1,0.09017054825408474
0.003371655550322699,Movies,0.0997003204318641,3,1,alpha_mean_visual,1,0.00033615513875641785
0.19323401208916532,Movies,0.002694173549704969,3,0,alpha_std_visual,1,0.0005206059644672334
0.5365481421306996,Movies,0.0957093730006398,3,0,p_saturation_95_visual,1,0.05135268626852397
24.533562557240447,Movies,-0.00820682929669946,3,0,p_mean_visual,0,0.20134275997170342
9.515986390888624,Movies,-0.03887843563764667,3,0,p_median_visual,0,0.36996666443640097
0.10688141874074125,Movies,0.170787384112676,3,0,g_delta_visual,1,0.018253997917089624
0.06263838549570529,Movies,0.12123110890388489,3,0,g_int_visual,1,0.007593720933656009
0.2335063015062875,Movies,0.16528028297515743,3,0,delta_injection_ratio_visual,1,0.03859398758967514
0.1017016345051725,Movies,0.17628487450397703,3,0,interaction_injection_ratio_visual,1,0.017928459875695378
0.003950076327584886,Movies,1.542116098227462,3,1,effective_order_mean_visual,1,0.006091476293999816
0.4817684191721631,Movies,0.0063988333276390405,3,0,effective_order_std_visual,1,0.003082755817284581
0.07394868372646585,Movies,0.38752949750696103,3,0,semantic_discrepancy_mean_abs,1,0.028657296245892444
0.3881065664780602,Movies,0.12518659883757863,3,0,semantic_discrepancy_spearman,1,0.048585741044307074
0.0003816662390032764,Toys,0.05167334899306297,3,1,beta_text,1,1.9721972767267748e-05
0.08965571526906191,Toys,0.015000698895229349,3,0,operator_relative_l1_text,1,0.0013448983890772697
0.44012996299094914,Toys,0.22151872688900254,3,0,scorer_saturation_95_text,1,0.09749702906789899
0.00544745549201419,Toys,0.10263197160554231,3,1,alpha_mean_text,1,0.0005590830973843034
0.5772931712362044,Toys,0.0017742412286106811,3,0,alpha_std_text,1,0.0010242573459799727
0.25977611577652615,Toys,0.26138358701779824,3,0,p_saturation_95_text,1,0.06790121296347902
3.3766504778820705,Toys,0.18735072885442725,3,0,p_mean_text,0,0.6326179281212326
3.8804120322358515,Toys,0.20160984992980957,3,0,p_median_text,0,0.7823292874887778
0.02399986214188272,Toys,0.1472970445950826,3,0,g_delta_text,1,0.003535108764212734
0.04841390417981656,Toys,0.10228961457808812,3,0,g_int_text,1,0.00495223959882234
0.04243074654191287,Toys,0.13358880495964542,3,0,delta_injection_ratio_text,1,0.005668272724122178
0.047482102754324726,Toys,0.13519896651435148,3,0,interaction_injection_ratio_text,1,0.006419531220360427
0.012308254675660657,Toys,1.4850345198501564,3,0,effective_order_mean_text,1,0.018278183072475477
0.2909914903308693,Toys,0.005157300682366456,3,0,effective_order_std_text,1,0.0015007306119372158
0.00959088986617351,Toys,0.050746566305557884,3,1,beta_visual,1,0.0004867047285326681
0.008630132218109625,Toys,0.013066014550438076,3,1,operator_relative_l1_visual,1,0.00011276143314265492
0.2676108012374696,Toys,0.10373126870190415,3,0,scorer_saturation_95_visual,1,0.027759607930963433
0.003401302582667841,Toys,0.0974682890312172,3,1,alpha_mean_visual,1,0.000331519143213496
0.0022392899336119796,Toys,0.0017199060632998719,3,1,alpha_std_visual,1,3.851368336544901e-06
0.4421839560878461,Toys,0.035048723524200694,3,0,p_saturation_95_visual,1,0.015497983224202401
0.11042447817476872,Toys,0.2096662353066603,3,0,p_mean_visual,1,0.023152284624716656
0.0830625183961631,Toys,0.31796586513519287,3,0,p_median_visual,1,0.026411045522226936
0.014499536772059488,Toys,0.1573231170574824,3,0,g_delta_visual,1,0.002281112320884485
0.05310850965887762,Toys,0.1294968475898107,3,0,g_int_visual,1,0.006877384581070773
0.0307015202676833,Toys,0.15145358745392534,3,0,delta_injection_ratio_visual,1,0.004649855384860736
0.05499143524724503,Toys,0.17728222913056838,3,0,interaction_injection_ratio_visual,1,0.0097490042237759
0.003940011539049038,Toys,1.753878827802396,3,1,effective_order_mean_visual,1,0.006910302819639181
0.24697145877603335,Toys,0.00289460057956036,3,0,effective_order_std_visual,1,0.0007148837279549452
0.07676470138097373,Toys,0.28026479090431256,3,0,semantic_discrepancy_mean_abs,1,0.02151444298144736
0.1260118738137889,Toys,0.20082164657060328,3,0,semantic_discrepancy_spearman,1,0.025305911986858182
0.0052319480034748326,Grocery,0.05297809218366941,3,1,beta_text,1,0.00027717862363348675
0.05582243741804792,Grocery,0.019423832926391004,3,0,operator_relative_l1_text,1,0.0010842856980079027
0.1910123454147468,Grocery,0.33923793189092427,3,0,scorer_saturation_95_text,1,0.06479863302432458
0.008632630469637791,Grocery,0.10176911461343101,3,1,alpha_mean_text,1,0.0008785351596885978
1.021400882535104,Grocery,0.00182014775733098,3,0,alpha_std_text,1,0.0018591005267035543
0.9663062890493961,Grocery,0.12656670961696145,3,0,p_saturation_95_text,1,0.12230220748812484
0.7301959815513759,Grocery,0.36794712955480535,3,0,p_mean_text,1,0.26867351542501255
0.6127887703163265,Grocery,0.516685472180446,3,0,p_median_text,1,0.31661905513837885
0.0384058151251911,Grocery,0.16413755218187967,3,0,g_delta_text,1,0.006303836484237085
0.022498239715160816,Grocery,0.1238134354352951,3,0,g_int_text,1,0.002785584350403354
0.020673452194970323,Grocery,0.169055410504395,3,0,delta_injection_ratio_text,1,0.0034949589473843674
0.02388628728267797,Grocery,0.2009206336081465,3,0,interaction_injection_ratio_text,1,0.004799247975405756
0.012778440078795927,Grocery,1.4824054414145833,3,0,effective_order_mean_text,1,0.018942829105610057
0.15948173082766862,Grocery,0.009193318036367809,3,0,effective_order_std_text,1,0.0014661662726486435
0.020944766757931894,Grocery,0.05120513712366422,3,0,beta_visual,1,0.0010724796538840115
0.10590616752027186,Grocery,0.013206532029925354,3,0,operator_relative_l1_visual,1,0.0013986531936290168
0.4931560160750259,Grocery,0.29118574648652956,3,0,scorer_saturation_95_visual,1,0.14360000267562253
0.006116763566143174,Grocery,0.09734629186117154,3,1,alpha_mean_visual,1,0.0005954442513616706
0.039405803545079325,Grocery,0.0024339315150128074,3,0,alpha_std_visual,1,9.591102716217778e-05
0.1426244904210784,Grocery,0.17154738198430364,3,0,p_saturation_95_visual,1,0.024466857938724017
18.686844965502203,Grocery,0.011745608613305555,3,0,p_mean_visual,0,0.21948836720099507
16.403260304449688,Grocery,0.025529568394025166,3,0,p_median_visual,0,0.41876815584384963
0.019709007011484654,Grocery,0.17733952403068542,3,0,g_delta_visual,1,0.0034951859225538394
0.012581844407371116,Grocery,0.12928245961666107,3,0,g_int_visual,1,0.0016266117915116512
0.010123987647530171,Grocery,0.18143205666943987,3,0,delta_injection_ratio_visual,1,0.0018368159005975274
0.030390574894483206,Grocery,0.2222372023683172,3,0,interaction_injection_ratio_visual,1,0.006753916342945155
0.0048429185613358015,Grocery,1.6344621170805702,3,1,effective_order_mean_visual,1,0.007915566924614547
0.2643017200137887,Grocery,0.004633042739228378,3,0,effective_order_std_visual,1,0.0012245211651397572
0.06767967022455904,Grocery,0.30098588495428336,3,0,semantic_discrepancy_mean_abs,1,0.02037062543602064
0.3305539032467869,Grocery,0.1653384841535234,3,0,semantic_discrepancy_spearman,1,0.05465328129418474
0.008622054132074801,ele-fashion,0.05433060601353645,3,1,beta_text,1,0.00046844142608576205
0.18755378311560797,ele-fashion,0.015983103375486796,3,0,operator_relative_l1_text,1,0.002997691504187946
0.6061355745790646,ele-fashion,0.18894277821757707,3,0,scorer_saturation_95_text,1,0.11452493943808201
0.006372229677976327,ele-fashion,0.10054600790859743,3,1,alpha_mean_text,1,0.0006407022556035793
0.09973545054054947,ele-fashion,0.0029792530766333276,3,0,alpha_std_text,1,0.00029713714797207854
0.6015941449639054,ele-fashion,0.05773650007841854,3,0,p_saturation_95_text,1,0.03473394039848625
1.6482914780727256,ele-fashion,0.06200576927449488,3,0,p_mean_text,0,0.10220358108814184
1.610368443877239,ele-fashion,0.08550192415714264,3,0,p_median_text,0,0.13768960055505788
0.07382188536413242,ele-fashion,0.1985217829545339,3,0,g_delta_text,1,0.014655252303626602
0.018301615760177296,ele-fashion,0.14293167491753897,3,0,g_int_text,1,0.0026158805943176707
0.08868110869528723,ele-fashion,0.26361278321168063,3,0,delta_injection_ratio_text,1,0.02337747388155092
0.02583916262458058,ele-fashion,0.22967945967810846,3,0,interaction_injection_ratio_text,1,0.005934724910174282
0.0029930022099771848,ele-fashion,1.4366675579706152,3,1,effective_order_mean_text,1,0.00429994917601157
0.1945191511118557,ele-fashion,0.006481577012056646,3,0,effective_order_std_text,1,0.001260790858445896
0.007537516868268927,ele-fashion,0.0540457566579183,3,1,beta_visual,1,0.0004073708024749544
0.011367515474947961,ele-fashion,0.019527801462919797,3,0,operator_relative_l1_visual,1,0.00022198258533281972
0.0946379857409214,ele-fashion,0.4626259690893482,3,0,scorer_saturation_95_visual,1,0.04378198986615232
0.006031161231330596,ele-fashion,0.1021767675890301,3,1,alpha_mean_visual,1,0.0006162445594316662
0.1316949196654556,ele-fashion,0.004711871986307763,3,0,alpha_std_visual,1,0.0006205296028424065
0.20444975516283384,ele-fashion,0.4203233571316545,3,0,p_saturation_95_visual,1,0.08593500745499157
6.157675636771891,ele-fashion,0.04419107051626766,3,0,p_mean_visual,0,0.27211427828704765
2.8963572111050264,ele-fashion,0.2193513810634613,3,0,p_median_visual,0,0.635319954311899
0.0163282190526666,ele-fashion,0.1740984320640564,3,0,g_delta_visual,1,0.0028427173354840358
0.07759801494854059,ele-fashion,0.121090829372406,3,0,g_int_visual,1,0.009396407987848738
0.10349479418172093,ele-fashion,0.20210370449289158,3,0,delta_injection_ratio_visual,1,0.020916681299958658
0.0891723873272285,ele-fashion,0.1827681788020965,3,0,interaction_injection_ratio_visual,1,0.016297874831321876
0.0065072132426251105,ele-fashion,1.419022196933635,3,1,effective_order_mean_visual,1,0.009233880031472035
0.4260350906917106,ele-fashion,0.009074450001707918,3,0,effective_order_std_visual,1,0.0038660341298810616
0.03656083721601561,ele-fashion,0.18602658021212384,3,0,semantic_discrepancy_mean_abs,1,0.006801287517024091
0.11576694418899816,ele-fashion,0.3550846076272231,3,0,semantic_discrepancy_spearman,1,0.04110705995366881
0.023037385637343505,Reddit-S,0.05144378791252772,3,0,beta_text,1,0.0011851303808096487
0.21384275885023962,Reddit-S,0.010559281420175553,3,0,operator_relative_l1_text,1,0.0022580258705802592
1.1465938640567397,Reddit-S,0.09734115208892657,3,0,scorer_saturation_95_text,1,0.1116107677065237
0.004442689716099354,Reddit-S,0.10102905507746347,3,1,alpha_mean_text,1,0.00044884074402432494
0.8479677029451658,Reddit-S,0.001722963265684346,3,0,alpha_std_text,1,0.0014610172035092238
0.8646987259773963,Reddit-S,0.09529801602281783,3,0,p_saturation_95_text,1,0.08240407304396878
1.6747746761949287,Reddit-S,-0.08215217445084261,3,0,p_mean_text,0,0.137586381366294
1.656339280308508,Reddit-S,-0.1463093807299932,3,0,p_median_text,0,0.24233797438235677
0.1681463982767796,Reddit-S,0.16095236937204996,3,0,g_delta_text,1,0.0270635612041922
0.11334626784123622,Reddit-S,0.10176898042360942,3,0,g_int_text,1,0.011535134113137306
0.4454759361861817,Reddit-S,0.1102427245045962,3,0,delta_injection_ratio_text,1,0.049110480906845784
0.15471453585465608,Reddit-S,0.11886690163473235,3,0,interaction_injection_ratio_text,1,0.01839043751505339
0.0007710831645573842,Reddit-S,1.4875092175771796,3,1,effective_order_mean_text,1,0.0011469933147984614
0.4146363869440111,Reddit-S,0.016720125191834093,3,0,effective_order_std_text,1,0.006932772299208265
0.012560523727626614,Reddit-S,0.05143662293752035,3,0,beta_visual,1,0.0006460709228882682
0.25960246993553787,Reddit-S,0.00972069488520601,3,0,operator_relative_l1_visual,1,0.0025235164019488322
1.0780579117953557,Reddit-S,0.1574372380010362,3,0,scorer_saturation_95_visual,1,0.16972646003930358
0.002820543745026379,Reddit-S,0.10163530790159168,3,1,alpha_mean_visual,1,0.0002866668319784851
0.293133789888224,Reddit-S,0.0023137456045868162,3,0,alpha_std_visual,1,0.0006782370182028874
0.2602773598862755,Reddit-S,0.09248773121932803,3,0,p_saturation_95_visual,1,0.02407246250389844
1.1174849049951867,Reddit-S,-0.25352011070119185,3,0,p_mean_visual,0,0.28330489682240806
1.2596188214109676,Reddit-S,-0.3500562757253647,3,0,p_median_visual,0,0.44093747345795614
0.13764573404802843,Reddit-S,0.15242095788319907,3,0,g_delta_visual,1,0.02098009463227421
0.10830366577200287,Reddit-S,0.13356339683135351,3,0,g_int_visual,1,0.014465405489904602
0.36477426563190524,Reddit-S,0.07575778161534817,3,0,delta_injection_ratio_visual,1,0.02763448915500566
0.1686926303550268,Reddit-S,0.1518366560866509,3,0,interaction_injection_ratio_visual,1,0.02561372489973742
0.006598911408625427,Reddit-S,1.5078730617117138,3,1,effective_order_mean_visual,1,0.00995032074969498
0.2665502458195824,Reddit-S,0.005213798057125332,3,0,effective_order_std_visual,1,0.0013897391540469688
0.1308735041337935,Reddit-S,0.25874834022313575,3,0,semantic_discrepancy_mean_abs,1,0.03386330197393564
1.380487137928953,Reddit-S,-0.03220121366471929,3,0,semantic_discrepancy_spearman,0,0.04445336129122751
