N_edges,beta,dataset,modality,operator_aligned_edges,operator_mae,operator_missing_learned,operator_missing_raw,operator_relative_l1,operator_text_visual_mae,operator_text_visual_relative_l1,raw_h0_bottom10_overlap,raw_h0_compatibility_abs_mean,raw_h0_compatibility_mean,raw_h0_compatibility_q10,raw_h0_compatibility_q50,raw_h0_compatibility_q90,raw_h0_compatibility_std,raw_h0_mean_abs_difference,raw_h0_mean_abs_percentile_rank_difference,raw_h0_median_abs_difference,raw_h0_pearson,raw_h0_q10_abs_difference,raw_h0_q50_abs_difference,raw_h0_q90_abs_difference,raw_h0_sign_disagreement_fraction,raw_h0_spearman,raw_h0_top10_overlap,raw_log_modulation_abs_mean,raw_log_modulation_mean,raw_log_modulation_q10,raw_log_modulation_q50,raw_log_modulation_q90,raw_log_modulation_std,relation_residual_abs_gt_09,relation_residual_abs_gt_095,relation_residual_abs_gt_099,relation_residual_abs_mean,relation_residual_mean,relation_residual_q10,relation_residual_q50,relation_residual_q90,relation_residual_std,relation_space_bottom10_overlap,relation_space_mean_abs_difference,relation_space_mean_abs_percentile_rank_difference,relation_space_median_abs_difference,relation_space_pearson,relation_space_q10_abs_difference,relation_space_q50_abs_difference,relation_space_q90_abs_difference,relation_space_sign_disagreement_fraction,relation_space_spearman,relation_space_top10_overlap,relation_weight_cv,relative_bottom10_overlap,relative_compatibility_abs_mean,relative_compatibility_mean,relative_compatibility_q10,relative_compatibility_q50,relative_compatibility_q90,relative_compatibility_std,relative_mean_abs_difference,relative_mean_abs_percentile_rank_difference,relative_median_abs_difference,relative_pearson,relative_q10_abs_difference,relative_q50_abs_difference,relative_q90_abs_difference,relative_sign_disagreement_fraction,relative_spearman,relative_top10_overlap,residual_vs_relative_pearson,residual_vs_relative_spearman,residual_vs_semantic_pearson,residual_vs_semantic_spearman,seed,semantic_compatibility_abs_mean,semantic_compatibility_mean,semantic_compatibility_q10,semantic_compatibility_q50,semantic_compatibility_q90,semantic_compatibility_std
160802,0.05322729051113129,Movies,text,177474.0,0.001319799254032491,0.0,0.0,0.01572709647919662,,,,0.7291310303316942,0.7291310303316942,0.48863017559051514,0.7618318200111389,0.9244288206100464,0.16684659168948426,,,,,,,,,,,0.048810244779758545,-0.048244887686256725,-0.05322727933526039,-0.05319339781999588,-0.036825887858867645,0.013155209870369867,0.8338577878384598,0.792838397532369,0.6923918856730638,0.917015394486642,-0.9063938300877301,-0.9999998211860657,-0.9993632435798645,-0.6918610334396362,0.24715159753928231,,,,,,,,,,,,0.013450935492354923,,0.07968677234464916,-2.3229954155257588e-09,-0.14466577768325806,0.019781410694122314,0.10966503620147705,0.11328417453650087,,,,,,,,,,,0.25218977626133626,0.18256131788357474,0.12203435413921557,0.022290259403024315,42,0.8508319563751916,0.8507037242050849,0.6250052452087402,0.9103596210479736,0.9844348430633545,0.16248953575350591
160802,0.05225561559200287,Movies,visual,177474.0,0.0014208280916822398,0.0,0.0,0.01693098432202122,,,,0.5875345339255152,0.5875345339255152,0.39573609828948975,0.5855510234832764,0.7827877998352051,0.14532363737399046,,,,,,,,,,,0.03195344896814098,-0.0032363259845608144,-0.04964365437626839,-0.00468855444341898,0.0503758005797863,0.03575512433616865,0.27065583761396,0.2061292769990423,0.10855586373303815,0.6114835429828959,-0.061932597023016275,-0.950015664100647,-0.08972345292568207,0.9640265703201294,0.6842350611287198,,,,,,,,,,,,0.03582770498106508,,0.17029803669427307,-1.092735333743139e-09,-0.31044071912765503,0.022601187229156494,0.259516179561615,0.22728582442520498,,,,,,,,,,,0.32040569936109126,0.2924830783161189,0.5235572663462698,0.5594905488779796,42,0.5534503398740681,0.5147342866020644,0.01994011178612709,0.5836319327354431,0.9021280407905579,0.3402554479136854
160802,,Movies,text_vs_visual,,,,,,0.0017970047745659206,0.021365902307944915,0.14999067222187676,,,,,,,0.20035340032635815,0.28549936548856003,0.18173706531524658,0.2158019988893738,0.03499728441238403,0.18173706531524658,0.3924630880355835,0.0,0.23043385282799592,0.19861948883775885,,,,,,,,,,,,,,,,0.12238044897705366,0.38898261109167964,0.32157472470710696,0.31313252449035645,0.05060747734082416,0.05323110520839691,0.31313252449035645,0.8467643857002258,0.09300879342296738,0.05966057016572902,0.08127604004726074,,0.12449474535165723,,,,,,,0.18866999938419707,0.3194702818091159,0.1447662115097046,0.053179131994037905,0.025583118200302124,0.1447662115097046,0.41501402854919434,0.4601684058655987,0.058772537649254365,0.13158385672532802,,,,,42,,,,,,
160802,0.05152720957994461,Movies,text,177474.0,0.001487085217071823,0.0,0.0,0.01772052273117882,,,,0.7823805440173657,0.7823805440173657,0.5485385060310364,0.8259975910186768,0.9471410512924194,0.15236052728507143,,,,,,,,,,,0.03884870094221488,-0.023381762977075112,-0.05151801183819771,-0.04388759285211563,0.035151656717061996,0.03416325498846948,0.45991965274063756,0.39334087884479046,0.27277023917612964,0.7539453670852426,-0.4537750670922199,-0.9998214840888977,-0.8517362475395203,0.6821960210800171,0.6630138768027309,,,,,,,,,,,,0.03464153355231445,,0.08310414576229916,-3.089543128834721e-10,-0.15666866302490234,0.01950162649154663,0.11739367246627808,0.11562957615912704,,,,,,,,,,,0.3360387836589218,0.32347966280481777,0.26942196172084154,0.2388890988903638,43,0.8618205219160153,0.8617404654680667,0.6213231086730957,0.9303514957427979,0.9891835451126099,0.16065799575227716
160802,0.05072001367807388,Movies,visual,177474.0,0.000544020046364562,0.0,0.0,0.00648269479593285,,,,0.6092263299512326,0.6092263299512326,0.4158440828323364,0.6128242015838623,0.7980868816375732,0.1438665402141717,,,,,,,,,,,0.014914315104098644,0.01471314531220882,0.002840160159394145,0.013656559400260448,0.028462355956435204,0.00977832400793119,0.00019900249996890587,0.0,0.0,0.2940518745702816,0.2900855942550466,0.05599683150649071,0.26925384998321533,0.5611661672592163,0.1927902477387934,,,,,,,,,,,,0.00979816515099146,,0.17647417778371313,-1.221766502376433e-11,-0.3077080249786377,0.025364428758621216,0.25887390971183777,0.22890216658129672,,,,,,,,,,,-0.09291631438041624,-0.05525406815905229,-0.10971922557311514,-0.0663215519003503,43,0.5056345225113217,0.46351128729582636,0.0006300210952758789,0.5320925712585449,0.8158398866653442,0.3195339798639082
160802,,Movies,text_vs_visual,,,,,,0.001735274723674422,0.02065827326507754,0.15179404265903862,,,,,,,0.21266256083528182,0.28335166638336523,0.19805896282196045,0.21844857169303752,0.0406879186630249,0.19805896282196045,0.4059307873249054,0.0,0.24200083364548272,0.21889185995895777,,,,,,,,,,,,,,,,0.15888315403270942,0.4218782495210783,0.29801478412116944,0.35379457473754883,0.1491429756285631,0.08804476261138916,0.35379457473754883,0.8570496141910553,0.09998631857812713,0.1758553671120745,0.17822274734158325,,0.14178222747341584,,,,,,,0.1906342207357869,0.31267472318009426,0.14889943599700928,0.06035611331135834,0.02594652771949768,0.14889943599700928,0.4151991605758667,0.4578923147722043,0.06926704236076277,0.1559604502207574,,,,,43,,,,,,
160802,0.0524170882999897,Movies,text,177474.0,0.0018146827483883948,0.0,0.0,0.02162426639948334,,,,0.7271394973741913,0.7271394973741913,0.4785069227218628,0.7656909227371216,0.9216820001602173,0.17065795753840957,,,,,,,,,,,0.0469641416881754,-0.020472235680599964,-0.0524158738553524,-0.05178655683994293,0.050986625254154205,0.04368833840671351,0.7751147373788884,0.7064713125458638,0.5295705277297547,0.8959700589310098,-0.3905641529024713,-0.9999768137931824,-0.9879708886146545,0.9727100133895874,0.833475109471094,,,,,,,,,,,,0.04445110061028846,,0.14508109387626159,-3.6369084220634103e-09,-0.2861654758453369,0.03903716802597046,0.2004818320274353,0.19451894023000163,,,,,,,,,,,0.41843341917138077,0.5120273037880807,0.4535122664632205,0.6187931533332244,44,0.7965518205083219,0.794036802673675,0.3881070017814636,0.917982816696167,0.9869144558906555,0.2546699754519675
160802,0.05142667517066002,Movies,visual,177474.0,0.001144972266423945,0.0,0.0,0.013643809272535397,,,,0.5937218863661006,0.5937218863661006,0.3963775634765625,0.5968815088272095,0.786883533000946,0.1470038008077421,,,,,,,,,,,0.027353791653927,-0.017285286056507254,-0.04594460502266884,-0.023455679416656494,0.022810734808444977,0.025794146047916997,0.1007450156092586,0.034352806557132375,0.001231327968557605,0.5318988941384457,-0.3361151776107838,-0.893400251865387,-0.4560994803905487,0.4435584247112274,0.5015713335426084,,,,,,,,,,,,0.026038110517205056,,0.16587581749624572,7.365465259076356e-10,-0.2997558116912842,0.028376758098602295,0.24165582656860352,0.2210663195757678,,,,,,,,,,,-0.030506350026012957,0.022651357603036472,-0.18696208694370056,-0.12706555197131097,44,0.5777614742484204,0.5459269097742329,0.0671287477016449,0.6330190896987915,0.8778656721115112,0.3198916333980434
160802,,Movies,text_vs_visual,,,,,,0.001849962906451204,0.022025284849375045,0.158074746595361,,,,,,,0.19455392520524314,0.27555880359842927,0.17482483386993408,0.26064343504792115,0.03504067659378052,0.17482483386993408,0.38347548246383667,0.0,0.27731129575946023,0.2550836390771718,,,,,,,,,,,,,,,,0.15135874634662025,0.35172763190812517,0.30517138470213745,0.2720990628004074,0.12088714385249008,0.05559825897216797,0.2720990628004074,0.770106241106987,0.0878969167050161,0.14004385923493237,0.1644176357191717,,0.13792674584913875,,,,,,,0.2127299073391014,0.3126702271161001,0.15716952085494995,0.06251059571486209,0.024530410766601562,0.15716952085494995,0.4828434884548187,0.45513115508513574,0.06668505338426092,0.16416889496921833,,,,,44,,,,,,
113402,0.05164599046111107,Toys,text,134097.0,0.0019378966631549306,0.0,0.0,0.01382064136590931,,,,0.6614184206293592,0.6614184206293592,0.4422813355922699,0.6648871898651123,0.8730459213256836,0.16247763037823443,,,,,,,,,,,0.03285935968577906,-0.02281930513182418,-0.05127742141485214,-0.033082351088523865,0.023259727284312248,0.028911334241950814,0.33029399834218093,0.24996031816017356,0.1202271564875399,0.6362422210323395,-0.4418407881907114,-0.9928635358810425,-0.6405599117279053,0.4503684937953949,0.5597982335687697,,,,,,,,,,,,0.029227022483225003,,0.14003105343214797,-1.7644227369948313e-09,-0.25268203020095825,0.024466276168823242,0.20188474655151367,0.18878191323837915,,,,,,,,,,,0.10593699974186173,0.026118777774991934,0.12333490919144015,0.06831018758440437,42,0.6839072619550722,0.6740646626157846,0.2642160654067993,0.7574566602706909,0.9504139423370361,0.2790699381494966
113402,0.05036189779639244,Toys,visual,134097.0,0.0018106482247435315,0.0,0.0,0.012913134239707429,,,,0.62507838224039,0.62507838224039,0.4154645800590515,0.6316173672676086,0.825282096862793,0.15385761039464,,,,,,,,,,,0.031046564541708656,0.029068859267292548,0.006629384588450193,0.03277640789747238,0.04686453938484192,0.017176216711555906,0.16019117828609725,0.06596003597820144,0.007548367753655139,0.6164693132012773,0.5771994413091692,0.131634920835495,0.6508175730705261,0.9305554628372192,0.3410557874894059,,,,,,,,,,,,0.016980371878031655,,0.1482612326542737,-1.1381645206505172e-09,-0.26317355036735535,0.023152828216552734,0.2248184084892273,0.21218537990455605,,,,,,,,,,,0.5624425856099721,0.3463174026485735,0.8353656599233096,0.7702952833310887,42,0.6239875841467818,0.5844979550570804,0.07789957523345947,0.6876238584518433,0.9186935424804688,0.34331655863308796
113402,,Toys,text_vs_visual,,,,,,0.0029547783132274886,0.021049859774211043,0.20333303941451372,,,,,,,0.15269891128286425,0.27210101604492826,0.1304805874824524,0.30649369668378595,0.024792730808258057,0.1304805874824524,0.3141588866710663,0.0,0.2958561453189544,0.267965787849396,,,,,,,,,,,,,,,,0.14522528877524027,0.3100872788976516,0.29751512477482445,0.22305279970169067,0.13759500118846046,0.03462427854537964,0.22305279970169067,0.7183154225349426,0.10345496552089029,0.17484688276838392,0.20562560620756548,,0.14760603121417865,,,,,,,0.20073273018134175,0.31110776451710515,0.14611881971359253,0.07583165711704767,0.021989881992340088,0.14611881971359253,0.45688462257385254,0.45512424824958997,0.07640982709566385,0.1484877876730447,,,,,42,,,,,,
113402,0.051682330667972565,Toys,text,134097.0,0.0023672257302945685,0.0,0.0,0.016882519317253382,,,,0.6879021543781795,0.6879021543781795,0.4751047194004059,0.6953531503677368,0.8853297233581543,0.15509914597605529,,,,,,,,,,,0.03947140730392021,-1.81098851144517e-05,-0.0492975115776062,-0.004236252512782812,0.05127062276005745,0.04185440810383725,0.46720516393008943,0.32413890407576584,0.1231371580748135,0.7637311784017812,-0.0003504076870856137,-0.9538562297821045,-0.08196713030338287,0.9920338988304138,0.8098397955659815,,,,,,,,,,,,0.0418859165007589,,0.10067938985595905,-1.1167789720332202e-09,-0.17703133821487427,0.016941428184509277,0.14899492263793945,0.14101303315476463,,,,,,,,,,,0.12686528929207516,0.031587432588159436,0.2891933346873325,0.2746556713263279,43,0.7700272088310341,0.769106296509431,0.47504475712776184,0.8327217102050781,0.9628497362136841,0.2061453282060851
113402,0.05143321305513382,Toys,visual,134097.0,0.0018372943422431008,0.0,0.0,0.013103168332214653,,,,0.634491554249683,0.634491554249683,0.42783963680267334,0.6391515731811523,0.8335139751434326,0.15270329585165607,,,,,,,,,,,0.03332747724885291,0.03332573829243055,0.012324855662882328,0.036015499383211136,0.04976208508014679,0.013613611488161353,0.21660993633269254,0.1318847992098905,0.04396747852771556,0.6479757975411499,0.647941987550867,0.23962834477424622,0.7002381682395935,0.9675087928771973,0.2646852234831295,,,,,,,,,,,,0.013571054755147959,,0.13020637235711402,-1.0450667560093197e-09,-0.22604888677597046,0.021603941917419434,0.19326943159103394,0.17932650633849823,,,,,,,,,,,0.004779726572612646,-0.010246294876895589,0.2251209428729403,0.2800578503239646,43,0.6259389036243711,0.610358255058657,0.2158440351486206,0.6810464859008789,0.8986279964447021,0.27991126106073205
113402,,Toys,text_vs_visual,,,,,,0.0021575855611502474,0.015389122583604604,0.2045674984569262,,,,,,,0.15187380238307077,0.2715144409267143,0.13054877519607544,0.30754208441509595,0.024142920970916748,0.13054877519607544,0.3096916079521179,0.0,0.2987174873539361,0.2724627457896129,,,,,,,,,,,,,,,,0.1673573758927784,0.2601313545884838,0.28577585663337846,0.191578209400177,0.19740690643660042,0.03250819444656372,0.191578209400177,0.5864943563938141,0.04553711574751768,0.2351296172603488,0.22061546600828852,,0.17908473679569703,,,,,,,0.1569470071065993,0.30248364673502875,0.11270648241043091,0.10769707130263209,0.017346978187561035,0.11270648241043091,0.3588341176509857,0.44785806246803406,0.10475349015110676,0.1799664932545631,,,,,43,,,,,,
113402,0.051691725850105286,Toys,text,134097.0,0.002004961971903151,0.0,0.0,0.014298936002525353,,,,0.6531464814179491,0.6531464814179491,0.4246165156364441,0.6588201522827148,0.8683329820632935,0.16736142878108817,,,,,,,,,,,0.031949923518595,0.006210236594842777,-0.04218202456831932,0.011562003754079342,0.04857151582837105,0.03455544321773636,0.18123137158074815,0.09045695843106824,0.016119645156170086,0.6180858346883871,0.12013985794526824,-0.8160305023193359,0.22367222607135773,0.9396381378173828,0.668490800985004,,,,,,,,,,,,0.034436381182954945,,0.13843526193595068,-9.339998744807775e-10,-0.24554969370365143,0.022370457649230957,0.20378535985946655,0.1876993604667084,,,,,,,,,,,0.027353057892306243,-0.01876273837136888,0.14486927630741442,0.1617807906025408,44,0.6765417033980615,0.6673586787861593,0.27444976568222046,0.7448455691337585,0.9390721917152405,0.27111845789133304
113402,0.0504445880651474,Toys,visual,134097.0,0.001848311621437231,0.0,0.0,0.013181741079392139,,,,0.6387556044580001,0.6387556044580001,0.42900264263153076,0.647270679473877,0.8365473747253418,0.1528228643778114,,,,,,,,,,,0.03165569002791219,0.031028531042011944,0.00996816623955965,0.03370983898639679,0.04822808876633644,0.015202294645546587,0.21401738946403062,0.1133489709176205,0.01379164388635121,0.6275339186603436,0.6151012869371678,0.19760625064373016,0.6682548522949219,0.9560607075691223,0.3013662163682268,,,,,,,,,,,,0.015105923392748218,,0.12890702166601842,-1.9072887138560056e-09,-0.22646185755729675,0.021334797143936157,0.1929454803466797,0.18064610505229528,,,,,,,,,,,0.32151125608313974,0.19496450563749515,0.5315446365035332,0.5192265618606634,44,0.6391221140972142,0.6231153431579259,0.2092297375202179,0.7016574740409851,0.9131019115447998,0.28700184374195636
113402,,Toys,text_vs_visual,,,,,,0.0017912406155604636,0.012780471638665372,0.19354554272110044,,,,,,,0.15253852911177743,0.27290291659632365,0.1293497085571289,0.2995159022014711,0.024562954902648926,0.1293497085571289,0.3145841956138611,0.0,0.29261570285125954,0.2575610616347765,,,,,,,,,,,,,,,,0.15219116480028216,0.2705757392268022,0.294397587792785,0.19801020622253418,0.1608800296047002,0.03193080425262451,0.19801020622253418,0.622095376253128,0.0691698559108305,0.19248843968307708,0.2031566881227405,,0.1673573758927784,,,,,,,0.18121936853036655,0.3050251283388922,0.13230222463607788,0.10033483195945941,0.020345032215118408,0.13230222463607788,0.41190463304519653,0.4513324279995062,0.09785721401652184,0.17017899656114982,,,,,44,,,,,,
142262,0.052657850086688995,Grocery,text,159336.0,0.0017833249260853193,0.0,0.0,0.019682778170051093,,,,0.60009261225648,0.60009261225648,0.39391565322875977,0.5902721285820007,0.8209205269813538,0.1634655491579369,,,,,,,,,,,0.03775609888514737,0.008492048466992298,-0.049841009080410004,0.02129046618938446,0.05155599117279053,0.039766817744828854,0.38829764800157457,0.2637949698443717,0.09731340765629613,0.717007983159891,0.16126842343604805,-0.9465067386627197,0.40431705117225647,0.9790751338005066,0.7551925815851968,,,,,,,,,,,,0.03948050853666107,,0.1463181969150267,-1.5423103007044033e-09,-0.2614961266517639,0.028536975383758545,0.20844709873199463,0.19567733832880888,,,,,,,,,,,0.31945138362530134,0.30673937914139565,0.5366811470928294,0.5713218260875302,42,0.655639199496681,0.6452979142375861,0.24118590354919434,0.7217142581939697,0.9289976358413696,0.27742292326569573
142262,0.05009046569466591,Grocery,visual,159336.0,0.001060766067828079,0.0,0.0,0.011707806523632108,,,,0.5659099070818555,0.5659099070818555,0.35029906034469604,0.5442831516265869,0.8200170397758484,0.17863404106304465,,,,,,,,,,,0.03147484330987627,0.03060128457699112,0.008360087871551514,0.033507902175188065,0.0488419234752655,0.016092295866756832,0.23981105284615709,0.152985336913582,0.05869452137605263,0.6283599657677162,0.6109203448498297,0.16689978539943695,0.668947696685791,0.9750742316246033,0.32126464878276983,,,,,,,,,,,,0.01598703388878069,,0.16601125252181353,-1.6955842279616624e-09,-0.29744449257850647,0.03531867265701294,0.23175710439682007,0.2230115295294881,,,,,,,,,,,0.4717110442255372,0.4068966908028777,0.7163325834692247,0.6693779750783909,42,0.6009603000464813,0.5660321075650647,0.07406552135944366,0.6533216238021851,0.9152670502662659,0.33613976529038175
142262,,Grocery,text_vs_visual,,,,,,0.0018014265016780813,0.019885021143035784,0.22330779503760456,,,,,,,0.1522213388732175,0.25596474868753466,0.12696442008018494,0.3897461962991937,0.02297389507293701,0.12696442008018494,0.31748348474502563,0.0,0.36294123279326934,0.3566458142967597,,,,,,,,,,,,,,,,0.1362901525268855,0.31206181830307994,0.30241067050935694,0.23090830445289612,0.1167322332152592,0.03678709268569946,0.23090830445289612,0.7092996835708618,0.10375223179766908,0.14250848570248942,0.22126941730512406,,0.14036690799184648,,,,,,,0.21121257321273113,0.30804369250035735,0.16154825687408447,0.11786520645409984,0.02712935209274292,0.16154825687408447,0.4675196707248688,0.4482433819291167,0.11613044462563529,0.15583046320376748,,,,,42,,,,,,
142262,0.05294244363903999,Grocery,text,159336.0,0.0016295421464373517,0.0,0.0,0.017985458576796003,,,,0.6056705965890675,0.6056705965890675,0.4052848219871521,0.5958598852157593,0.8193365335464478,0.15988261261433173,,,,,,,,,,,0.038771582549099244,0.01810541964517549,-0.04367479309439659,0.03695335611701012,0.05271214619278908,0.03754434481577099,0.43509862085447976,0.33190873177658126,0.16236240176575614,0.7323345861821733,0.34198307450746773,-0.8249485492706299,0.697991132736206,0.995650053024292,0.7091539838424991,,,,,,,,,,,,0.037064036237160855,,0.13278422522428135,-5.555647957442463e-10,-0.23223665356636047,0.02267158031463623,0.19440841674804688,0.176012586170479,,,,,,,,,,,0.2537758814510144,0.23327371996156196,0.4387004703079708,0.47998788164064204,43,0.6591743471609225,0.6542047970615446,0.30757567286491394,0.7079728841781616,0.9210854172706604,0.24576939657957766
142262,0.0526532307267189,Grocery,visual,159336.0,0.0013657362492024404,0.0,0.0,0.015073800202444525,,,,0.561468080035383,0.561468080035383,0.3506007492542267,0.5387158989906311,0.8117679357528687,0.1759257021068332,,,,,,,,,,,0.04396309989826392,0.0438937531803236,0.024499136954545975,0.04982691630721092,0.052626024931669235,0.012395535126131204,0.6007788446668823,0.48915381479242526,0.293571016856223,0.8349554109258425,0.8336383650979373,0.46529218554496765,0.9463221430778503,0.9994832873344421,0.23541832017234873,,,,,,,,,,,,0.012258996689654467,,0.15702322597848253,5.394341436807821e-12,-0.27885764837265015,0.03132188320159912,0.22263884544372559,0.21081325937508008,,,,,,,,,,,0.5027038222598229,0.4286960509207528,0.6767856098127522,0.6423047823794789,43,0.6013761518575705,0.5764451536764518,0.12962961196899414,0.6501165628433228,0.9089073538780212,0.3119227137413314
142262,,Grocery,text_vs_visual,,,,,,0.0015515721014564127,0.01713625395607851,0.23293737260139172,,,,,,,0.15120789673896837,0.25547636390572204,0.12512660026550293,0.38538609886288794,0.02315521240234375,0.12512660026550293,0.3170546889305115,0.0,0.3633551186730644,0.3439938145779152,,,,,,,,,,,,,,,,0.14950446334434525,0.27241671452667804,0.28432068031691127,0.20231866836547852,0.19599826187068806,0.032936692237854004,0.20231866836547852,0.6166571825742722,0.076759781248682,0.24070319105918747,0.2783439938145779,,0.161102129753286,,,,,,,0.1920368441742937,0.30212692444975897,0.14658629894256592,0.1469785904839207,0.02503979206085205,0.14658629894256592,0.42485031485557556,0.4439836358268547,0.13584545011616314,0.18387572924720602,,,,,43,,,,,,
142262,0.053333982825279236,Grocery,text,159336.0,0.001866723814264209,0.0,0.0,0.020603262032325917,,,,0.6158547217639344,0.6158547217639344,0.42269033193588257,0.6074428558349609,0.821448564529419,0.15441985758542542,,,,,,,,,,,0.04162668216653988,0.029403145693529184,-0.032764215022325516,0.04719358682632446,0.053242072463035583,0.0329262408258819,0.5283772194964221,0.4220100940518199,0.22974511816226398,0.7804907860604375,0.5513022682444929,-0.6143215298652649,0.8848689794540405,0.9982767105102539,0.6173594974233292,,,,,,,,,,,,0.03219916018292182,,0.15109340854933814,-1.4280340578392123e-09,-0.2618839144706726,0.028180241584777832,0.2181551456451416,0.20020875431932922,,,,,,,,,,,0.614211936452503,0.5130058213520791,0.7535265523603516,0.7235782743685514,44,0.6361439723788412,0.6253116317104894,0.23229075968265533,0.6892203092575073,0.9210474491119385,0.27549659816255284
142262,0.05087171494960785,Grocery,visual,159336.0,0.001163164378285729,0.0,0.0,0.01283798936369943,,,,0.5815732864253532,0.5815732864253532,0.36676132678985596,0.56392502784729,0.8284091949462891,0.17513979804937713,,,,,,,,,,,0.03299961547690425,0.03090701978354313,0.0022464930079877377,0.037077467888593674,0.05022582411766052,0.0196033346684436,0.32444363217162697,0.23141808775358141,0.08452011078151579,0.6486829765690028,0.6075482183607731,0.044159963726997375,0.7288424968719482,0.9873035550117493,0.38534841390417834,,,,,,,,,,,,0.019410045622902102,,0.1716735904085486,6.540769922746882e-10,-0.31575173139572144,0.03882589936256409,0.24129876494407654,0.2313369475395871,,,,,,,,,,,0.4148772033835825,0.3526570794133809,0.6129155855309885,0.5839920187058659,44,0.6111306670660223,0.5723498225945518,0.05629958584904671,0.6718906760215759,0.9231168031692505,0.3469975179341743
142262,,Grocery,text_vs_visual,,,,,,0.0015242138828474206,0.01685133126923121,0.2297040837843537,,,,,,,0.15022451776771134,0.2605274347841375,0.12492519617080688,0.3536090620926009,0.022923767566680908,0.12492519617080688,0.3107255697250366,0.0,0.3343597093685807,0.32543754832361005,,,,,,,,,,,,,,,,0.15484641878119068,0.31847912203309214,0.30945260723744816,0.2404254674911499,0.10353065311119757,0.03893822431564331,0.2404254674911499,0.7174400985240936,0.10811038787589096,0.11280377569889327,0.2277359949392001,,0.1657411963168623,,,,,,,0.21717178555439384,0.3086169508638241,0.1680678129196167,0.1290709763533777,0.02915191650390625,0.1680678129196167,0.474425345659256,0.4525031280313787,0.11667333136678519,0.16700639628874675,,,,,44,,,,,,
399172,0.053669121116399765,ele-fashion,text,496938.0,0.0018969683454969001,0.0,0.0,0.012380415022926715,,,,0.7507350753865164,0.7507350753865164,0.4746137857437134,0.7965391278266907,0.9219255924224854,0.1692365643725589,,,,,,,,,,,0.025577219304163935,-0.00128505235247633,-0.047775072976946824,0.004535911604762077,0.03450934588909149,0.029790946881696836,0.09955107071638292,0.061587486096219175,0.020166745162486347,0.4765723524382164,-0.023943979796778102,-0.8901780545711516,0.08451622724533081,0.643001914024353,0.5550854245211093,,,,,,,,,,,,0.029646027605354845,,0.09382036373321229,2.291930512724326e-09,-0.12880659103393555,0.013213813304901123,0.13848359584808356,0.17294905634519334,,,,,,,,,,,0.371220309764333,0.2515685534131334,0.5555415178012554,0.48385790461872663,42,0.8257779539791176,0.7998137085521423,0.42335858941078186,0.9210537672042847,0.9810067415237427,0.3055343949311393
399172,0.05369235947728157,ele-fashion,visual,496938.0,0.0030253473383240917,0.0,0.0,0.019744691958551264,,,,0.6765513835477854,0.6765513835477854,0.43735651671886444,0.6967900991439819,0.8814299404621125,0.16723011495909004,,,,,,,,,,,0.04321520080777971,0.007216091381926085,-0.05266720727086067,0.021533464081585407,0.05368911102414131,0.0450073835675338,0.5813734430270661,0.49800086178389263,0.33968815447977313,0.8048668605467353,0.1343969878057566,-0.9809068918228149,0.40105265378952026,0.999939501285553,0.8382455903686229,,,,,,,,,,,,0.044755277054311954,,0.09180036026850028,-6.760457624895074e-09,-0.15709558725357053,0.017484664916992188,0.13298046588897705,0.14315524021401155,,,,,,,,,,,0.3626630757397957,0.3715921447479974,0.45596232811021453,0.4660878574102173,42,0.7836455775882142,0.7761158417930935,0.4235919266939163,0.8737332820892334,0.9735625326633454,0.2520691696269494
399172,,ele-fashion,text_vs_visual,,,,,,0.0026982133000786703,0.017588670704238724,0.40187384137481835,,,,,,,0.14416599684612222,0.237835791047355,0.11161597073078156,0.4687295546859999,0.01973065733909607,0.11161597073078156,0.31965273320674914,0.0,0.42269075476863316,0.3270704945137532,,,,,,,,,,,,,,,,0.37476827496367554,0.1931753874126057,0.2702733023526668,0.0992392897605896,0.40877020733507896,0.012718021869659424,0.0992392897605896,0.5223583251237878,0.05530949064563647,0.2985780278537274,0.21944987223808807,,0.32396412645924144,,,,,,,0.1164885998014905,0.2665100780290068,0.0653078556060791,0.3124526671747037,0.008759993314743043,0.0653078556060791,0.28948599100112915,0.38670548034431274,0.2654658183110481,0.3278220351721028,,,,,42,,,,,,
399172,0.054692722856998444,ele-fashion,text,496938.0,0.0030214984688758614,0.0,0.0,0.019719572614176714,,,,0.7339860549349823,0.7339860549349823,0.4653305262327194,0.7744698524475098,0.912221360206604,0.1679824526084883,,,,,,,,,,,0.040137435747810604,0.004827355104583688,-0.05340154729783535,0.012506019789725542,0.05416690818965435,0.04291326320815543,0.4412083011834497,0.33927730401932,0.17527782509795276,0.7338715950047835,0.08826320691557892,-0.9763921916484832,0.22865966707468033,0.9903859913349151,0.7846247357151218,,,,,,,,,,,,0.04273242527155549,,0.09698194156230305,2.5088625841986e-09,-0.13312279134988783,0.014247715473175049,0.14289910197258004,0.17557840750007442,,,,,,,,,,,0.40235568615646733,0.41545626157745275,0.5015747094142433,0.524919103699464,43,0.8120410474600948,0.7832050302861265,0.4116717040538788,0.900014191865921,0.9757211565971374,0.30906293774765387
399172,0.05382842570543289,ele-fashion,visual,496938.0,0.0029453817301958417,0.0,0.0,0.019222802693219777,,,,0.6475048989270173,0.6475048989270173,0.4053487777709961,0.6645157933235168,0.8633832275867462,0.17248361580712834,,,,,,,,,,,0.04303682798868027,-0.0005413625096872016,-0.05380393899977207,0.001081376161891967,0.0533200740814209,0.0454761856320111,0.5808523643942962,0.4889471205395168,0.29738057779603777,0.799518607991937,-0.01005718643341098,-0.9995450913906098,0.020089314319193363,0.9905560433864594,0.8448358843372245,,,,,,,,,,,,0.04544630286829566,,0.07600920256334205,-1.1598859124739223e-09,-0.13309454619884484,0.014066100120544434,0.11027516722679159,0.11564321300641558,,,,,,,,,,,0.1508626989949522,0.14792289711173356,0.26898338651280285,0.20828639284554956,43,0.793389459654416,0.7911616636864145,0.4845939636230469,0.8722808361053467,0.9721121430397034,0.21625867588218173
399172,,ele-fashion,text_vs_visual,,,,,,0.00411468317822438,0.02687976679875263,0.3932561751590761,,,,,,,0.1486054285195666,0.23331839335249566,0.11698046326637268,0.48846766991479984,0.02041528224945069,0.11698046326637268,0.32743823528289795,0.0,0.45212603717223365,0.3283230622776692,,,,,,,,,,,,,,,,0.4005711709003457,0.17687927929167366,0.2489050519317404,0.09227252006530762,0.4605358101672472,0.0123671293258667,0.09227252006530762,0.46441039741039297,0.05248364113715391,0.39516753820073564,0.2626885114484694,,0.347061476025853,,,,,,,0.10708161526229586,0.25955447081923966,0.05953770875930786,0.35059294243541805,0.007924556732177734,0.05953770875930786,0.2650583729147918,0.38732676640646135,0.28372194840363485,0.3334335387544466,,,,,43,,,,,,
399172,0.05462997406721115,ele-fashion,text,496938.0,0.0024284858790440448,0.0,0.0,0.01584932248935696,,,,0.733418906611409,0.733418906611409,0.47110996246337894,0.7726804912090302,0.9091702103614808,0.16553677950825543,,,,,,,,,,,0.03321572381884697,-0.019232966849442826,-0.05311145521700382,-0.028365221805870533,0.033355317637324425,0.03191030658394809,0.24655536961510327,0.16596354453719198,0.06094615854819476,0.6080128059117974,-0.35205886831489797,-0.9722035884857178,-0.5192245244979858,0.6105680942535416,0.5841171834924255,,,,,,,,,,,,0.03231287676686247,,0.0961415921674434,-2.172382955779644e-10,-0.15057455003261563,0.01654338836669922,0.13904662728309658,0.15787589929489296,,,,,,,,,,,0.2244219292164709,0.21046619539479797,0.2186509972468069,0.13067627098121218,44,0.7698979366598812,0.7539672206406666,0.39252907037735,0.853341281414032,0.9606794953346253,0.2757517966716295
399172,0.05461648479104042,ele-fashion,visual,496938.0,0.0030056148982309915,0.0,0.0,0.019615909736988346,,,,0.6472493609936668,0.6472493609936668,0.4101943373680115,0.6619033515453339,0.858957898616791,0.16918546328263656,,,,,,,,,,,0.04168911138806652,-0.0038551960836033174,-0.054583773016929626,-0.00859948480501771,0.05336008109152317,0.04429078041342139,0.49631236659885963,0.4009299249446354,0.2400970007916387,0.7633063818082143,-0.07058667538117191,-0.9994010925292969,-0.15745218098163605,0.9769958674907684,0.8109416156714513,,,,,,,,,,,,0.0443700116604958,,0.09103502377337012,-5.784310840907414e-10,-0.16369130015373218,0.015382498502731323,0.13522604703903202,0.13269128601493427,,,,,,,,,,,0.33494591829570414,0.33169328051243,0.30324551056174315,0.17047035649582523,44,0.7487693844865972,0.7461100704648219,0.41180258989334106,0.8203532695770264,0.96220383644104,0.23045440297953237
399172,,ele-fashion,text_vs_visual,,,,,,0.002925904722696863,0.019036981062225528,0.3992183977153164,,,,,,,0.1468878715032691,0.23383336869379076,0.11561280488967896,0.48447399717076417,0.020340514183044445,0.11561280488967896,0.32106876969337467,0.0,0.44732081698935455,0.33077809509494466,,,,,,,,,,,,,,,,0.3685054361440954,0.18802507393209222,0.2546031846352039,0.11928465217351913,0.432162232230356,0.01678306460380554,0.11928465217351913,0.4644950516521933,0.040153116952090825,0.37150825682720623,0.2791723032216043,,0.33117891677939776,,,,,,,0.11195712142791844,0.2627078597123008,0.07256385684013367,0.3633756755757369,0.010285741090774536,0.07256385684013367,0.2647281110286713,0.3906636738047759,0.2838640192736635,0.30081667418207325,,,,,44,,,,,,
283080,0.05091053619980812,Reddit-S,text,298974.0,0.0006175231204855501,0.0,0.0,0.011615916375399465,,,,0.6681388696326371,0.6681388696326371,0.47309314608573916,0.6678107976913452,0.8679615259170532,0.14676655677212572,,,,,,,,,,,0.02879392632418467,-0.01967005403764752,-0.045537802204489705,-0.027998498640954494,0.02335577327758074,0.02507511009736998,0.09287127313833546,0.0384061042814752,0.006033630069238378,0.56557892468811,-0.3863650925373119,-0.8944671511650085,-0.549954891204834,0.4587610840797424,0.49253282261810644,,,,,,,,,,,,0.025341842038693666,,0.12649876038907487,-5.77631869844348e-09,-0.23717170804738996,0.0189228355884552,0.19756327271461493,0.17979290863000996,,,,,,,,,,,0.26137219984878324,0.27753049465134144,0.6044609377178438,0.6924083196576263,42,0.6781759445334883,0.6656919426342436,0.23013086915016182,0.7446462512016296,0.961933434009552,0.29525637102258023
283080,0.0512736439704895,Reddit-S,visual,298974.0,0.0004842011215469923,0.0,0.0,0.009108063407151581,,,,0.795238636263316,0.795238636263316,0.5790661931037904,0.8400304913520813,0.9589865684509278,0.17027873838432123,,,,,,,,,,,0.02389050019559727,0.011358522534786114,-0.027850814536213873,0.018588890321552753,0.03441532701253891,0.024759832330728492,0.08596863077575244,0.05836512646601667,0.022672036173519854,0.4659411416187873,0.22152750743738533,-0.5431799352169037,0.3625427931547165,0.6712089300155639,0.482895897718209,,,,,,,,,,,,0.024476424721101016,,0.09170186684363067,8.190690553068727e-11,-0.12264930009841918,0.013801932334899902,0.09979033470153811,0.1834787858814808,,,,,,,,,,,0.46159119685790057,0.36081383319139304,0.8183091420661924,0.7701997022442219,42,0.8293584647239104,0.8001269665721544,0.5002060115337372,0.910824716091156,0.9782393574714661,0.2963790701051523
283080,,Reddit-S,text_vs_visual,,,,,,0.000767086353636448,0.014429381044906578,0.1632753991804437,,,,,,,0.21032898487338697,0.3620314534927961,0.1810426414012909,-0.0316034543673528,0.030552881956100463,0.1810426414012909,0.4295777976512909,0.0,-0.11245059171098046,0.04811360746078847,,,,,,,,,,,,,,,,0.12201497809806415,0.3065641542319174,0.3290786423724864,0.20129254460334778,-0.014934694888122322,0.02297383546829224,0.20129254460334778,0.741768662631512,0.07229051858131977,0.018196571851390064,0.11798784795817437,,0.1195421788893599,,,,,,,0.17205884942889657,0.3191325704998104,0.10952313244342804,0.04529533849480491,0.013614606857299805,0.10952313244342804,0.42484523057937634,0.45382930620319345,0.06493355035949488,0.10640101738024586,,,,,42,,,,,,
283080,0.05308647081255913,Reddit-S,text,298974.0,0.0006720018690854683,0.0,0.0,0.012640688674573434,,,,0.6629154272904938,0.6629154272904938,0.4868474364280701,0.6628486514091492,0.8452348053455353,0.13427249176324174,,,,,,,,,,,0.02966018918173276,-0.018182065502395595,-0.052919164299964905,-0.018966875970363617,0.022938866354525106,0.029883080686024462,0.2969690546841882,0.2536173519853045,0.15941783241486507,0.55871465415026,-0.34249904397634573,-0.9968484044075012,-0.35728268325328827,0.4321038097143176,0.5629133040079088,,,,,,,,,,,,0.029990938680513383,,0.08524858129557006,-2.036144609789534e-09,-0.1526891082525253,0.013761162757873535,0.12797685265541078,0.12321390231249568,,,,,,,,,,,0.17954672049212592,0.2107792689224384,-0.1027733556298826,-0.32035775875568206,43,0.7798710057514459,0.7782944695526454,0.510350513458252,0.836544394493103,0.9674296975135803,0.1987826288461721
283080,0.05229669436812401,Reddit-S,visual,298974.0,0.0006949202841310025,0.0,0.0,0.013071795436076224,,,,0.7851502171614543,0.7851502171614543,0.5632270753383637,0.8278317451477051,0.9571953654289246,0.1726460987901795,,,,,,,,,,,0.03818283250872566,0.03037198782222702,-0.012784998212009667,0.042282529175281525,0.05229668691754341,0.02808240540073233,0.4551434223541048,0.3963119966087325,0.36203193443549525,0.7301194284231108,0.5807630536852284,-0.24447048902511595,0.8085124790668488,0.9999998807907104,0.5369824195766099,,,,,,,,,,,,0.02751743385198003,,0.08392318408947842,-9.674568903619697e-09,-0.1211961954832077,0.01185879111289978,0.09943108558654785,0.16100593458139797,,,,,,,,,,,0.5637382365916742,0.2843322727783685,0.8654880467189122,0.8412439573120312,43,0.8354414460512969,0.8204326648199061,0.5472885131835937,0.917754739522934,0.9936324179172515,0.26382581067621386
283080,,Reddit-S,text_vs_visual,,,,,,0.0010410349580750311,0.019582609793262512,0.18291649003815175,,,,,,,0.19997088785251815,0.3493191064842377,0.17490844428539276,0.037039754805673064,0.02898489832878113,0.17490844428539276,0.4054331064224244,0.0,-0.0367117234647247,0.053129857284159955,,,,,,,,,,,,,,,,0.11318355235269181,0.23253375186339262,0.3537390309873652,0.15715950727462769,-0.024661647094938816,0.024883079528808597,0.15715950727462769,0.5244484752416612,0.039918044369082945,-0.08994545027464908,0.04288540341952805,,0.11791719655221139,,,,,,,0.13254894379176851,0.32351664248425877,0.08393082022666931,0.05070425094515162,0.012379467487335205,0.08393082022666931,0.3197690427303315,0.44662992793556594,0.06289454092838909,0.0907164052564646,,,,,43,,,,,,
283080,0.05033435672521591,Reddit-S,text,298974.0,0.00039452649683983937,0.0,0.0,0.007421239210553756,,,,0.6809530225081162,0.6809530225081162,0.4952097415924072,0.6848819255828857,0.865480238199234,0.1385736480863215,,,,,,,,,,,0.015740381739567266,-0.009677878382923576,-0.0288369033485651,-0.012066783383488655,0.012414836790412666,0.015597568187802814,4.945598417408506e-05,0.0,0.0,0.31271645782904517,-0.19227182017677052,-0.5729069769382477,-0.2397325485944748,0.2466473743319512,0.30987916019491135,,,,,,,,,,,,0.01563751340405068,,0.09848597663088472,-2.6616585933506884e-09,-0.17519435286521912,0.017716914415359497,0.1421487092971802,0.13300212551488627,,,,,,,,,,,0.25742894780985603,0.24903440306588312,0.4736358302686685,0.5239917255471949,44,0.7181736933535997,0.7168963956860535,0.4418094724416733,0.7644985020160675,0.9274073243141175,0.20156361408184809
283080,0.050739530473947525,Reddit-S,visual,298974.0,0.00037118775069123127,0.0,0.0,0.006982225812390227,,,,0.8076626745107776,0.8076626745107776,0.5986580133438111,0.8517971634864807,0.9660271406173706,0.1663065653270723,,,,,,,,,,,0.014262846054872377,-0.0012532313903753588,-0.03238916173577309,0.004632836207747459,0.016057321615517144,0.01823883256499709,0.025116574819838915,0.017634590928359475,0.008873816588950121,0.2810992913212441,-0.024699309917877676,-0.6383417725563049,0.09130625054240227,0.3164657026529313,0.35946001859784993,,,,,,,,,,,,0.018059184025251966,,0.07494906113809771,-7.053416328139101e-09,-0.1058142602443695,0.013003379106521606,0.08764756917953492,0.14108366177297735,,,,,,,,,,,0.3763651968396088,0.2691036300339148,0.6529013913869702,0.7122726889302758,44,0.8380494162860362,0.8301591232293206,0.5811990022659302,0.9172185659408569,0.9816142737865448,0.23360029820855122
283080,,Reddit-S,text_vs_visual,,,,,,0.0004480576626989233,0.008428216683781652,0.17147096227214922,,,,,,,0.19933094981990956,0.3494901140343842,0.1743626892566681,0.03660598990293029,0.0278397798538208,0.1743626892566681,0.40766102671623233,0.0,-0.041042542863325183,0.04959728698601102,,,,,,,,,,,,,,,,0.15924826904055392,0.23714711457409723,0.3399263336049374,0.1736930012702942,0.02808553188107671,0.026610916852951052,0.1736930012702942,0.525431263446808,0.026480146954924403,-0.02485476257089888,0.09156422212802034,,0.12469973152465734,,,,,,,0.13221567369496373,0.32048047099100396,0.0914241373538971,0.0587484660572389,0.013253188133239748,0.0914241373538971,0.30961646139621735,0.45913522679101315,0.06500255478108598,0.12731383354528755,,,,,44,,,,,,
