dataset,utility,scope,n_nodes,sufficient_for_summary,metric,seed_pair,value
Movies,G_T_given_VU,common_train_val,3604,True,pairwise_spearman,42-43,0.6714579619082091
Movies,G_T_given_VU,common_train_val,3604,True,sign_agreement,42-43,0.7727524972253053
Movies,G_T_given_VU,common_train_val,3604,True,top10_jaccard,42-43,0.41846758349705304
Movies,G_T_given_VU,common_train_val,3604,True,bottom10_jaccard,42-43,0.3938223938223938
Movies,G_T_given_VU,common_train_val,3604,True,pairwise_spearman,42-44,0.6682264549836218
Movies,G_T_given_VU,common_train_val,3604,True,sign_agreement,42-44,0.7649833518312985
Movies,G_T_given_VU,common_train_val,3604,True,top10_jaccard,42-44,0.4074074074074074
Movies,G_T_given_VU,common_train_val,3604,True,bottom10_jaccard,42-44,0.4046692607003891
Movies,G_T_given_VU,common_train_val,3604,True,pairwise_spearman,43-44,0.692440909364383
Movies,G_T_given_VU,common_train_val,3604,True,sign_agreement,43-44,0.7752497225305216
Movies,G_T_given_VU,common_train_val,3604,True,top10_jaccard,43-44,0.421259842519685
Movies,G_T_given_VU,common_train_val,3604,True,bottom10_jaccard,43-44,0.40194174757281553
Movies,G_T_given_VU,common_train_val,3604,True,three_seed_unanimous_sign_fraction,42-43-44,0.6564927857935627
Movies,G_T_given_VU,common_train_val,3604,True,between_node_variance,42-43-44,0.30536226968038316
Movies,G_T_given_VU,common_train_val,3604,True,within_node_across_seed_variance,42-43-44,0.058278508513370526
Movies,G_T_given_VU,common_train_val,3604,True,between_within_variance_ratio,42-43-44,5.239706325194056
Movies,G_T_given_VU,same_split_intersection,3604,True,pairwise_spearman,42-43,0.6714579619082091
Movies,G_T_given_VU,same_split_intersection,3604,True,sign_agreement,42-43,0.7727524972253053
Movies,G_T_given_VU,same_split_intersection,3604,True,top10_jaccard,42-43,0.41846758349705304
Movies,G_T_given_VU,same_split_intersection,3604,True,bottom10_jaccard,42-43,0.3938223938223938
Movies,G_T_given_VU,same_split_intersection,3604,True,pairwise_spearman,42-44,0.6682264549836218
Movies,G_T_given_VU,same_split_intersection,3604,True,sign_agreement,42-44,0.7649833518312985
Movies,G_T_given_VU,same_split_intersection,3604,True,top10_jaccard,42-44,0.4074074074074074
Movies,G_T_given_VU,same_split_intersection,3604,True,bottom10_jaccard,42-44,0.4046692607003891
Movies,G_T_given_VU,same_split_intersection,3604,True,pairwise_spearman,43-44,0.692440909364383
Movies,G_T_given_VU,same_split_intersection,3604,True,sign_agreement,43-44,0.7752497225305216
Movies,G_T_given_VU,same_split_intersection,3604,True,top10_jaccard,43-44,0.421259842519685
Movies,G_T_given_VU,same_split_intersection,3604,True,bottom10_jaccard,43-44,0.40194174757281553
Movies,G_T_given_VU,same_split_intersection,3604,True,three_seed_unanimous_sign_fraction,42-43-44,0.6564927857935627
Movies,G_T_given_VU,same_split_intersection,3604,True,between_node_variance,42-43-44,0.30536226968038316
Movies,G_T_given_VU,same_split_intersection,3604,True,within_node_across_seed_variance,42-43-44,0.058278508513370526
Movies,G_T_given_VU,same_split_intersection,3604,True,between_within_variance_ratio,42-43-44,5.239706325194056
Movies,G_V_given_TU,common_train_val,3604,True,pairwise_spearman,42-43,0.6232006505462307
Movies,G_V_given_TU,common_train_val,3604,True,sign_agreement,42-43,0.7635960044395117
Movies,G_V_given_TU,common_train_val,3604,True,top10_jaccard,42-43,0.33210332103321033
Movies,G_V_given_TU,common_train_val,3604,True,bottom10_jaccard,42-43,0.337037037037037
Movies,G_V_given_TU,common_train_val,3604,True,pairwise_spearman,42-44,0.6043532785768133
Movies,G_V_given_TU,common_train_val,3604,True,sign_agreement,42-44,0.7488901220865705
Movies,G_V_given_TU,common_train_val,3604,True,top10_jaccard,42-44,0.3857965451055662
Movies,G_V_given_TU,common_train_val,3604,True,bottom10_jaccard,42-44,0.352059925093633
Movies,G_V_given_TU,common_train_val,3604,True,pairwise_spearman,43-44,0.6571493939716885
Movies,G_V_given_TU,common_train_val,3604,True,sign_agreement,43-44,0.7683129855715871
Movies,G_V_given_TU,common_train_val,3604,True,top10_jaccard,43-44,0.37786259541984735
Movies,G_V_given_TU,common_train_val,3604,True,bottom10_jaccard,43-44,0.4046692607003891
Movies,G_V_given_TU,common_train_val,3604,True,three_seed_unanimous_sign_fraction,42-43-44,0.6403995560488346
Movies,G_V_given_TU,common_train_val,3604,True,between_node_variance,42-43-44,0.49521203386206514
Movies,G_V_given_TU,common_train_val,3604,True,within_node_across_seed_variance,42-43-44,0.13424928683617637
Movies,G_V_given_TU,common_train_val,3604,True,between_within_variance_ratio,42-43-44,3.6887498290130174
Movies,G_V_given_TU,same_split_intersection,3604,True,pairwise_spearman,42-43,0.6232006505462307
Movies,G_V_given_TU,same_split_intersection,3604,True,sign_agreement,42-43,0.7635960044395117
Movies,G_V_given_TU,same_split_intersection,3604,True,top10_jaccard,42-43,0.33210332103321033
Movies,G_V_given_TU,same_split_intersection,3604,True,bottom10_jaccard,42-43,0.337037037037037
Movies,G_V_given_TU,same_split_intersection,3604,True,pairwise_spearman,42-44,0.6043532785768133
Movies,G_V_given_TU,same_split_intersection,3604,True,sign_agreement,42-44,0.7488901220865705
Movies,G_V_given_TU,same_split_intersection,3604,True,top10_jaccard,42-44,0.3857965451055662
Movies,G_V_given_TU,same_split_intersection,3604,True,bottom10_jaccard,42-44,0.352059925093633
Movies,G_V_given_TU,same_split_intersection,3604,True,pairwise_spearman,43-44,0.6571493939716885
Movies,G_V_given_TU,same_split_intersection,3604,True,sign_agreement,43-44,0.7683129855715871
Movies,G_V_given_TU,same_split_intersection,3604,True,top10_jaccard,43-44,0.37786259541984735
Movies,G_V_given_TU,same_split_intersection,3604,True,bottom10_jaccard,43-44,0.4046692607003891
Movies,G_V_given_TU,same_split_intersection,3604,True,three_seed_unanimous_sign_fraction,42-43-44,0.6403995560488346
Movies,G_V_given_TU,same_split_intersection,3604,True,between_node_variance,42-43-44,0.49521203386206514
Movies,G_V_given_TU,same_split_intersection,3604,True,within_node_across_seed_variance,42-43-44,0.13424928683617637
Movies,G_V_given_TU,same_split_intersection,3604,True,between_within_variance_ratio,42-43-44,3.6887498290130174
Toys,G_T_given_VU,common_train_val,4494,True,pairwise_spearman,42-43,0.6954531058817196
Toys,G_T_given_VU,common_train_val,4494,True,sign_agreement,42-43,0.8175344904316867
Toys,G_T_given_VU,common_train_val,4494,True,top10_jaccard,42-43,0.4218009478672986
Toys,G_T_given_VU,common_train_val,4494,True,bottom10_jaccard,42-43,0.5025041736227045
Toys,G_T_given_VU,common_train_val,4494,True,pairwise_spearman,42-44,0.6400304384576563
Toys,G_T_given_VU,common_train_val,4494,True,sign_agreement,42-44,0.7854917668001781
Toys,G_T_given_VU,common_train_val,4494,True,top10_jaccard,42-44,0.37404580152671757
Toys,G_T_given_VU,common_train_val,4494,True,bottom10_jaccard,42-44,0.45395799676898224
Toys,G_T_given_VU,common_train_val,4494,True,pairwise_spearman,43-44,0.6451108679130244
Toys,G_T_given_VU,common_train_val,4494,True,sign_agreement,43-44,0.7914997774810859
Toys,G_T_given_VU,common_train_val,4494,True,top10_jaccard,43-44,0.386748844375963
Toys,G_T_given_VU,common_train_val,4494,True,bottom10_jaccard,43-44,0.45395799676898224
Toys,G_T_given_VU,common_train_val,4494,True,three_seed_unanimous_sign_fraction,42-43-44,0.6973742768135291
Toys,G_T_given_VU,common_train_val,4494,True,between_node_variance,42-43-44,0.13662841115290375
Toys,G_T_given_VU,common_train_val,4494,True,within_node_across_seed_variance,42-43-44,0.03444705437420289
Toys,G_T_given_VU,common_train_val,4494,True,between_within_variance_ratio,42-43-44,3.9663307541101
Toys,G_T_given_VU,same_split_intersection,4494,True,pairwise_spearman,42-43,0.6954531058817196
Toys,G_T_given_VU,same_split_intersection,4494,True,sign_agreement,42-43,0.8175344904316867
Toys,G_T_given_VU,same_split_intersection,4494,True,top10_jaccard,42-43,0.4218009478672986
Toys,G_T_given_VU,same_split_intersection,4494,True,bottom10_jaccard,42-43,0.5025041736227045
Toys,G_T_given_VU,same_split_intersection,4494,True,pairwise_spearman,42-44,0.6400304384576563
Toys,G_T_given_VU,same_split_intersection,4494,True,sign_agreement,42-44,0.7854917668001781
Toys,G_T_given_VU,same_split_intersection,4494,True,top10_jaccard,42-44,0.37404580152671757
Toys,G_T_given_VU,same_split_intersection,4494,True,bottom10_jaccard,42-44,0.45395799676898224
Toys,G_T_given_VU,same_split_intersection,4494,True,pairwise_spearman,43-44,0.6451108679130244
Toys,G_T_given_VU,same_split_intersection,4494,True,sign_agreement,43-44,0.7914997774810859
Toys,G_T_given_VU,same_split_intersection,4494,True,top10_jaccard,43-44,0.386748844375963
Toys,G_T_given_VU,same_split_intersection,4494,True,bottom10_jaccard,43-44,0.45395799676898224
Toys,G_T_given_VU,same_split_intersection,4494,True,three_seed_unanimous_sign_fraction,42-43-44,0.6973742768135291
Toys,G_T_given_VU,same_split_intersection,4494,True,between_node_variance,42-43-44,0.13662841115290375
Toys,G_T_given_VU,same_split_intersection,4494,True,within_node_across_seed_variance,42-43-44,0.03444705437420289
Toys,G_T_given_VU,same_split_intersection,4494,True,between_within_variance_ratio,42-43-44,3.9663307541101
Toys,G_V_given_TU,common_train_val,4494,True,pairwise_spearman,42-43,0.7278940622142166
Toys,G_V_given_TU,common_train_val,4494,True,sign_agreement,42-43,0.82688028482421
Toys,G_V_given_TU,common_train_val,4494,True,top10_jaccard,42-43,0.461038961038961
Toys,G_V_given_TU,common_train_val,4494,True,bottom10_jaccard,42-43,0.5332197614991482
Toys,G_V_given_TU,common_train_val,4494,True,pairwise_spearman,42-44,0.6418266444971424
Toys,G_V_given_TU,common_train_val,4494,True,sign_agreement,42-44,0.7950600801068091
Toys,G_V_given_TU,common_train_val,4494,True,top10_jaccard,42-44,0.40186915887850466
Toys,G_V_given_TU,common_train_val,4494,True,bottom10_jaccard,42-44,0.4492753623188406
Toys,G_V_given_TU,common_train_val,4494,True,pairwise_spearman,43-44,0.6610232522982289
Toys,G_V_given_TU,common_train_val,4494,True,sign_agreement,43-44,0.7999554962171784
Toys,G_V_given_TU,common_train_val,4494,True,top10_jaccard,43-44,0.41287284144427
Toys,G_V_given_TU,common_train_val,4494,True,bottom10_jaccard,43-44,0.42630744849445323
Toys,G_V_given_TU,common_train_val,4494,True,three_seed_unanimous_sign_fraction,42-43-44,0.7109479305740988
Toys,G_V_given_TU,common_train_val,4494,True,between_node_variance,42-43-44,0.23871485385706326
Toys,G_V_given_TU,common_train_val,4494,True,within_node_across_seed_variance,42-43-44,0.05569736025901937
Toys,G_V_given_TU,common_train_val,4494,True,between_within_variance_ratio,42-43-44,4.285927604951563
Toys,G_V_given_TU,same_split_intersection,4494,True,pairwise_spearman,42-43,0.7278940622142166
Toys,G_V_given_TU,same_split_intersection,4494,True,sign_agreement,42-43,0.82688028482421
Toys,G_V_given_TU,same_split_intersection,4494,True,top10_jaccard,42-43,0.461038961038961
Toys,G_V_given_TU,same_split_intersection,4494,True,bottom10_jaccard,42-43,0.5332197614991482
Toys,G_V_given_TU,same_split_intersection,4494,True,pairwise_spearman,42-44,0.6418266444971424
Toys,G_V_given_TU,same_split_intersection,4494,True,sign_agreement,42-44,0.7950600801068091
Toys,G_V_given_TU,same_split_intersection,4494,True,top10_jaccard,42-44,0.40186915887850466
Toys,G_V_given_TU,same_split_intersection,4494,True,bottom10_jaccard,42-44,0.4492753623188406
Toys,G_V_given_TU,same_split_intersection,4494,True,pairwise_spearman,43-44,0.6610232522982289
Toys,G_V_given_TU,same_split_intersection,4494,True,sign_agreement,43-44,0.7999554962171784
Toys,G_V_given_TU,same_split_intersection,4494,True,top10_jaccard,43-44,0.41287284144427
Toys,G_V_given_TU,same_split_intersection,4494,True,bottom10_jaccard,43-44,0.42630744849445323
Toys,G_V_given_TU,same_split_intersection,4494,True,three_seed_unanimous_sign_fraction,42-43-44,0.7109479305740988
Toys,G_V_given_TU,same_split_intersection,4494,True,between_node_variance,42-43-44,0.23871485385706326
Toys,G_V_given_TU,same_split_intersection,4494,True,within_node_across_seed_variance,42-43-44,0.05569736025901937
Toys,G_V_given_TU,same_split_intersection,4494,True,between_within_variance_ratio,42-43-44,4.285927604951563
Grocery,G_T_given_VU,common_train_val,3606,True,pairwise_spearman,42-43,0.6577043457921666
Grocery,G_T_given_VU,common_train_val,3606,True,sign_agreement,42-43,0.7942318358291736
Grocery,G_T_given_VU,common_train_val,3606,True,top10_jaccard,42-43,0.3911368015414258
Grocery,G_T_given_VU,common_train_val,3606,True,bottom10_jaccard,42-43,0.41568627450980394
Grocery,G_T_given_VU,common_train_val,3606,True,pairwise_spearman,42-44,0.667871978555781
Grocery,G_T_given_VU,common_train_val,3606,True,sign_agreement,42-44,0.7997781475318912
Grocery,G_T_given_VU,common_train_val,3606,True,top10_jaccard,42-44,0.41568627450980394
Grocery,G_T_given_VU,common_train_val,3606,True,bottom10_jaccard,42-44,0.4411177644710579
Grocery,G_T_given_VU,common_train_val,3606,True,pairwise_spearman,43-44,0.7102430053676907
Grocery,G_T_given_VU,common_train_val,3606,True,sign_agreement,43-44,0.8141985579589573
Grocery,G_T_given_VU,common_train_val,3606,True,top10_jaccard,43-44,0.45271629778672035
Grocery,G_T_given_VU,common_train_val,3606,True,bottom10_jaccard,43-44,0.5041666666666667
Grocery,G_T_given_VU,common_train_val,3606,True,three_seed_unanimous_sign_fraction,42-43-44,0.7041042706600111
Grocery,G_T_given_VU,common_train_val,3606,True,between_node_variance,42-43-44,0.21578304015833413
Grocery,G_T_given_VU,common_train_val,3606,True,within_node_across_seed_variance,42-43-44,0.05346892008989302
Grocery,G_T_given_VU,common_train_val,3606,True,between_within_variance_ratio,42-43-44,4.035672308241037
Grocery,G_T_given_VU,same_split_intersection,3606,True,pairwise_spearman,42-43,0.6577043457921666
Grocery,G_T_given_VU,same_split_intersection,3606,True,sign_agreement,42-43,0.7942318358291736
Grocery,G_T_given_VU,same_split_intersection,3606,True,top10_jaccard,42-43,0.3911368015414258
Grocery,G_T_given_VU,same_split_intersection,3606,True,bottom10_jaccard,42-43,0.41568627450980394
Grocery,G_T_given_VU,same_split_intersection,3606,True,pairwise_spearman,42-44,0.667871978555781
Grocery,G_T_given_VU,same_split_intersection,3606,True,sign_agreement,42-44,0.7997781475318912
Grocery,G_T_given_VU,same_split_intersection,3606,True,top10_jaccard,42-44,0.41568627450980394
Grocery,G_T_given_VU,same_split_intersection,3606,True,bottom10_jaccard,42-44,0.4411177644710579
Grocery,G_T_given_VU,same_split_intersection,3606,True,pairwise_spearman,43-44,0.7102430053676907
Grocery,G_T_given_VU,same_split_intersection,3606,True,sign_agreement,43-44,0.8141985579589573
Grocery,G_T_given_VU,same_split_intersection,3606,True,top10_jaccard,43-44,0.45271629778672035
Grocery,G_T_given_VU,same_split_intersection,3606,True,bottom10_jaccard,43-44,0.5041666666666667
Grocery,G_T_given_VU,same_split_intersection,3606,True,three_seed_unanimous_sign_fraction,42-43-44,0.7041042706600111
Grocery,G_T_given_VU,same_split_intersection,3606,True,between_node_variance,42-43-44,0.21578304015833413
Grocery,G_T_given_VU,same_split_intersection,3606,True,within_node_across_seed_variance,42-43-44,0.05346892008989302
Grocery,G_T_given_VU,same_split_intersection,3606,True,between_within_variance_ratio,42-43-44,4.035672308241037
Grocery,G_V_given_TU,common_train_val,3606,True,pairwise_spearman,42-43,0.6435000453233574
Grocery,G_V_given_TU,common_train_val,3606,True,sign_agreement,42-43,0.8064337215751525
Grocery,G_V_given_TU,common_train_val,3606,True,top10_jaccard,42-43,0.3175182481751825
Grocery,G_V_given_TU,common_train_val,3606,True,bottom10_jaccard,42-43,0.3911368015414258
Grocery,G_V_given_TU,common_train_val,3606,True,pairwise_spearman,42-44,0.6539333035316564
Grocery,G_V_given_TU,common_train_val,3606,True,sign_agreement,42-44,0.8086522462562395
Grocery,G_V_given_TU,common_train_val,3606,True,top10_jaccard,42-44,0.352059925093633
Grocery,G_V_given_TU,common_train_val,3606,True,bottom10_jaccard,42-44,0.43538767395626243
Grocery,G_V_given_TU,common_train_val,3606,True,pairwise_spearman,43-44,0.6995547913815212
Grocery,G_V_given_TU,common_train_val,3606,True,sign_agreement,43-44,0.8258458125346645
Grocery,G_V_given_TU,common_train_val,3606,True,top10_jaccard,43-44,0.4074074074074074
Grocery,G_V_given_TU,common_train_val,3606,True,bottom10_jaccard,43-44,0.49173553719008267
Grocery,G_V_given_TU,common_train_val,3606,True,three_seed_unanimous_sign_fraction,42-43-44,0.7204658901830283
Grocery,G_V_given_TU,common_train_val,3606,True,between_node_variance,42-43-44,0.32270254507201535
Grocery,G_V_given_TU,common_train_val,3606,True,within_node_across_seed_variance,42-43-44,0.11354277275993183
Grocery,G_V_given_TU,common_train_val,3606,True,between_within_variance_ratio,42-43-44,2.842123168458451
Grocery,G_V_given_TU,same_split_intersection,3606,True,pairwise_spearman,42-43,0.6435000453233574
Grocery,G_V_given_TU,same_split_intersection,3606,True,sign_agreement,42-43,0.8064337215751525
Grocery,G_V_given_TU,same_split_intersection,3606,True,top10_jaccard,42-43,0.3175182481751825
Grocery,G_V_given_TU,same_split_intersection,3606,True,bottom10_jaccard,42-43,0.3911368015414258
Grocery,G_V_given_TU,same_split_intersection,3606,True,pairwise_spearman,42-44,0.6539333035316564
Grocery,G_V_given_TU,same_split_intersection,3606,True,sign_agreement,42-44,0.8086522462562395
Grocery,G_V_given_TU,same_split_intersection,3606,True,top10_jaccard,42-44,0.352059925093633
Grocery,G_V_given_TU,same_split_intersection,3606,True,bottom10_jaccard,42-44,0.43538767395626243
Grocery,G_V_given_TU,same_split_intersection,3606,True,pairwise_spearman,43-44,0.6995547913815212
Grocery,G_V_given_TU,same_split_intersection,3606,True,sign_agreement,43-44,0.8258458125346645
Grocery,G_V_given_TU,same_split_intersection,3606,True,top10_jaccard,43-44,0.4074074074074074
Grocery,G_V_given_TU,same_split_intersection,3606,True,bottom10_jaccard,43-44,0.49173553719008267
Grocery,G_V_given_TU,same_split_intersection,3606,True,three_seed_unanimous_sign_fraction,42-43-44,0.7204658901830283
Grocery,G_V_given_TU,same_split_intersection,3606,True,between_node_variance,42-43-44,0.32270254507201535
Grocery,G_V_given_TU,same_split_intersection,3606,True,within_node_across_seed_variance,42-43-44,0.11354277275993183
Grocery,G_V_given_TU,same_split_intersection,3606,True,between_within_variance_ratio,42-43-44,2.842123168458451
ele-fashion,G_T_given_VU,common_train_val,58659,True,pairwise_spearman,42-43,0.778244446831808
ele-fashion,G_T_given_VU,common_train_val,58659,True,sign_agreement,42-43,0.8712899981247549
ele-fashion,G_T_given_VU,common_train_val,58659,True,top10_jaccard,42-43,0.5475530932594644
ele-fashion,G_T_given_VU,common_train_val,58659,True,bottom10_jaccard,42-43,0.5970596242853253
ele-fashion,G_T_given_VU,common_train_val,58659,True,pairwise_spearman,42-44,0.7945565906763488
ele-fashion,G_T_given_VU,common_train_val,58659,True,sign_agreement,42-44,0.8774271637770845
ele-fashion,G_T_given_VU,common_train_val,58659,True,top10_jaccard,42-44,0.5605214152700186
ele-fashion,G_T_given_VU,common_train_val,58659,True,bottom10_jaccard,42-44,0.6108746395716051
ele-fashion,G_T_given_VU,common_train_val,58659,True,pairwise_spearman,43-44,0.767603912481652
ele-fashion,G_T_given_VU,common_train_val,58659,True,sign_agreement,43-44,0.8670280775328594
ele-fashion,G_T_given_VU,common_train_val,58659,True,top10_jaccard,43-44,0.531392768568072
ele-fashion,G_T_given_VU,common_train_val,58659,True,bottom10_jaccard,43-44,0.5758226997985225
ele-fashion,G_T_given_VU,common_train_val,58659,True,three_seed_unanimous_sign_fraction,42-43-44,0.8083670025060093
ele-fashion,G_T_given_VU,common_train_val,58659,True,between_node_variance,42-43-44,0.14938771421541944
ele-fashion,G_T_given_VU,common_train_val,58659,True,within_node_across_seed_variance,42-43-44,0.01368288754881783
ele-fashion,G_T_given_VU,common_train_val,58659,True,between_within_variance_ratio,42-43-44,10.917850028543588
ele-fashion,G_T_given_VU,same_split_intersection,58659,True,pairwise_spearman,42-43,0.778244446831808
ele-fashion,G_T_given_VU,same_split_intersection,58659,True,sign_agreement,42-43,0.8712899981247549
ele-fashion,G_T_given_VU,same_split_intersection,58659,True,top10_jaccard,42-43,0.5475530932594644
ele-fashion,G_T_given_VU,same_split_intersection,58659,True,bottom10_jaccard,42-43,0.5970596242853253
ele-fashion,G_T_given_VU,same_split_intersection,58659,True,pairwise_spearman,42-44,0.7945565906763488
ele-fashion,G_T_given_VU,same_split_intersection,58659,True,sign_agreement,42-44,0.8774271637770845
ele-fashion,G_T_given_VU,same_split_intersection,58659,True,top10_jaccard,42-44,0.5605214152700186
ele-fashion,G_T_given_VU,same_split_intersection,58659,True,bottom10_jaccard,42-44,0.6108746395716051
ele-fashion,G_T_given_VU,same_split_intersection,58659,True,pairwise_spearman,43-44,0.767603912481652
ele-fashion,G_T_given_VU,same_split_intersection,58659,True,sign_agreement,43-44,0.8670280775328594
ele-fashion,G_T_given_VU,same_split_intersection,58659,True,top10_jaccard,43-44,0.531392768568072
ele-fashion,G_T_given_VU,same_split_intersection,58659,True,bottom10_jaccard,43-44,0.5758226997985225
ele-fashion,G_T_given_VU,same_split_intersection,58659,True,three_seed_unanimous_sign_fraction,42-43-44,0.8083670025060093
ele-fashion,G_T_given_VU,same_split_intersection,58659,True,between_node_variance,42-43-44,0.14938771421541944
ele-fashion,G_T_given_VU,same_split_intersection,58659,True,within_node_across_seed_variance,42-43-44,0.01368288754881783
ele-fashion,G_T_given_VU,same_split_intersection,58659,True,between_within_variance_ratio,42-43-44,10.917850028543588
ele-fashion,G_V_given_TU,common_train_val,58659,True,pairwise_spearman,42-43,0.7275285607719832
ele-fashion,G_V_given_TU,common_train_val,58659,True,sign_agreement,42-43,0.8361547247651682
ele-fashion,G_V_given_TU,common_train_val,58659,True,top10_jaccard,42-43,0.47888566746501954
ele-fashion,G_V_given_TU,common_train_val,58659,True,bottom10_jaccard,42-43,0.5996727570220889
ele-fashion,G_V_given_TU,common_train_val,58659,True,pairwise_spearman,42-44,0.7711728274925962
ele-fashion,G_V_given_TU,common_train_val,58659,True,sign_agreement,42-44,0.8508157316012888
ele-fashion,G_V_given_TU,common_train_val,58659,True,top10_jaccard,42-44,0.5270076792919433
ele-fashion,G_V_given_TU,common_train_val,58659,True,bottom10_jaccard,42-44,0.6376326074818537
ele-fashion,G_V_given_TU,common_train_val,58659,True,pairwise_spearman,43-44,0.7281584156967754
ele-fashion,G_V_given_TU,common_train_val,58659,True,sign_agreement,43-44,0.8357455803883462
ele-fashion,G_V_given_TU,common_train_val,58659,True,top10_jaccard,43-44,0.47479572595851666
ele-fashion,G_V_given_TU,common_train_val,58659,True,bottom10_jaccard,43-44,0.5847629339456977
ele-fashion,G_V_given_TU,common_train_val,58659,True,three_seed_unanimous_sign_fraction,42-43-44,0.7617586389130397
ele-fashion,G_V_given_TU,common_train_val,58659,True,between_node_variance,42-43-44,0.07720288737312327
ele-fashion,G_V_given_TU,common_train_val,58659,True,within_node_across_seed_variance,42-43-44,0.01171564008349063
ele-fashion,G_V_given_TU,common_train_val,58659,True,between_within_variance_ratio,42-43-44,6.589728501639064
ele-fashion,G_V_given_TU,same_split_intersection,58659,True,pairwise_spearman,42-43,0.7275285607719832
ele-fashion,G_V_given_TU,same_split_intersection,58659,True,sign_agreement,42-43,0.8361547247651682
ele-fashion,G_V_given_TU,same_split_intersection,58659,True,top10_jaccard,42-43,0.47888566746501954
ele-fashion,G_V_given_TU,same_split_intersection,58659,True,bottom10_jaccard,42-43,0.5996727570220889
ele-fashion,G_V_given_TU,same_split_intersection,58659,True,pairwise_spearman,42-44,0.7711728274925962
ele-fashion,G_V_given_TU,same_split_intersection,58659,True,sign_agreement,42-44,0.8508157316012888
ele-fashion,G_V_given_TU,same_split_intersection,58659,True,top10_jaccard,42-44,0.5270076792919433
ele-fashion,G_V_given_TU,same_split_intersection,58659,True,bottom10_jaccard,42-44,0.6376326074818537
ele-fashion,G_V_given_TU,same_split_intersection,58659,True,pairwise_spearman,43-44,0.7281584156967754
ele-fashion,G_V_given_TU,same_split_intersection,58659,True,sign_agreement,43-44,0.8357455803883462
ele-fashion,G_V_given_TU,same_split_intersection,58659,True,top10_jaccard,43-44,0.47479572595851666
ele-fashion,G_V_given_TU,same_split_intersection,58659,True,bottom10_jaccard,43-44,0.5847629339456977
ele-fashion,G_V_given_TU,same_split_intersection,58659,True,three_seed_unanimous_sign_fraction,42-43-44,0.7617586389130397
ele-fashion,G_V_given_TU,same_split_intersection,58659,True,between_node_variance,42-43-44,0.07720288737312327
ele-fashion,G_V_given_TU,same_split_intersection,58659,True,within_node_across_seed_variance,42-43-44,0.01171564008349063
ele-fashion,G_V_given_TU,same_split_intersection,58659,True,between_within_variance_ratio,42-43-44,6.589728501639064
Reddit-S,G_T_given_VU,common_train_val,3438,True,pairwise_spearman,42-43,0.6115564447405334
Reddit-S,G_T_given_VU,common_train_val,3438,True,sign_agreement,42-43,0.7742873763816173
Reddit-S,G_T_given_VU,common_train_val,3438,True,top10_jaccard,42-43,0.44537815126050423
Reddit-S,G_T_given_VU,common_train_val,3438,True,bottom10_jaccard,42-43,0.5087719298245614
Reddit-S,G_T_given_VU,common_train_val,3438,True,pairwise_spearman,42-44,0.5984723384027323
Reddit-S,G_T_given_VU,common_train_val,3438,True,sign_agreement,42-44,0.7469458987783595
Reddit-S,G_T_given_VU,common_train_val,3438,True,top10_jaccard,42-44,0.3983739837398374
Reddit-S,G_T_given_VU,common_train_val,3438,True,bottom10_jaccard,42-44,0.5288888888888889
Reddit-S,G_T_given_VU,common_train_val,3438,True,pairwise_spearman,43-44,0.6199224240795781
Reddit-S,G_T_given_VU,common_train_val,3438,True,sign_agreement,43-44,0.7623618382780687
Reddit-S,G_T_given_VU,common_train_val,3438,True,top10_jaccard,43-44,0.44842105263157894
Reddit-S,G_T_given_VU,common_train_val,3438,True,bottom10_jaccard,43-44,0.5460674157303371
Reddit-S,G_T_given_VU,common_train_val,3438,True,three_seed_unanimous_sign_fraction,42-43-44,0.6460151250727167
Reddit-S,G_T_given_VU,common_train_val,3438,True,between_node_variance,42-43-44,0.042750732477489936
Reddit-S,G_T_given_VU,common_train_val,3438,True,within_node_across_seed_variance,42-43-44,0.015433844226704312
Reddit-S,G_T_given_VU,common_train_val,3438,True,between_within_variance_ratio,42-43-44,2.769934168670742
Reddit-S,G_T_given_VU,same_split_intersection,3438,True,pairwise_spearman,42-43,0.6115564447405334
Reddit-S,G_T_given_VU,same_split_intersection,3438,True,sign_agreement,42-43,0.7742873763816173
Reddit-S,G_T_given_VU,same_split_intersection,3438,True,top10_jaccard,42-43,0.44537815126050423
Reddit-S,G_T_given_VU,same_split_intersection,3438,True,bottom10_jaccard,42-43,0.5087719298245614
Reddit-S,G_T_given_VU,same_split_intersection,3438,True,pairwise_spearman,42-44,0.5984723384027323
Reddit-S,G_T_given_VU,same_split_intersection,3438,True,sign_agreement,42-44,0.7469458987783595
Reddit-S,G_T_given_VU,same_split_intersection,3438,True,top10_jaccard,42-44,0.3983739837398374
Reddit-S,G_T_given_VU,same_split_intersection,3438,True,bottom10_jaccard,42-44,0.5288888888888889
Reddit-S,G_T_given_VU,same_split_intersection,3438,True,pairwise_spearman,43-44,0.6199224240795781
Reddit-S,G_T_given_VU,same_split_intersection,3438,True,sign_agreement,43-44,0.7623618382780687
Reddit-S,G_T_given_VU,same_split_intersection,3438,True,top10_jaccard,43-44,0.44842105263157894
Reddit-S,G_T_given_VU,same_split_intersection,3438,True,bottom10_jaccard,43-44,0.5460674157303371
Reddit-S,G_T_given_VU,same_split_intersection,3438,True,three_seed_unanimous_sign_fraction,42-43-44,0.6460151250727167
Reddit-S,G_T_given_VU,same_split_intersection,3438,True,between_node_variance,42-43-44,0.042750732477489936
Reddit-S,G_T_given_VU,same_split_intersection,3438,True,within_node_across_seed_variance,42-43-44,0.015433844226704312
Reddit-S,G_T_given_VU,same_split_intersection,3438,True,between_within_variance_ratio,42-43-44,2.769934168670742
Reddit-S,G_V_given_TU,common_train_val,3438,True,pairwise_spearman,42-43,0.7355713417251374
Reddit-S,G_V_given_TU,common_train_val,3438,True,sign_agreement,42-43,0.8019197207678883
Reddit-S,G_V_given_TU,common_train_val,3438,True,top10_jaccard,42-43,0.5962877030162413
Reddit-S,G_V_given_TU,common_train_val,3438,True,bottom10_jaccard,42-43,0.6
Reddit-S,G_V_given_TU,common_train_val,3438,True,pairwise_spearman,42-44,0.7387338183683713
Reddit-S,G_V_given_TU,common_train_val,3438,True,sign_agreement,42-44,0.7905759162303665
Reddit-S,G_V_given_TU,common_train_val,3438,True,top10_jaccard,42-44,0.5925925925925926
Reddit-S,G_V_given_TU,common_train_val,3438,True,bottom10_jaccard,42-44,0.5779816513761468
Reddit-S,G_V_given_TU,common_train_val,3438,True,pairwise_spearman,43-44,0.7551866005888404
Reddit-S,G_V_given_TU,common_train_val,3438,True,sign_agreement,43-44,0.797847585805701
Reddit-S,G_V_given_TU,common_train_val,3438,True,top10_jaccard,43-44,0.6264775413711584
Reddit-S,G_V_given_TU,common_train_val,3438,True,bottom10_jaccard,43-44,0.638095238095238
Reddit-S,G_V_given_TU,common_train_val,3438,True,three_seed_unanimous_sign_fraction,42-43-44,0.7030250145433391
Reddit-S,G_V_given_TU,common_train_val,3438,True,between_node_variance,42-43-44,0.2769104580195738
Reddit-S,G_V_given_TU,common_train_val,3438,True,within_node_across_seed_variance,42-43-44,0.04012625603519548
Reddit-S,G_V_given_TU,common_train_val,3438,True,between_within_variance_ratio,42-43-44,6.9009791936903
Reddit-S,G_V_given_TU,same_split_intersection,3438,True,pairwise_spearman,42-43,0.7355713417251374
Reddit-S,G_V_given_TU,same_split_intersection,3438,True,sign_agreement,42-43,0.8019197207678883
Reddit-S,G_V_given_TU,same_split_intersection,3438,True,top10_jaccard,42-43,0.5962877030162413
Reddit-S,G_V_given_TU,same_split_intersection,3438,True,bottom10_jaccard,42-43,0.6
Reddit-S,G_V_given_TU,same_split_intersection,3438,True,pairwise_spearman,42-44,0.7387338183683713
Reddit-S,G_V_given_TU,same_split_intersection,3438,True,sign_agreement,42-44,0.7905759162303665
Reddit-S,G_V_given_TU,same_split_intersection,3438,True,top10_jaccard,42-44,0.5925925925925926
Reddit-S,G_V_given_TU,same_split_intersection,3438,True,bottom10_jaccard,42-44,0.5779816513761468
Reddit-S,G_V_given_TU,same_split_intersection,3438,True,pairwise_spearman,43-44,0.7551866005888404
Reddit-S,G_V_given_TU,same_split_intersection,3438,True,sign_agreement,43-44,0.797847585805701
Reddit-S,G_V_given_TU,same_split_intersection,3438,True,top10_jaccard,43-44,0.6264775413711584
Reddit-S,G_V_given_TU,same_split_intersection,3438,True,bottom10_jaccard,43-44,0.638095238095238
Reddit-S,G_V_given_TU,same_split_intersection,3438,True,three_seed_unanimous_sign_fraction,42-43-44,0.7030250145433391
Reddit-S,G_V_given_TU,same_split_intersection,3438,True,between_node_variance,42-43-44,0.2769104580195738
Reddit-S,G_V_given_TU,same_split_intersection,3438,True,within_node_across_seed_variance,42-43-44,0.04012625603519548
Reddit-S,G_V_given_TU,same_split_intersection,3438,True,between_within_variance_ratio,42-43-44,6.9009791936903
