variant,model_variant,phase,dataset,seed,val_acc,val_macro_f1,best_epoch,trainable_parameter_count,confirmation_source
uniform,uniform,reused_e3_c0,Movies,42,0.573185384273529,0.4898358795583738,137,597015,reused_e3_c0
uniform,uniform,reused_e3_c0,Movies,43,0.5776844620704651,0.5011326884390359,132,597015,reused_e3_c0
uniform,uniform,reused_e3_c0,Movies,44,0.5761847496032715,0.49128668272185544,122,597015,reused_e3_c0
uniform,uniform,reused_e3_c0,Toys,42,0.8093742728233337,0.7802075065332348,67,596501,reused_e3_c0
uniform,uniform,reused_e3_c0,Toys,43,0.8062334060668945,0.7817875810315805,73,596501,reused_e3_c0
uniform,uniform,reused_e3_c0,Toys,44,0.8074414134025574,0.7743037984566693,97,596501,reused_e3_c0
uniform,uniform,reused_e3_c0,Grocery,42,0.8301610350608826,0.7618937324304558,170,597015,reused_e3_c0
uniform,uniform,reused_e3_c0,Grocery,43,0.8383601903915405,0.7427906124545802,96,597015,reused_e3_c0
uniform,uniform,reused_e3_c0,Grocery,44,0.8307467103004456,0.7331073045828524,116,597015,reused_e3_c0
uniform,uniform,reused_e3_c0,ele-fashion,42,0.8749105334281921,0.7522751372355608,163,463887,reused_e3_c0
uniform,uniform,reused_e3_c0,ele-fashion,43,0.8765469789505005,0.7528000777554916,183,463887,reused_e3_c0
uniform,uniform,reused_e3_c0,ele-fashion,44,0.8758310079574585,0.757388134067062,179,463887,reused_e3_c0
uniform,uniform,reused_e3_c0,Reddit-S,42,0.9591066241264343,0.9176357122178068,44,597015,reused_e3_c0
uniform,uniform,reused_e3_c0,Reddit-S,43,0.9641396403312683,0.9265336665518298,58,597015,reused_e3_c0
uniform,uniform,reused_e3_c0,Reddit-S,44,0.9603648781776428,0.9191797139103131,64,597015,reused_e3_c0
global_simplex,global_simplex,phase_a,Movies,42,0.573185384273529,0.4834299069458706,108,597020,screening_checkpoint_reused
global_simplex,global_simplex,phase_a,Movies,43,0.5737852454185486,0.48394572727076673,130,597020,screening_checkpoint_reused
global_simplex,global_simplex,phase_a,Movies,44,0.5743851065635681,0.4985643630709065,112,597020,screening_checkpoint_reused
global_simplex,global_simplex,confirmation,Toys,42,0.8059917688369751,0.7802756350896971,70,596506,confirmation_training
global_simplex,global_simplex,confirmation,Toys,43,0.8081662058830261,0.7856512749215194,88,596506,confirmation_training
global_simplex,global_simplex,confirmation,Toys,44,0.8067166209220886,0.7771181531125826,72,596506,confirmation_training
global_simplex,global_simplex,confirmation,Grocery,42,0.8278184533119202,0.7533334440689055,121,597020,confirmation_training
global_simplex,global_simplex,confirmation,Grocery,43,0.8357247710227966,0.7328386537998289,90,597020,confirmation_training
global_simplex,global_simplex,confirmation,Grocery,44,0.8272327780723572,0.7153734881845135,94,597020,confirmation_training
global_simplex,global_simplex,phase_a,ele-fashion,42,0.8766492605209351,0.7657634030119326,168,463892,screening_checkpoint_reused
global_simplex,global_simplex,phase_a,ele-fashion,43,0.8790017366409302,0.7624500318016666,235,463892,screening_checkpoint_reused
global_simplex,global_simplex,phase_a,ele-fashion,44,0.8772629499435425,0.764923382665313,205,463892,screening_checkpoint_reused
global_simplex,global_simplex,phase_a,Reddit-S,42,0.9594212174415588,0.9183735283250328,44,597020,screening_checkpoint_reused
global_simplex,global_simplex,phase_a,Reddit-S,43,0.9650833606719971,0.9278199558477354,72,597020,screening_checkpoint_reused
global_simplex,global_simplex,phase_a,Reddit-S,44,0.9616231322288513,0.9183705444508563,80,597020,screening_checkpoint_reused
hierarchical_flat_simplex,hierarchical_flat_simplex,phase_a,Movies,42,0.5425914525985718,0.3793986371049402,60,712868,screening_checkpoint_reused
hierarchical_flat_simplex,hierarchical_flat_simplex,phase_a,Movies,43,0.5335932970046997,0.3433874966291474,50,712868,screening_checkpoint_reused
hierarchical_flat_simplex,hierarchical_flat_simplex,phase_a,Movies,44,0.5443910956382751,0.42807161156726065,58,712868,screening_checkpoint_reused
hierarchical_flat_simplex,hierarchical_flat_simplex,confirmation,Toys,42,0.8067166209220886,0.7747927990738264,69,712354,confirmation_training
hierarchical_flat_simplex,hierarchical_flat_simplex,confirmation,Toys,43,0.7987436652183533,0.7748704571358753,66,712354,confirmation_training
hierarchical_flat_simplex,hierarchical_flat_simplex,confirmation,Toys,44,0.8006764650344849,0.7709062710489972,57,712354,confirmation_training
hierarchical_flat_simplex,hierarchical_flat_simplex,confirmation,Grocery,42,0.826061487197876,0.7570360076349324,115,712868,confirmation_training
hierarchical_flat_simplex,hierarchical_flat_simplex,confirmation,Grocery,43,0.8339678049087524,0.7499494830172675,121,712868,confirmation_training
hierarchical_flat_simplex,hierarchical_flat_simplex,confirmation,Grocery,44,0.8269400000572205,0.718901779114619,81,712868,confirmation_training
hierarchical_flat_simplex,hierarchical_flat_simplex,phase_a,ele-fashion,42,0.8814564943313599,0.760841834484038,223,579740,screening_checkpoint_reused
hierarchical_flat_simplex,hierarchical_flat_simplex,phase_a,ele-fashion,43,0.8788994550704956,0.760967076667745,144,579740,screening_checkpoint_reused
hierarchical_flat_simplex,hierarchical_flat_simplex,phase_a,ele-fashion,44,0.8786948919296265,0.7713499935630762,147,579740,screening_checkpoint_reused
hierarchical_flat_simplex,hierarchical_flat_simplex,phase_a,Reddit-S,42,0.9616231322288513,0.927522249911846,46,712868,screening_checkpoint_reused
hierarchical_flat_simplex,hierarchical_flat_simplex,phase_a,Reddit-S,43,0.9691727161407471,0.9321637128693429,60,712868,screening_checkpoint_reused
hierarchical_flat_simplex,hierarchical_flat_simplex,phase_a,Reddit-S,44,0.9657124876976013,0.9217102108128155,94,712868,screening_checkpoint_reused
