dataset,seed,variant,intervention,shuffle_seed,val_acc,val_macro_f1,acc_drop,macro_f1_drop,prediction_flip_rate,mean_abs_alpha_change
Movies,42,global_simplex,zero_global_prior,,0.5695860385894775,0.47244803313137085,0.0035992860794067383,0.010981873814499776,0.023095380514860153,0.02052898146212101
Movies,43,global_simplex,zero_global_prior,,0.5719856023788452,0.4823819782597578,0.0017996430397033691,0.0015637490110089192,0.02579483948647976,0.02525905892252922
Movies,44,global_simplex,zero_global_prior,,0.5752848982810974,0.5022398759827595,-0.0008997917175292969,-0.0036755129118530294,0.02069585956633091,0.021107587963342667
ele-fashion,42,global_simplex,zero_global_prior,,0.8745014071464539,0.7590313473385987,0.0021479129791259766,0.006732055673333903,0.006034571211785078,0.03130669519305229
ele-fashion,43,global_simplex,zero_global_prior,,0.8763424754142761,0.7561567672341567,0.0026592612266540527,0.006293264567509893,0.007977907545864582,0.04196785017848015
ele-fashion,44,global_simplex,zero_global_prior,,0.875421941280365,0.7564356136336474,0.0018410086631774902,0.008487769031665593,0.007773345801979303,0.03757113218307495
Reddit-S,42,global_simplex,zero_global_prior,,0.9597357511520386,0.9183494493524591,-0.00031453371047973633,2.407897257372671e-05,0.001572821638546884,0.0053638736717402935
Reddit-S,43,global_simplex,zero_global_prior,,0.9644542336463928,0.9274532798794262,0.000629127025604248,0.0003666759683091936,0.001572821638546884,0.012673996388912201
Reddit-S,44,global_simplex,zero_global_prior,,0.9603648781776428,0.9172837787725975,0.001258254051208496,0.0010867656782588275,0.002831079065799713,0.0123843252658844
Movies,42,node_flat_simplex,train_mean_delta,,0.5239951610565186,0.42174863802098433,0.01889622211456299,0.031595062327381795,0.06568685919046402,0.04412420094013214
Movies,42,node_flat_simplex,shuffle_delta,0.0,0.5308938026428223,0.4320687812600984,0.011997580528259277,0.02127491908826773,0.08038391917943954,0.06261667609214783
Movies,42,node_flat_simplex,shuffle_delta,1.0,0.5287942290306091,0.43006316148750223,0.014097154140472412,0.023280538860863897,0.0767846405506134,0.06228864565491676
Movies,42,node_flat_simplex,shuffle_delta,2.0,0.5281943678855896,0.4358633101564326,0.014697015285491943,0.017480390191933537,0.08458308130502701,0.06288410723209381
Movies,42,node_flat_simplex,shuffle_delta,3.0,0.5275944471359253,0.42765535095015894,0.01529693603515625,0.02568834939820719,0.08428314328193665,0.06328124552965164
Movies,42,node_flat_simplex,shuffle_delta,4.0,0.5302939414978027,0.42617734438959765,0.012597441673278809,0.027166355958768484,0.07798440009355545,0.06214224547147751
Movies,42,node_flat_simplex,shuffle_delta,5.0,0.5308938026428223,0.4308816360366604,0.011997580528259277,0.02246206431170572,0.07648470252752304,0.06309466063976288
Movies,42,node_flat_simplex,shuffle_delta,6.0,0.5284942984580994,0.4220357790337307,0.014397084712982178,0.031307921314635445,0.08548290282487869,0.062303896993398666
Movies,42,node_flat_simplex,shuffle_delta,7.0,0.5341931581497192,0.42863417552533745,0.008698225021362305,0.024709524823028683,0.08338332176208496,0.06367571651935577
Movies,42,node_flat_simplex,shuffle_delta,8.0,0.5341931581497192,0.4361520832768496,0.008698225021362305,0.017191617071516507,0.08518295735120773,0.06285730004310608
Movies,42,node_flat_simplex,shuffle_delta,9.0,0.5332933068275452,0.4257172991706108,0.009598076343536377,0.027626401177755333,0.08098380267620087,0.06241730600595474
Movies,43,node_flat_simplex,train_mean_delta,,0.5293940901756287,0.3456793148803393,0.0032993555068969727,-0.0009165668242532288,0.011097780428826809,0.013557556085288525
Movies,43,node_flat_simplex,shuffle_delta,0.0,0.5302939414978027,0.3459139536188721,0.0023995041847229004,-0.0011512055627860285,0.01559687964618206,0.019340936094522476
Movies,43,node_flat_simplex,shuffle_delta,1.0,0.5296940207481384,0.34501263867078347,0.002999424934387207,-0.00024989061469737894,0.014097180217504501,0.01913718692958355
Movies,43,node_flat_simplex,shuffle_delta,2.0,0.5284942984580994,0.3436234991578652,0.0041991472244262695,0.0011392488982208682,0.014397120103240013,0.019304463639855385
Movies,43,node_flat_simplex,shuffle_delta,3.0,0.529994010925293,0.3444149783707343,0.002699434757232666,0.0003477696853517731,0.014697059988975525,0.019151849672198296
Movies,43,node_flat_simplex,shuffle_delta,4.0,0.5302939414978027,0.34655644261435353,0.0023995041847229004,-0.0017936945582674446,0.01289741974323988,0.019357075914740562
Movies,43,node_flat_simplex,shuffle_delta,5.0,0.529994010925293,0.34513230888358165,0.002699434757232666,-0.00036956082749556307,0.014996999874711037,0.019188599660992622
Movies,43,node_flat_simplex,shuffle_delta,6.0,0.5314936637878418,0.34645951519982043,0.0011997818946838379,-0.0016967671437343457,0.01709658093750477,0.019424550235271454
Movies,43,node_flat_simplex,shuffle_delta,7.0,0.5293940901756287,0.3439601919346001,0.0032993555068969727,0.0008025561214859978,0.01559687964618206,0.019192801788449287
Movies,43,node_flat_simplex,shuffle_delta,8.0,0.5290941596031189,0.3441547408473241,0.0035992860794067383,0.0006080072087619737,0.01709658093750477,0.01938275247812271
Movies,43,node_flat_simplex,shuffle_delta,9.0,0.526694655418396,0.3424049084120212,0.005998790264129639,0.0023578396440648852,0.01709658093750477,0.01919444650411606
Movies,44,node_flat_simplex,train_mean_delta,,0.5416916608810425,0.43006435489899514,0.005398929119110107,0.005678731471072229,0.047690458595752716,0.034075185656547546
Movies,44,node_flat_simplex,shuffle_delta,0.0,0.5407918095588684,0.4338999730086436,0.00629878044128418,0.0018431133614237871,0.06298740208148956,0.04729439318180084
Movies,44,node_flat_simplex,shuffle_delta,1.0,0.5407918095588684,0.42925430644499973,0.00629878044128418,0.006488779925067634,0.06058787927031517,0.04742065444588661
Movies,44,node_flat_simplex,shuffle_delta,2.0,0.5506898164749146,0.4406760998285977,-0.003599226474761963,-0.004933013458530311,0.06448709964752197,0.047620486468076706
Movies,44,node_flat_simplex,shuffle_delta,3.0,0.542291522026062,0.4350153143997869,0.004799067974090576,0.0007277719702804553,0.06328734010457993,0.04790504649281502
Movies,44,node_flat_simplex,shuffle_delta,4.0,0.5440911650657654,0.4346415162199076,0.002999424934387207,0.0011015701501597697,0.056388720870018005,0.04680270701646805
Movies,44,node_flat_simplex,shuffle_delta,5.0,0.5494900941848755,0.4378326702893062,-0.0023995041847229004,-0.0020895839192388577,0.05578884109854698,0.04721146449446678
Movies,44,node_flat_simplex,shuffle_delta,6.0,0.5395920872688293,0.42906165621637304,0.007498502731323242,0.006681430153694323,0.06478703767061234,0.04856116697192192
Movies,44,node_flat_simplex,shuffle_delta,7.0,0.5446910262107849,0.4447749933725687,0.0023995637893676758,-0.009031907002501338,0.0626874640583992,0.047912709414958954
Movies,44,node_flat_simplex,shuffle_delta,8.0,0.5461907386779785,0.43549642473206973,0.0008998513221740723,0.0002466616379976361,0.0626874640583992,0.048087168484926224
Movies,44,node_flat_simplex,shuffle_delta,9.0,0.5425914525985718,0.4331119932416768,0.0044991374015808105,0.002631093128390549,0.05518896132707596,0.047984976321458817
ele-fashion,42,node_flat_simplex,train_mean_delta,,0.8777743577957153,0.7656768017569034,0.0027616024017333984,0.005764570821337633,0.012069142423570156,0.09872443974018097
ele-fashion,42,node_flat_simplex,shuffle_delta,0.0,0.8772629499435425,0.7632188730342618,0.00327301025390625,0.008222499543979245,0.0168763417750597,0.13393619656562805
ele-fashion,42,node_flat_simplex,shuffle_delta,1.0,0.8779789209365845,0.7657942276329875,0.002557039260864258,0.005647144945253535,0.015648972243070602,0.1340329647064209
ele-fashion,42,node_flat_simplex,shuffle_delta,2.0,0.8766493201255798,0.7657597502033654,0.0038866400718688965,0.005681622374875683,0.014114758931100368,0.13446761667728424
ele-fashion,42,node_flat_simplex,shuffle_delta,3.0,0.8786948919296265,0.7648761243813132,0.0018410682678222656,0.006565248196927831,0.017285466194152832,0.13602960109710693
ele-fashion,42,node_flat_simplex,shuffle_delta,4.0,0.8768538236618042,0.7649155279581176,0.0036821365356445312,0.006525844620123511,0.015239848755300045,0.135040283203125
ele-fashion,42,node_flat_simplex,shuffle_delta,5.0,0.878081202507019,0.7664066276851599,0.0024547576904296875,0.0050347448930812,0.015648972243070602,0.13374203443527222
ele-fashion,42,node_flat_simplex,shuffle_delta,6.0,0.8778766393661499,0.7667138143933333,0.002659320831298828,0.004727558184907776,0.017899151891469955,0.13367199897766113
ele-fashion,42,node_flat_simplex,shuffle_delta,7.0,0.8757287859916687,0.7618454544833472,0.004807174205780029,0.009595918094893907,0.01708090491592884,0.133956640958786
ele-fashion,42,node_flat_simplex,shuffle_delta,8.0,0.8764447569847107,0.7606524734496755,0.004091203212738037,0.010788899128565621,0.016467219218611717,0.13272836804389954
ele-fashion,42,node_flat_simplex,shuffle_delta,9.0,0.8760356307029724,0.7638173877002753,0.004500329494476318,0.007623984877965784,0.016467219218611717,0.13447389006614685
ele-fashion,43,node_flat_simplex,train_mean_delta,,0.878081202507019,0.7562990641725321,0.002352476119995117,0.003417742064279028,0.012273703701794147,0.09720472991466522
ele-fashion,43,node_flat_simplex,shuffle_delta,0.0,0.8767516016960144,0.7539856845352407,0.003682076930999756,0.0057311217015704186,0.016364937648177147,0.12841030955314636
ele-fashion,43,node_flat_simplex,shuffle_delta,1.0,0.8767516016960144,0.7509791504477339,0.003682076930999756,0.008737655789077259,0.017387747764587402,0.1270846128463745
ele-fashion,43,node_flat_simplex,shuffle_delta,2.0,0.8765470385551453,0.7489559957469332,0.0038866400718688965,0.010760810489877981,0.01667178049683571,0.12803572416305542
ele-fashion,43,node_flat_simplex,shuffle_delta,3.0,0.8753196597099304,0.7492838404562452,0.00511401891708374,0.010432965780565961,0.016467219218611717,0.12823450565338135
ele-fashion,43,node_flat_simplex,shuffle_delta,4.0,0.8758310675621033,0.7533340879308438,0.004602611064910889,0.006382718305967372,0.017387747764587402,0.12806063890457153
ele-fashion,43,node_flat_simplex,shuffle_delta,5.0,0.8778766393661499,0.7532836792354495,0.002557039260864258,0.0064331270013616715,0.016160376369953156,0.12776696681976318
ele-fashion,43,node_flat_simplex,shuffle_delta,6.0,0.8764447569847107,0.7536035275918489,0.003988921642303467,0.00611327864496225,0.018103713169693947,0.12848350405693054
ele-fashion,43,node_flat_simplex,shuffle_delta,7.0,0.8764447569847107,0.749535189035165,0.003988921642303467,0.01018161720164612,0.0168763417750597,0.12775564193725586
ele-fashion,43,node_flat_simplex,shuffle_delta,8.0,0.8757287859916687,0.7463737921556443,0.004704892635345459,0.013343014081166893,0.01697862334549427,0.12829062342643738
ele-fashion,43,node_flat_simplex,shuffle_delta,9.0,0.8756265044212341,0.7509341497920325,0.004807174205780029,0.008782656444778603,0.016467219218611717,0.12902969121932983
ele-fashion,44,node_flat_simplex,train_mean_delta,,0.879513144493103,0.7637826740001472,-0.0007159709930419922,-0.00023349065880762243,0.009716682136058807,0.06140647456049919
ele-fashion,44,node_flat_simplex,shuffle_delta,0.0,0.8779789209365845,0.763231081193927,0.0008182525634765625,0.0003181021474125689,0.01350107416510582,0.0816999152302742
ele-fashion,44,node_flat_simplex,shuffle_delta,1.0,0.8783880472183228,0.7622819972013839,0.00040912628173828125,0.0012671861399556894,0.013194231316447258,0.08093485236167908
ele-fashion,44,node_flat_simplex,shuffle_delta,2.0,0.8798199892044067,0.76295498358524,-0.0010228157043457031,0.0005941997560995338,0.012171423062682152,0.08121057599782944
ele-fashion,44,node_flat_simplex,shuffle_delta,3.0,0.8798199892044067,0.763399516194767,-0.0010228157043457031,0.00014966714657260738,0.014012478291988373,0.08135735988616943
ele-fashion,44,node_flat_simplex,shuffle_delta,4.0,0.8792062997817993,0.7646796151298058,-0.00040912628173828125,-0.0011304317884661685,0.01258054655045271,0.08111050724983215
ele-fashion,44,node_flat_simplex,shuffle_delta,5.0,0.8783880472183228,0.7620343148265483,0.00040912628173828125,0.0015148685147913232,0.012682827189564705,0.08213313668966293
ele-fashion,44,node_flat_simplex,shuffle_delta,6.0,0.8798199892044067,0.7669088890498039,-0.0010228157043457031,-0.0033597057084643334,0.011557737365365028,0.08099367469549179
ele-fashion,44,node_flat_simplex,shuffle_delta,7.0,0.8801268339157104,0.7657449279589723,-0.001329660415649414,-0.0021957446176327222,0.012069142423570156,0.08078223466873169
ele-fashion,44,node_flat_simplex,shuffle_delta,8.0,0.8798199892044067,0.7643903269034243,-0.0010228157043457031,-0.0008411435620847563,0.012682827189564705,0.08154415339231491
ele-fashion,44,node_flat_simplex,shuffle_delta,9.0,0.8798199892044067,0.7618424692883982,-0.0010228157043457031,0.001706714052941427,0.012887389399111271,0.08047222346067429
Reddit-S,42,node_flat_simplex,train_mean_delta,,0.9600503444671631,0.9216904518959564,0.0009436607360839844,0.006219049819573441,0.012582573108375072,0.059697870165109634
Reddit-S,42,node_flat_simplex,shuffle_delta,0.0,0.9556464552879333,0.9159622182191866,0.005347549915313721,0.01194728349634333,0.015728216618299484,0.07620740681886673
Reddit-S,42,node_flat_simplex,shuffle_delta,1.0,0.9587920904159546,0.9220328910352187,0.0022019147872924805,0.005876610680311201,0.016671909019351006,0.07926430553197861
Reddit-S,42,node_flat_simplex,shuffle_delta,2.0,0.9556464552879333,0.9148921592505911,0.005347549915313721,0.013017342464938797,0.015099087730050087,0.07839217036962509
Reddit-S,42,node_flat_simplex,shuffle_delta,3.0,0.9565901160240173,0.9185226005287503,0.004403889179229736,0.00938690118677954,0.014784523285925388,0.07714064419269562
Reddit-S,42,node_flat_simplex,shuffle_delta,4.0,0.9575338363647461,0.9218884108936004,0.0034601688385009766,0.006021090821929476,0.018244730308651924,0.07868968695402145
Reddit-S,42,node_flat_simplex,shuffle_delta,5.0,0.9547027349472046,0.9165867055255346,0.0062912702560424805,0.011322796189995321,0.01604278013110161,0.07819390296936035
Reddit-S,42,node_flat_simplex,shuffle_delta,6.0,0.9591066241264343,0.9212168713229584,0.0018873810768127441,0.006692630392571508,0.015099087730050087,0.07740285247564316
Reddit-S,42,node_flat_simplex,shuffle_delta,7.0,0.9575338363647461,0.9185067782873609,0.0034601688385009766,0.009402723428168946,0.01635734550654888,0.07751064747571945
Reddit-S,42,node_flat_simplex,shuffle_delta,8.0,0.9543881416320801,0.9142443196063341,0.006605863571166992,0.013665182109195761,0.018244730308651924,0.0782804936170578
Reddit-S,42,node_flat_simplex,shuffle_delta,9.0,0.9569047093391418,0.9176924914991111,0.004089295864105225,0.010217010216418743,0.020132116973400116,0.07990900427103043
Reddit-S,43,node_flat_simplex,train_mean_delta,,0.9666562080383301,0.9286739489476906,0.0022019147872924805,0.0023922730602402575,0.010066058486700058,0.09364376962184906
Reddit-S,43,node_flat_simplex,shuffle_delta,0.0,0.9631959795951843,0.9237452059621163,0.005662143230438232,0.007321016045814588,0.017301037907600403,0.11716119945049286
Reddit-S,43,node_flat_simplex,shuffle_delta,1.0,0.9644542336463928,0.9277211474621824,0.004403889179229736,0.0033450745457485054,0.014784523285925388,0.1178465485572815
Reddit-S,43,node_flat_simplex,shuffle_delta,2.0,0.9603648781776428,0.9177839095740298,0.008493244647979736,0.0132823124339011,0.0179301667958498,0.11742451041936874
Reddit-S,43,node_flat_simplex,shuffle_delta,3.0,0.9613085985183716,0.9250420845012014,0.0075495243072509766,0.006024137506729477,0.015099087730050087,0.11843241751194
Reddit-S,43,node_flat_simplex,shuffle_delta,4.0,0.9619377255439758,0.9227376360705284,0.0069203972816467285,0.008328585937402488,0.016671909019351006,0.11624984443187714
Reddit-S,43,node_flat_simplex,shuffle_delta,5.0,0.9650833606719971,0.9250827750179195,0.0037747621536254883,0.0059834469900114096,0.01446995884180069,0.11837054789066315
Reddit-S,43,node_flat_simplex,shuffle_delta,6.0,0.9657124876976013,0.9258166146128932,0.0031456351280212402,0.005249607395037659,0.013526266440749168,0.11787085235118866
Reddit-S,43,node_flat_simplex,shuffle_delta,7.0,0.9616231322288513,0.9219345663885437,0.00723499059677124,0.009131655619387224,0.015413652174174786,0.11684444546699524
Reddit-S,43,node_flat_simplex,shuffle_delta,8.0,0.9613085985183716,0.9199713505111096,0.0075495243072509766,0.011094871496821312,0.014784523285925388,0.11728601157665253
Reddit-S,43,node_flat_simplex,shuffle_delta,9.0,0.9625668525695801,0.9237805143531921,0.0062912702560424805,0.007285707654738793,0.0179301667958498,0.11586084216833115
Reddit-S,44,node_flat_simplex,train_mean_delta,,0.9628813862800598,0.9183731897443497,0.002831101417541504,0.0007942657499451222,0.011638879776000977,0.09771570563316345
Reddit-S,44,node_flat_simplex,shuffle_delta,0.0,0.9597357511520386,0.9130416553833227,0.005976736545562744,0.0061258001109720794,0.015728216618299484,0.12344835698604584
Reddit-S,44,node_flat_simplex,shuffle_delta,1.0,0.9565901160240173,0.9122923478637744,0.009122371673583984,0.00687510763052035,0.019188424572348595,0.12405110895633698
Reddit-S,44,node_flat_simplex,shuffle_delta,2.0,0.9540736079216003,0.9071543919598544,0.011638879776000977,0.012013063534440427,0.019817553460597992,0.12630276381969452
Reddit-S,44,node_flat_simplex,shuffle_delta,3.0,0.9587920904159546,0.9147200030903626,0.0069203972816467285,0.004447452403932184,0.017301037907600403,0.124876007437706
Reddit-S,44,node_flat_simplex,shuffle_delta,4.0,0.9581629633903503,0.9138427153031043,0.0075495243072509766,0.005324740191190447,0.0179301667958498,0.12468604743480682
Reddit-S,44,node_flat_simplex,shuffle_delta,5.0,0.9559609889984131,0.9088728017249867,0.009751498699188232,0.010294653769308049,0.0179301667958498,0.12657324969768524
Reddit-S,44,node_flat_simplex,shuffle_delta,6.0,0.9578483700752258,0.9133749757812397,0.007864117622375488,0.0057924797130550765,0.01698647439479828,0.12345679104328156
Reddit-S,44,node_flat_simplex,shuffle_delta,7.0,0.9556464552879333,0.9096562844093692,0.010066032409667969,0.009511171084925607,0.018559295684099197,0.12367689609527588
Reddit-S,44,node_flat_simplex,shuffle_delta,8.0,0.9581629633903503,0.9103318889733412,0.0075495243072509766,0.00883556652095363,0.01604278013110161,0.1218993067741394
Reddit-S,44,node_flat_simplex,shuffle_delta,9.0,0.9584774971008301,0.9133763188329584,0.00723499059677124,0.005791136661336349,0.016671909019351006,0.12335808575153351
Movies,42,hierarchical_flat_simplex,train_mean_delta,,0.5353928804397583,0.36758335444310875,0.0071985721588134766,0.011815282661831461,0.051289740949869156,0.03425208479166031
Movies,42,hierarchical_flat_simplex,shuffle_delta,0.0,0.5365926623344421,0.362990118325526,0.005998790264129639,0.016408518779414183,0.0587882399559021,0.047314323484897614
Movies,42,hierarchical_flat_simplex,shuffle_delta,1.0,0.5314936637878418,0.3657382915954137,0.01109778881072998,0.013660345509526495,0.0650869831442833,0.04746858403086662
Movies,42,hierarchical_flat_simplex,shuffle_delta,2.0,0.531193733215332,0.36951165767959754,0.011397719383239746,0.009886979425342668,0.05998799949884415,0.048628151416778564
Movies,42,hierarchical_flat_simplex,shuffle_delta,3.0,0.534493088722229,0.3636134869602419,0.008098363876342773,0.01578515014469828,0.06478703767061234,0.04803074896335602
Movies,42,hierarchical_flat_simplex,shuffle_delta,4.0,0.5326934456825256,0.3654330828005573,0.009898006916046143,0.013965554304382899,0.05758848041296005,0.04766928032040596
Movies,42,hierarchical_flat_simplex,shuffle_delta,5.0,0.534493088722229,0.3696326985509629,0.008098363876342773,0.009765938553977282,0.06418716162443161,0.048276420682668686
Movies,42,hierarchical_flat_simplex,shuffle_delta,6.0,0.5374925136566162,0.3741773238311266,0.005098938941955566,0.005221313273813588,0.05308938026428223,0.047618698328733444
Movies,42,hierarchical_flat_simplex,shuffle_delta,7.0,0.5353928804397583,0.37335594178335035,0.0071985721588134766,0.006042695321589853,0.06388722360134125,0.04791576415300369
Movies,42,hierarchical_flat_simplex,shuffle_delta,8.0,0.534493088722229,0.37197415679522833,0.008098363876342773,0.007424480309711878,0.05668865889310837,0.04778521880507469
Movies,42,hierarchical_flat_simplex,shuffle_delta,9.0,0.5350929498672485,0.3639465287427102,0.007498502731323242,0.015452108362229988,0.06298740208148956,0.04799468070268631
Movies,43,hierarchical_flat_simplex,train_mean_delta,,0.5302939414978027,0.3451963834324743,0.0032992959022521973,-0.001808886803326859,0.014996999874711037,0.015521601773798466
Movies,43,hierarchical_flat_simplex,shuffle_delta,0.0,0.5317935943603516,0.3460765050059616,0.0017996430397033691,-0.0026890083768141837,0.019496100023388863,0.021970342844724655
Movies,43,hierarchical_flat_simplex,shuffle_delta,1.0,0.531193733215332,0.3473886523045847,0.0023995041847229004,-0.004001155675437296,0.01919616013765335,0.021781718358397484
Movies,43,hierarchical_flat_simplex,shuffle_delta,2.0,0.531193733215332,0.3473784389984262,0.0023995041847229004,-0.0039909423692787716,0.019796039909124374,0.02197578363120556
Movies,43,hierarchical_flat_simplex,shuffle_delta,3.0,0.5329933762550354,0.3462957966919332,0.0005998611450195312,-0.002908300062785807,0.01709658093750477,0.0217917300760746
Movies,43,hierarchical_flat_simplex,shuffle_delta,4.0,0.5308938026428223,0.3456441156843453,0.002699434757232666,-0.0022566190551978615,0.01559687964618206,0.022035224363207817
Movies,43,hierarchical_flat_simplex,shuffle_delta,5.0,0.5347930192947388,0.3492592102454178,-0.0011997818946838379,-0.005871713616270369,0.01889622025191784,0.021792219951748848
Movies,43,hierarchical_flat_simplex,shuffle_delta,6.0,0.5341931581497192,0.34717324257601956,-0.0005999207496643066,-0.0037857459468721433,0.01889622025191784,0.022077521309256554
Movies,43,hierarchical_flat_simplex,shuffle_delta,7.0,0.5326934456825256,0.3435002134548922,0.0008997917175292969,-0.00011271682574476305,0.02099579945206642,0.0217962097376585
Movies,43,hierarchical_flat_simplex,shuffle_delta,8.0,0.5308938026428223,0.3446285526339799,0.002699434757232666,-0.001241056004832486,0.020095979794859886,0.022019637748599052
Movies,43,hierarchical_flat_simplex,shuffle_delta,9.0,0.5296940207481384,0.34367886214527865,0.003899216651916504,-0.00029136551613123673,0.017696460708975792,0.021874841302633286
Movies,44,hierarchical_flat_simplex,train_mean_delta,,0.5401919484138489,0.4196076712669433,0.0041991472244262695,0.00846394030031733,0.03989202156662941,0.029557591304183006
Movies,44,hierarchical_flat_simplex,shuffle_delta,0.0,0.5428913831710815,0.4211635534200447,0.0014997124671936035,0.006908058147215956,0.050989799201488495,0.040982022881507874
Movies,44,hierarchical_flat_simplex,shuffle_delta,1.0,0.5404918789863586,0.4186045316738435,0.003899216651916504,0.009467079893417163,0.047690458595752716,0.04090249538421631
Movies,44,hierarchical_flat_simplex,shuffle_delta,2.0,0.5434913039207458,0.4247592513100966,0.0008997917175292969,0.0033123602571640265,0.049490101635456085,0.041134972125291824
Movies,44,hierarchical_flat_simplex,shuffle_delta,3.0,0.537792444229126,0.41707953338780834,0.00659865140914917,0.010992078179452303,0.04889022186398506,0.041623566299676895
Movies,44,hierarchical_flat_simplex,shuffle_delta,4.0,0.5383923053741455,0.4182542937172153,0.005998790264129639,0.00981731785004536,0.044391121715307236,0.040623873472213745
Movies,44,hierarchical_flat_simplex,shuffle_delta,5.0,0.5449909567832947,0.42079950755962037,-0.0005998611450195312,0.007272104007640279,0.04379124194383621,0.04094512388110161
Movies,44,hierarchical_flat_simplex,shuffle_delta,6.0,0.5434913039207458,0.41321540737902007,0.0008997917175292969,0.014856204188240574,0.04649069905281067,0.041574884206056595
Movies,44,hierarchical_flat_simplex,shuffle_delta,7.0,0.5428913831710815,0.41611294185667863,0.0014997124671936035,0.011958669710582015,0.04829034209251404,0.041332416236400604
Movies,44,hierarchical_flat_simplex,shuffle_delta,8.0,0.542291522026062,0.4152377262473513,0.0020995736122131348,0.012833885319909366,0.05548889935016632,0.0414736345410347
Movies,44,hierarchical_flat_simplex,shuffle_delta,9.0,0.5401919484138489,0.41969852130286506,0.0041991472244262695,0.008373090264395588,0.04829034209251404,0.04129606857895851
ele-fashion,42,hierarchical_flat_simplex,train_mean_delta,,0.8796154260635376,0.7598396538715476,0.0018410682678222656,0.0010021806124903554,0.010841771960258484,0.08576977252960205
ele-fashion,42,hierarchical_flat_simplex,shuffle_delta,0.0,0.8774675130844116,0.7569682942911578,0.003988981246948242,0.0038735401928802204,0.016467219218611717,0.12393173575401306
ele-fashion,42,hierarchical_flat_simplex,shuffle_delta,1.0,0.8774675130844116,0.7551042879182915,0.003988981246948242,0.005737546565746432,0.015648972243070602,0.12339769303798676
ele-fashion,42,hierarchical_flat_simplex,shuffle_delta,2.0,0.8779789209365845,0.7563715999193747,0.0034775733947753906,0.0044702345646632224,0.015444410964846611,0.1236979141831398
ele-fashion,42,hierarchical_flat_simplex,shuffle_delta,3.0,0.8775697946548462,0.75580853341343,0.003886699676513672,0.005033301070607954,0.017694588750600815,0.1252477765083313
ele-fashion,42,hierarchical_flat_simplex,shuffle_delta,4.0,0.8778766393661499,0.7563930402249155,0.003579854965209961,0.004448794259122479,0.01708090491592884,0.1246127337217331
ele-fashion,42,hierarchical_flat_simplex,shuffle_delta,5.0,0.8797177076339722,0.7597503415765477,0.0017387866973876953,0.0010914929074902213,0.015546691603958607,0.12353964895009995
ele-fashion,42,hierarchical_flat_simplex,shuffle_delta,6.0,0.8774675130844116,0.753331971416899,0.003988981246948242,0.0075098630671389666,0.016160376369953156,0.12305904924869537
ele-fashion,42,hierarchical_flat_simplex,shuffle_delta,7.0,0.878081202507019,0.7575480135269572,0.0033752918243408203,0.003293820957080751,0.015035287477076054,0.12344252318143845
ele-fashion,42,hierarchical_flat_simplex,shuffle_delta,8.0,0.8785926103591919,0.7562933658457823,0.0028638839721679688,0.004548468638255643,0.016569500789046288,0.12270302325487137
ele-fashion,42,hierarchical_flat_simplex,shuffle_delta,9.0,0.8775697946548462,0.7566478741830337,0.003886699676513672,0.004193960301004274,0.015751253813505173,0.12390336394309998
ele-fashion,43,hierarchical_flat_simplex,train_mean_delta,,0.8775697946548462,0.7584324182730987,0.001329660415649414,0.002534658394646283,0.01186458021402359,0.0963604599237442
ele-fashion,43,hierarchical_flat_simplex,shuffle_delta,0.0,0.8760356307029724,0.7535336001975067,0.0028638243675231934,0.007433476470238287,0.015035287477076054,0.1264561116695404
ele-fashion,43,hierarchical_flat_simplex,shuffle_delta,1.0,0.8775697946548462,0.7552757507586739,0.001329660415649414,0.0056913259090710655,0.015444410964846611,0.12508583068847656
ele-fashion,43,hierarchical_flat_simplex,shuffle_delta,2.0,0.8758310675621033,0.7515253947155469,0.003068387508392334,0.009441681952198078,0.015751253813505173,0.1260165274143219
ele-fashion,43,hierarchical_flat_simplex,shuffle_delta,3.0,0.874705970287323,0.7518510398935141,0.004193484783172607,0.009116036774230896,0.015239848755300045,0.1261785924434662
ele-fashion,43,hierarchical_flat_simplex,shuffle_delta,4.0,0.8768538236618042,0.7587203866776513,0.0020456314086914062,0.0022466899900936976,0.015751253813505173,0.12598811089992523
ele-fashion,43,hierarchical_flat_simplex,shuffle_delta,5.0,0.8783880472183228,0.7595781017633884,0.0005114078521728516,0.0013889749043566324,0.016160376369953156,0.12562426924705505
ele-fashion,43,hierarchical_flat_simplex,shuffle_delta,6.0,0.8752173781394958,0.7555790919175962,0.003682076930999756,0.005387984750148789,0.016569500789046288,0.12614227831363678
ele-fashion,43,hierarchical_flat_simplex,shuffle_delta,7.0,0.8769561052322388,0.7554929201327678,0.001943349838256836,0.0054741565349771815,0.016364937648177147,0.12564468383789062
ele-fashion,43,hierarchical_flat_simplex,shuffle_delta,8.0,0.875421941280365,0.7502938503603498,0.0034775137901306152,0.0106732263073952,0.015853533521294594,0.12626813352108002
ele-fashion,43,hierarchical_flat_simplex,shuffle_delta,9.0,0.875421941280365,0.754884838113712,0.0034775137901306152,0.006082238554033004,0.015035287477076054,0.12693606317043304
ele-fashion,44,hierarchical_flat_simplex,train_mean_delta,,0.8790017366409302,0.7709962961637052,-0.00030684471130371094,0.0003536973993709669,0.00930755864828825,0.054874107241630554
ele-fashion,44,hierarchical_flat_simplex,shuffle_delta,0.0,0.8770583868026733,0.7691621072666006,0.001636505126953125,0.002187886296475594,0.012171423062682152,0.07420021295547485
ele-fashion,44,hierarchical_flat_simplex,shuffle_delta,1.0,0.877365231513977,0.7699399796111759,0.001329660415649414,0.001410013951900324,0.012887389399111271,0.07387785613536835
ele-fashion,44,hierarchical_flat_simplex,shuffle_delta,2.0,0.8778766393661499,0.7701910773843376,0.0008182525634765625,0.0011589161787386448,0.011046333238482475,0.07390166819095612
ele-fashion,44,hierarchical_flat_simplex,shuffle_delta,3.0,0.8778766393661499,0.7689565260624797,0.0008182525634765625,0.0023934675005965467,0.011966860853135586,0.07378453761339188
ele-fashion,44,hierarchical_flat_simplex,shuffle_delta,4.0,0.8783880472183228,0.7721086961342812,0.00030684471130371094,-0.0007587025712050277,0.012478265911340714,0.07360667735338211
ele-fashion,44,hierarchical_flat_simplex,shuffle_delta,5.0,0.8771606683731079,0.768873629269592,0.0015342235565185547,0.00247636429348419,0.012171423062682152,0.07454383373260498
ele-fashion,44,hierarchical_flat_simplex,shuffle_delta,6.0,0.8781834840774536,0.7751142170212759,0.0005114078521728516,-0.0037642234581997114,0.011148613877594471,0.07404918968677521
ele-fashion,44,hierarchical_flat_simplex,shuffle_delta,7.0,0.8783880472183228,0.7698045384047204,0.00030684471130371094,0.0015454551583558018,0.011353176087141037,0.07367953658103943
ele-fashion,44,hierarchical_flat_simplex,shuffle_delta,8.0,0.8792062997817993,0.7718287067522259,-0.0005114078521728516,-0.0004787131891497154,0.010637209750711918,0.07382233440876007
ele-fashion,44,hierarchical_flat_simplex,shuffle_delta,9.0,0.8779789209365845,0.7671211221199038,0.0007159709930419922,0.004228871443172411,0.010739490389823914,0.07300907373428345
Reddit-S,42,hierarchical_flat_simplex,train_mean_delta,,0.9603648781776428,0.9209476285263103,0.001258254051208496,0.006574621385535662,0.010066058486700058,0.0670938789844513
Reddit-S,42,hierarchical_flat_simplex,shuffle_delta,0.0,0.9565901160240173,0.9166223211534948,0.005033016204833984,0.010899928758351107,0.014784523285925388,0.08384666591882706
Reddit-S,42,hierarchical_flat_simplex,shuffle_delta,1.0,0.9591066241264343,0.9233740451417518,0.002516508102416992,0.004148204770094144,0.015728216618299484,0.08723917603492737
Reddit-S,42,hierarchical_flat_simplex,shuffle_delta,2.0,0.9572192430496216,0.9158090376130275,0.004403889179229736,0.011713212298818498,0.01635734550654888,0.08619346469640732
Reddit-S,42,hierarchical_flat_simplex,shuffle_delta,3.0,0.9565901160240173,0.9174443177323452,0.005033016204833984,0.010077932179500704,0.015413652174174786,0.08494333922863007
Reddit-S,42,hierarchical_flat_simplex,shuffle_delta,4.0,0.9575338363647461,0.9228631350053067,0.004089295864105225,0.004659114906539252,0.015413652174174786,0.08658502250909805
Reddit-S,42,hierarchical_flat_simplex,shuffle_delta,5.0,0.9550173282623291,0.914173764955545,0.006605803966522217,0.013348484956300921,0.0179301667958498,0.08675532788038254
Reddit-S,42,hierarchical_flat_simplex,shuffle_delta,6.0,0.9594212174415588,0.9213968318909943,0.0022019147872924805,0.006125418020851647,0.013840829953551292,0.0851886123418808
Reddit-S,42,hierarchical_flat_simplex,shuffle_delta,7.0,0.9556464552879333,0.9144080004203019,0.005976676940917969,0.01311424949154405,0.01604278013110161,0.08574226498603821
Reddit-S,42,hierarchical_flat_simplex,shuffle_delta,8.0,0.9543881416320801,0.9122736362451456,0.00723499059677124,0.015248613666700384,0.018559295684099197,0.08617382496595383
Reddit-S,42,hierarchical_flat_simplex,shuffle_delta,9.0,0.9569047093391418,0.9169339335857638,0.004718422889709473,0.010588316326082148,0.019188424572348595,0.08846266567707062
Reddit-S,43,hierarchical_flat_simplex,train_mean_delta,,0.9663416147232056,0.9279823514135487,0.002831101417541504,0.004181361455794175,0.010695187374949455,0.09524950385093689
Reddit-S,43,hierarchical_flat_simplex,shuffle_delta,0.0,0.9631959795951843,0.9235680490496341,0.005976736545562744,0.008595663819708776,0.01698647439479828,0.11897996068000793
Reddit-S,43,hierarchical_flat_simplex,shuffle_delta,1.0,0.9638251066207886,0.927899560979062,0.005347609519958496,0.004264151890280843,0.01604278013110161,0.11962664127349854
Reddit-S,43,hierarchical_flat_simplex,shuffle_delta,2.0,0.9603648781776428,0.917654404312495,0.008807837963104248,0.014509308556847844,0.01698647439479828,0.11904746294021606
Reddit-S,43,hierarchical_flat_simplex,shuffle_delta,3.0,0.9613085985183716,0.9247940556543307,0.007864117622375488,0.007369657215012149,0.015099087730050087,0.12006932497024536
Reddit-S,43,hierarchical_flat_simplex,shuffle_delta,4.0,0.9609940052032471,0.9207519988440657,0.0081787109375,0.011411714025277186,0.017615601420402527,0.11799449473619461
Reddit-S,43,hierarchical_flat_simplex,shuffle_delta,5.0,0.9647687673568726,0.9248999000035989,0.004403948783874512,0.007263812865743957,0.01446995884180069,0.12017498910427094
Reddit-S,43,hierarchical_flat_simplex,shuffle_delta,6.0,0.9653978943824768,0.9267784592979004,0.0037748217582702637,0.005385253571442483,0.013526266440749168,0.11954011023044586
Reddit-S,43,hierarchical_flat_simplex,shuffle_delta,7.0,0.9606794714927673,0.9205459036935076,0.008493244647979736,0.011617809175835214,0.01635734550654888,0.11871583759784698
Reddit-S,43,hierarchical_flat_simplex,shuffle_delta,8.0,0.9616231322288513,0.9206614024489509,0.007549583911895752,0.011502310420391959,0.01446995884180069,0.11899977922439575
Reddit-S,43,hierarchical_flat_simplex,shuffle_delta,9.0,0.9625668525695801,0.9226878741883286,0.006605863571166992,0.009475838681014204,0.0179301667958498,0.11758102476596832
Reddit-S,44,hierarchical_flat_simplex,train_mean_delta,,0.9603648781776428,0.9126252661884722,0.005347609519958496,0.009084944624343283,0.012582573108375072,0.09926378726959229
Reddit-S,44,hierarchical_flat_simplex,shuffle_delta,0.0,0.9569047093391418,0.9085154971681482,0.008807778358459473,0.013194713644667289,0.015728216618299484,0.12634654343128204
Reddit-S,44,hierarchical_flat_simplex,shuffle_delta,1.0,0.9550173282623291,0.910083284415131,0.010695159435272217,0.011626926397684478,0.022334067150950432,0.12764620780944824
Reddit-S,44,hierarchical_flat_simplex,shuffle_delta,2.0,0.9540736079216003,0.9078892768118696,0.011638879776000977,0.013820934000945861,0.02044668048620224,0.12952035665512085
Reddit-S,44,hierarchical_flat_simplex,shuffle_delta,3.0,0.9581629633903503,0.9145897219432833,0.0075495243072509766,0.007120488869532204,0.018244730308651924,0.1276390105485916
Reddit-S,44,hierarchical_flat_simplex,shuffle_delta,4.0,0.9562755823135376,0.9127482746962468,0.00943690538406372,0.008961936116568703,0.019188424572348595,0.12763729691505432
Reddit-S,44,hierarchical_flat_simplex,shuffle_delta,5.0,0.9562755823135376,0.9100789874067157,0.00943690538406372,0.011631223406099789,0.01698647439479828,0.12973478436470032
Reddit-S,44,hierarchical_flat_simplex,shuffle_delta,6.0,0.9591066241264343,0.9153941794203044,0.006605863571166992,0.006316031392511023,0.01635734550654888,0.12663808465003967
Reddit-S,44,hierarchical_flat_simplex,shuffle_delta,7.0,0.9562755823135376,0.9105430675108511,0.00943690538406372,0.011167143301964333,0.0179301667958498,0.12724249064922333
Reddit-S,44,hierarchical_flat_simplex,shuffle_delta,8.0,0.9569047093391418,0.9089030840470962,0.008807778358459473,0.012807126765719268,0.0179301667958498,0.1248653456568718
Reddit-S,44,hierarchical_flat_simplex,shuffle_delta,9.0,0.9553318619728088,0.9079770125540609,0.01038062572479248,0.01373319825875452,0.01887385919690132,0.12667644023895264
