candidate,parent,dataset,paired_seeds,mean_delta_acc,mean_delta_macro_f1,positive_acc_pairs,positive_f1_pairs,candidate_parameters,parent_parameters,parameter_diff_pct
B1_trajectory,B0_hierarchical_flat,Movies,3,0.002199570337931315,0.02552816712128982,2,2,731044.0,712868.0,2.5497006458418667
B1_trajectory,B0_hierarchical_flat,Reddit-S,3,-0.0006291071573893229,-0.002530085345804308,1,1,731044.0,712868.0,2.5497006458418667
B1_trajectory,B0_hierarchical_flat,ele-fashion,3,-0.00030684471130371094,-0.0004383246356961153,2,1,597916.0,579740.0,3.1351985372753304
B1_trajectory,B0_hierarchical_flat,ALL_SCREEN,9,0.00042120615641276043,0.007519919046596466,5,4,686668.0,668492.0,2.7189554998414343
B2_capacity_control,B1_trajectory,Movies,3,0.003099381923675537,0.01013437779666676,2,2,817652.0,731044.0,11.847166518020803
B2_capacity_control,B1_trajectory,Reddit-S,3,-0.0002097487449645996,0.0009765108986527679,2,3,817652.0,731044.0,11.847166518020803
B2_capacity_control,B1_trajectory,ele-fashion,3,-0.0008523464202880859,0.0014417885858961272,1,2,684524.0,597916.0,14.48497782297179
B2_capacity_control,B1_trajectory,ALL_SCREEN,9,0.0006790955861409506,0.004184225760405219,5,7,773276.0,686668.0,12.612791043124188
B2_relation,B2_capacity_control,Movies,3,-0.0067986249923706055,-0.026942485919872656,1,0,818084.0,817652.0,0.052834213088208674
B2_relation,B2_capacity_control,Reddit-S,3,0.00020972887674967447,-0.0007078913427085812,2,2,818084.0,817652.0,0.052834213088208674
B2_relation,B2_capacity_control,ele-fashion,3,0.00030684471130371094,-0.004974463688565911,1,1,684956.0,684524.0,0.0631095476564737
B2_relation,B2_capacity_control,ALL_SCREEN,9,-0.002094017134772407,-0.010874946983715716,4,3,773708.0,773276.0,0.05586621077079852
B2_relation,B1_trajectory,Movies,3,-0.0036992430686950684,-0.016808108123205896,1,1,818084.0,731044.0,11.906260088312058
B2_relation,B1_trajectory,Reddit-S,3,-1.9868214925130207e-08,0.00026861955594418657,1,2,818084.0,731044.0,11.906260088312058
B2_relation,B1_trajectory,ele-fashion,3,-0.000545501708984375,-0.0035326751026697836,2,2,684956.0,597916.0,14.557228774610481
B2_relation,B1_trajectory,ALL_SCREEN,9,-0.0014149215486314562,-0.006690721223310498,4,5,773708.0,686668.0,12.67570354232322
