attention_hops,attention_max_row_sum_error,attention_min,attention_nodes,attention_nonuniformity,attention_shape,dataset,diagonal_excess,diagonal_mass_mean,diagonal_mass_q10,diagonal_mass_q50,diagonal_mass_q90,diagonal_mass_std,entrywise_node_std_abs_mean,entrywise_node_std_mean,entrywise_node_std_q10,entrywise_node_std_q25,entrywise_node_std_q50,entrywise_node_std_q75,entrywise_node_std_q90,entrywise_node_std_std,jensen_entropy_gap,mean_matrix_normalized_entropy,mean_matrix_row_diversity,modality,node_heterogeneity_mean,node_heterogeneity_q10,node_heterogeneity_q50,node_heterogeneity_q90,node_heterogeneity_std,nodewise_entropy_q10,nodewise_entropy_q50,nodewise_entropy_q90,nodewise_entropy_std,nodewise_normalized_entropy,off_diagonal_mass,old_mean_matrix_normalized_entropy,query_diversity_mean,query_diversity_q10,query_diversity_q50,query_diversity_q90,query_diversity_std,seed,uniform_diagonal_mass
4.0,2.384185791015625e-07,1.4067422271964689e-18,16672.0,0.6602716647985755,"[16672, 4, 4]",Movies,-0.005504250717586812,0.2444957492824132,0.23248099073061895,0.24923463311154137,0.25088749090209606,0.013741394207012784,0.2702440333779344,0.2702440333779344,0.1277731742965466,0.21187097862137677,0.26274515892246375,0.3223574325742385,0.42630851766516525,0.10681381189061732,0.4583518343647053,0.7980801695661298,0.005461201554869302,text,0.45208809265277894,0.25905432772794595,0.42217809988863664,0.6669389555685991,0.15297953019807306,6.859760355187706e-05,0.30623388795515166,0.7854445798741018,0.30971295558753414,0.33972833520142454,0.7555042507175869,0.7980801695661298,0.02063553454885877,1.9930456256004688e-05,0.009543327490973752,0.05367714865812255,0.0325582552775073,42,0.25
4.0,2.384185791015625e-07,2.1394995574041927e-15,16672.0,0.3582637167496664,"[16672, 4, 4]",Movies,-0.009175734823384907,0.2408242651766151,0.1991849966463633,0.24758583680656443,0.273228254262358,0.04151021910827197,0.24470390956189547,0.24470390956189547,0.20104555362179644,0.21000011936575136,0.22429907655079007,0.2522462424954056,0.3468192774198594,0.05680613029138303,0.3465159299379741,0.9882522131883077,0.00987441196955408,visual,0.39407354317175225,0.15365957573617922,0.38725084927209796,0.6514180674418332,0.17863676121140834,0.1778369089531532,0.7162443639748026,0.9554994391549415,0.28176037890230893,0.6417362832503336,0.759175734823385,0.9882522131883077,0.08856185756795132,0.015742891956945945,0.06299639720236883,0.19573120237328112,0.0830088012116522,42,0.25
4.0,2.384185791015625e-07,2.2678594870561397e-22,16672.0,0.633400754307722,"[16672, 4, 4]",Movies,-0.005632472138828892,0.2443675278611711,0.23407842929009348,0.2488132862308703,0.2503014971734956,0.013988551405727582,0.25256772583405596,0.25256772583405596,0.162183008163319,0.1764750979461027,0.22092791348096402,0.299528147829243,0.40372878132334367,0.0948275015238799,0.4099629250673857,0.7765621707596637,0.005825483268939759,text,0.4166168732064161,0.21453231400138031,0.3804853267266668,0.6660434177685919,0.16103815346788436,1.523463514334963e-05,0.3111425399846016,0.8560198660058946,0.34251317215775373,0.36659924569227803,0.7556324721388289,0.7765621707596637,0.01904759645930335,1.73461379951178e-05,0.009185246812800568,0.046830030550093674,0.03210256788977622,43,0.25
4.0,2.384185791015625e-07,1.968728524930248e-14,16672.0,0.323864778593844,"[16672, 4, 4]",Movies,-0.021110331600238147,0.22888966839976185,0.17810933887958527,0.2393777659162879,0.26277095210971313,0.04427036093391057,0.21642314337263524,0.21642314337263524,0.15233887953040937,0.17025772544878642,0.1952323271184085,0.2284180062984407,0.34183853429887745,0.07082169447038665,0.278183166746239,0.954318388152395,0.021642770974750408,visual,0.3491385065345759,0.1240775446796828,0.34177233930677176,0.5698443039803123,0.1699239505948023,0.175476111417515,0.7730496570965502,0.9725032183489334,0.2898156903009026,0.676135221406156,0.7711103316002381,0.954318388152395,0.09156087296558131,0.01683687750425331,0.0631523075668762,0.20438926747689642,0.08834449530993006,43,0.25
4.0,2.384185791015625e-07,2.5600775477215212e-21,16672.0,0.66614313856475,"[16672, 4, 4]",Movies,0.0016936116685707936,0.2516936116685708,0.24627082529477776,0.24999676335079962,0.2596140237525105,0.009289873284221616,0.2893952763063655,0.2893952763063655,0.19904710301062217,0.22362781969530815,0.2593868914239118,0.3251609409866994,0.4382345480984052,0.09079770165398167,0.511588669011362,0.845445530446612,0.0026558986824045828,text,0.4840308740485967,0.29278220571706487,0.4497659525346913,0.7073231684777164,0.15220159257514207,4.0429230096489004e-05,0.2811941931564643,0.7838455605516494,0.3126027176911972,0.3338568614352499,0.7483063883314292,0.845445530446612,0.01570497318280751,1.5726004902775578e-05,0.008209248762796051,0.04065922906156629,0.021990518876604692,44,0.25
4.0,2.384185791015625e-07,1.1585520776175267e-15,16672.0,0.36448439675478517,"[16672, 4, 4]",Movies,-0.0167140203829359,0.2332859796170641,0.1831153721897863,0.24469631060492247,0.26633973652496934,0.045739163944349875,0.23409030817539384,0.23409030817539384,0.18530214655521915,0.19244380438882744,0.19852173249432123,0.24098973534294163,0.36081242356604026,0.07004467099775993,0.32389078426085505,0.9594063875060699,0.018064678620573985,visual,0.37907659964016904,0.14077873811197017,0.37763575377715447,0.5884478710668126,0.1748374365391096,0.10221238002451176,0.7313493726992577,0.9679720469251056,0.30970722603032885,0.6355156032452148,0.7667140203829359,0.9594063875060699,0.09138447349191668,0.014749670787743223,0.05979273452733954,0.2103850451899537,0.09443686463490457,44,0.25
4.0,2.384185791015625e-07,5.853831463584669e-17,20695.0,0.5051588058260121,"[20695, 4, 4]",Toys,-0.00300381007106032,0.24699618992893968,0.23142604706808925,0.2496174449333921,0.26100670695304873,0.021628357643377838,0.2569154339880961,0.2569154339880961,0.16259508962068536,0.19978807394210824,0.24306070626149176,0.28375057899924955,0.39351100780858494,0.08503031651645056,0.40162767321751625,0.8964688673915041,0.006639227247690091,text,0.4289120069140733,0.2086106072173925,0.46171237675806975,0.619953877827833,0.15577301488427464,0.017323626218764317,0.5337538900400506,0.9157718723959498,0.32463231572011947,0.49484119417398786,0.7530038100710603,0.8964688673915041,0.046058244115207606,0.0021583159473569447,0.02892067245738872,0.1099820562936809,0.054535132162267776,42,0.25
4.0,2.384185791015625e-07,9.785885919800435e-22,20695.0,0.3519314353038978,"[20695, 4, 4]",Toys,0.020074769655486935,0.27007476965548693,0.2523862820060458,0.262367200339213,0.2948406267911196,0.027586658461215302,0.19971185104077474,0.19971185104077474,0.15273673403769564,0.1680310224484786,0.19420880538898205,0.21935754027571147,0.2574607742080667,0.03886017794298713,0.24401963025533113,0.8920881949514333,0.02180218953700468,visual,0.30570317228218225,0.12766145006858415,0.27090061250318487,0.5147769297656734,0.16206019705061564,0.2810376628288575,0.6856741128924573,0.9535380998948633,0.250033463246518,0.6480685646961022,0.7299252303445131,0.8920881949514333,0.07510965264682212,0.020634753761502606,0.057545495529969536,0.14742334421413644,0.06552835418324038,42,0.25
4.0,2.384185791015625e-07,1.6042641299060323e-20,20695.0,0.493942562377473,"[20695, 4, 4]",Toys,-0.010014532182061081,0.23998546781793892,0.21138135744258763,0.2469389270991087,0.263137413787058,0.035585268309708484,0.23368048901861255,0.23368048901861255,0.1535797326270773,0.15418010508080784,0.20009830436545728,0.28908642233577936,0.3712055932881462,0.0880756973133499,0.34135983835138395,0.8474172759739109,0.01104766875862459,text,0.39132806365494416,0.1906701381859029,0.4144629284273833,0.5746131713345852,0.14612530235604945,0.01679156917322575,0.5529445490762129,0.9266794233613803,0.33111349305142346,0.506057437622527,0.760014532182061,0.8474172759739109,0.06040660321243351,0.004480394428507377,0.03580546514907231,0.13806572067163272,0.07648614992777242,43,0.25
4.0,2.384185791015625e-07,4.5574861077333515e-24,20695.0,0.4077958636903627,"[20695, 4, 4]",Toys,0.01882249552229226,0.26882249552229226,0.2507547269535337,0.260776991257444,0.29687823727726936,0.0288363765839923,0.22617139266244546,0.22617139266244546,0.1720226104847788,0.18923205590656225,0.2233237534491141,0.24823164372991258,0.30100011824277806,0.047531750149865666,0.3051667031724874,0.8973708394821247,0.022150842122624928,visual,0.3532139176000196,0.156222039515807,0.3252628079516123,0.5840730845008031,0.16937073577677797,0.15046586662123823,0.619820426758036,0.9581168050595229,0.2904963017403036,0.5922041363096373,0.7311775044777078,0.8973708394821247,0.07967102141492155,0.020842268591513856,0.06131114438176155,0.15866033510183122,0.06774786939214701,43,0.25
4.0,2.384185791015625e-07,1.0159314278723741e-08,20695.0,0.3218581131470547,"[20695, 4, 4]",Toys,-0.01437679526887184,0.23562320473112816,0.2104698122944683,0.24364553578197956,0.25226122410967944,0.026979980846738222,0.18112076484330214,0.18112076484330214,0.10674457099005435,0.1259508125958024,0.14212421073856663,0.20792087914857987,0.32272219722000006,0.08294423688395362,0.21126360544327605,0.8894054922962213,0.015722097278869192,text,0.3051546540762688,0.11066013117912289,0.2996166225232907,0.4851305168004295,0.14403235816563498,0.12082050545662096,0.8048602136310474,0.9858653641703754,0.31667041420627307,0.6781418868529453,0.7643767952688718,0.8894054922962213,0.04667203799865597,0.006069193187674198,0.027305013946412753,0.10782367121428252,0.05944073060830062,44,0.25
4.0,2.384185791015625e-07,3.244176422048965e-16,20695.0,0.22102960737902366,"[20695, 4, 4]",Toys,0.02122935654002861,0.2712293565400286,0.2529037196247373,0.26375233731232584,0.29607707411050804,0.02881984115305329,0.15961894737939702,0.15961894737939702,0.1191255707123445,0.12732736813793352,0.15494170780668792,0.1886460227856502,0.20724769454576236,0.03596898986280779,0.16409459628608414,0.9430649889070605,0.021772159316477507,visual,0.24570269138125694,0.09916409448043703,0.22099864165916377,0.421627932605135,0.13697368009896882,0.49966437856360224,0.8282125722078885,0.9828440121232258,0.19541434407403804,0.7789703926209763,0.7287706434599714,0.9430649889070605,0.06888008216718475,0.016671857859910235,0.05155696036914984,0.13654127555588882,0.06419922304517667,44,0.25
4.0,2.384185791015625e-07,3.1929326176235225e-27,17074.0,0.544125795679265,"[17074, 4, 4]",Grocery,-0.015508729149194739,0.23449127085080526,0.19876870536245406,0.2449087451318519,0.25712792630074544,0.037331352409899946,0.2705612545948957,0.2705612545948957,0.18700466024752826,0.2020802112807271,0.24578667492346196,0.3209910048519753,0.3984294102635747,0.08162819074914317,0.434219494240519,0.890093698561254,0.01654924765865481,text,0.448440716450578,0.2247590534389019,0.47629834392952664,0.6618305480606952,0.16100606491540836,0.0093152657322744,0.48312702841579497,0.8813268554403424,0.31802489085724656,0.455874204320735,0.7655087291491948,0.890093698561254,0.0719851428603453,0.005263972906243453,0.043026885313641586,0.17149022077259823,0.0864689389895861,42,0.25
4.0,2.384185791015625e-07,4.096426697257596e-36,17074.0,0.5607249227049165,"[17074, 4, 4]",Grocery,0.024866855412563227,0.2748668554125632,0.24780261444225288,0.2554267875402729,0.33334820909221896,0.052609157030146125,0.2710366509357148,0.2710366509357148,0.2136055061095655,0.22167721426098896,0.24647435874958443,0.2953509871701731,0.37796030993401436,0.06359278730448645,0.4328710062756322,0.8721460835707158,0.02899863144199828,visual,0.4341221157637579,0.21628283500470627,0.43578202429954915,0.7071929825205263,0.17625221786151438,0.005176877765151326,0.4495450805751948,0.905455272196833,0.33005187268406533,0.4392750772950836,0.7251331445874367,0.8721460835707158,0.10719612265855598,0.0037502325756579168,0.06182988329480092,0.281845789635554,0.1264883450881701,42,0.25
4.0,2.384185791015625e-07,2.4786928467144736e-35,17074.0,0.7435488690247973,"[17074, 4, 4]",Grocery,-0.005655135288341939,0.24434486471165806,0.23099459720033338,0.24866047440267075,0.2542278936241928,0.02143739642526474,0.30626980650746694,0.30626980650746694,0.16303285021580982,0.19736155425242197,0.3078253308798628,0.419441462876318,0.44336110576623383,0.1200718658670307,0.557154274657502,0.8136054056327047,0.005809037255742253,text,0.5151081762652164,0.3273531554882109,0.5489767484427194,0.6046981541107823,0.14029453061304545,0.000176975821171079,0.1673401198734749,0.6511719600375345,0.26157602645407624,0.2564511309752027,0.7556551352883419,0.8136054056327047,0.034658898964786744,0.0002973568064843142,0.01811292744125472,0.08427230860732071,0.0524637695094444,43,0.25
4.0,2.384185791015625e-07,8.84210230093724e-27,17074.0,0.5224133079705278,"[17074, 4, 4]",Grocery,0.029021466296126286,0.2790214662961263,0.2503331132740474,0.25909422483528033,0.33122407700866463,0.05133816163791119,0.2074434815731502,0.2074434815731502,0.13705063592359484,0.14944613159922354,0.1906114199141986,0.24262538228423872,0.31863955846580944,0.07033972834619903,0.2810616247846391,0.7586483168141114,0.03566382621950808,visual,0.3267914622962814,0.14532827519750818,0.31609361745332076,0.5296334487073562,0.15817280469106648,0.023764376057746155,0.4855576996646147,0.9455525956054225,0.3328003630756446,0.4775866920294723,0.7209785337038737,0.7586483168141114,0.1034149328566471,0.009497332085715135,0.058977236326864094,0.2669292677659542,0.12183558143509293,43,0.25
4.0,2.384185791015625e-07,5.810101359686278e-37,17074.0,0.7051072787319127,"[17074, 4, 4]",Grocery,-0.012044388749242962,0.23795561125075704,0.21180633177098543,0.2470949013659265,0.254528711052334,0.03360039920726971,0.2979743734493381,0.2979743734493381,0.16549625155991543,0.20722144295150194,0.2930396384019431,0.39410994223458584,0.43211409698160574,0.10782827482603836,0.5278561746301537,0.822748895898241,0.011422411509185987,text,0.49617484983134846,0.2813354833942163,0.5020464820724141,0.6634634802026984,0.1517926622836482,0.00027494825181984775,0.23017866034044437,0.7110353691687423,0.2776642678479275,0.2948927212680873,0.762044388749243,0.822748895898241,0.05762401992800927,0.0005347439338796186,0.029373171826406974,0.1451496196637058,0.08273193589052087,44,0.25
4.0,2.384185791015625e-07,5.9824977662535933e-33,17074.0,0.5589144014372003,"[17074, 4, 4]",Grocery,0.025873423374093096,0.2758734233740931,0.2500017126635973,0.25676997530490553,0.3311422187718563,0.04691408438638672,0.23782661943688443,0.23782661943688443,0.15561742530803094,0.1731915619460288,0.21446564704093088,0.2885147140876893,0.35209324063027,0.07470933372941223,0.35167275467627107,0.7927583532390707,0.03393173141089914,visual,0.37493634095475487,0.1723356711070217,0.3625141854864875,0.6418929472638382,0.17244118160250385,0.0037252854434390277,0.4300180586046099,0.9494507674631105,0.3496134442995657,0.44108559856279966,0.7241265766259068,0.7927583532390707,0.10723212044153589,0.003162705977786518,0.05902614848067363,0.29688298173326383,0.12860325730550592,44,0.25
4.0,2.384185791015625e-07,4.825850809899707e-28,97766.0,0.49244132680842345,"[97766, 4, 4]",ele-fashion,-0.02995401659347105,0.22004598340652895,0.1582832778556167,0.23504576785489917,0.2542942966683768,0.04722801295827348,0.2676866248871954,0.2676866248871954,0.17307181521329396,0.23036769432553528,0.2679677648624632,0.3264151623539012,0.35356363504662114,0.06803983923978608,0.4085708697911763,0.9161295429827528,0.02913863930314862,text,0.4386139520125685,0.22416627026677702,0.44517515613647773,0.6195842430446478,0.1556184334637471,0.07643663242916081,0.5454309129643939,0.8370591964631787,0.26885707142832194,0.5075586731915765,0.7799540165934711,0.9161295429827528,0.1234267451623204,0.017825304791320683,0.08161349012516439,0.2964404032876094,0.12213843343052747,42,0.25
4.0,2.384185791015625e-07,1.5745400058431049e-32,97766.0,0.6902623832562301,"[97766, 4, 4]",ele-fashion,-0.003336381360320939,0.24666361863967906,0.23092947804252617,0.2489696131176224,0.25936904293484986,0.021218254456350727,0.2803999780182625,0.2803999780182625,0.1490691198675692,0.2300410694759152,0.2877080339011624,0.3348575238520306,0.3980480304746776,0.08949643880833887,0.4766262622023054,0.7863638789460753,0.006407536776163287,visual,0.44662779362185107,0.2294116860767189,0.3970519293353434,0.7678205986782688,0.18600353826438956,0.001312888556678706,0.2496520397297155,0.7342346686555543,0.2809520920523237,0.3097376167437699,0.7533363813603209,0.7863638789460753,0.04144125676096444,0.0006155498305683664,0.024293269923267264,0.10030833919881843,0.054556367355215116,42,0.25
4.0,2.384185791015625e-07,1.6072570782778604e-23,97766.0,0.46845751622316567,"[97766, 4, 4]",ele-fashion,-0.018791949263235908,0.2312080507367641,0.18340623867698014,0.24123983457684517,0.26135825641433996,0.04125521987729806,0.2693210897248864,0.2693210897248864,0.2054455726152308,0.22586119338848698,0.26291201348462956,0.30607125885215325,0.3529123407996081,0.055274095718474144,0.4131126489709597,0.944655132747794,0.015532890283051408,text,0.44044965283970133,0.22194590904508152,0.44442318656916857,0.6260719888963837,0.15959909741237704,0.08557923618511605,0.5759753586780072,0.8539864161603825,0.2695217990261066,0.5315424837768343,0.7687919492632359,0.944655132747794,0.10134988078443748,0.016170378274788767,0.07024109720562896,0.2287389636039734,0.09897092293084542,43,0.25
4.0,2.384185791015625e-07,5.782115514619489e-35,97766.0,0.6410934825019853,"[97766, 4, 4]",ele-fashion,-0.009923889283381865,0.24007611071661814,0.21176317990466487,0.24865030164370583,0.2586829924366043,0.035515807352095176,0.3101787449517553,0.3101787449517553,0.23253063299940316,0.25211064891557067,0.30369881861807757,0.3606472169145684,0.4066319168248045,0.06820895638405165,0.5514649292817924,0.9103714467798071,0.009787481151163716,visual,0.5115670885203961,0.2861969058827765,0.517276324280679,0.7602928281745971,0.1686129096745112,0.0026410322523499263,0.3359505228997607,0.79780260388096,0.29948422373250844,0.3589065174980147,0.7599238892833818,0.9103714467798071,0.06443466505678427,0.0008241326152453137,0.03296635761959502,0.1636418536687169,0.09098375691513677,43,0.25
4.0,2.384185791015625e-07,2.211701078747744e-23,97766.0,0.45157245341971086,"[97766, 4, 4]",ele-fashion,-0.025313870874123956,0.22468612912587604,0.15790077846031636,0.24063083394867135,0.26167220941351843,0.05053028660670781,0.2620521613587598,0.2620521613587598,0.20354277029397733,0.21382336526464568,0.2641192746609783,0.30412027014378235,0.3418321170271582,0.05605615934647668,0.39471529802833993,0.9431428446086291,0.022660396103888005,text,0.4260336106397316,0.20226302648899822,0.4239244448965717,0.6272598603291197,0.16635602525469786,0.0920073991891926,0.5998288218906891,0.8759289151613112,0.275432761599772,0.5484275465802891,0.775313870874124,0.9431428446086291,0.11975556962662552,0.017496748187113553,0.07603068363581164,0.29766642950077465,0.12252925117732553,44,0.25
4.0,2.384185791015625e-07,7.36864511284705e-31,97766.0,0.6246217945944749,"[97766, 4, 4]",ele-fashion,-0.008226354158380828,0.24177364584161917,0.2187416041524557,0.2481984954672498,0.2584849295672029,0.027380108498419133,0.28857285043463105,0.28857285043463105,0.19172913002612813,0.23024572320458642,0.28350704039964447,0.3419670192435039,0.39677606577979807,0.07722213287158737,0.4921404932475707,0.8675186986530958,0.009514181272307342,visual,0.4722079170402263,0.2577010392143311,0.46328870151823687,0.7508151071917449,0.1723525842760749,0.004113217451349953,0.35244598975683744,0.8266462098100783,0.30862686837444325,0.37537820540552513,0.7582263541583808,0.8675186986530958,0.054607358340830116,0.0010317216001997482,0.033988126040336894,0.1285328616135454,0.06937717380877813,44,0.25
4.0,2.384185791015625e-07,6.361818081883353e-13,15894.0,0.2651106743394406,"[15894, 4, 4]",Reddit-S,0.009677344634670071,0.25967734463467007,0.23031902611255647,0.251990544173168,0.3034946911036968,0.04508752767274035,0.1867972343495775,0.1867972343495775,0.10535333888186557,0.10612666945168077,0.1492132284664718,0.23223365744597652,0.34085622239164987,0.09470030865902379,0.2474769020603801,0.9823662277209395,0.01197682378380093,text,0.3099725367972224,0.1147783507506095,0.27729295132011783,0.6329984647946107,0.17499482243756967,0.2371168573916974,0.8122960484776801,0.9804521136094144,0.2712575565440246,0.7348893256605594,0.7403226553653299,0.9823662277209395,0.06298378108605922,0.008987894778450332,0.03586712634811799,0.15355398006892454,0.07664198344211484,42,0.25
4.0,2.384185791015625e-07,4.3185233661931655e-15,15894.0,0.20660415156805045,"[15894, 4, 4]",Reddit-S,-0.014609708931703796,0.2353902910682962,0.21123328637331726,0.2427905723452568,0.25294603910297153,0.02895176879417477,0.15661124265850457,0.15661124265850457,0.09504620363801254,0.09802587138925485,0.11737573129007522,0.1793072741075148,0.29762160676000626,0.08048361165301525,0.16167559715869417,0.9550714455906437,0.014366285894098602,visual,0.25638752978505525,0.07489404352766277,0.2193586619660231,0.51963100115202,0.15678626153452557,0.25588249221232695,0.9302412297462852,0.9944405543771551,0.2876045989916872,0.7933958484319495,0.7646097089317038,0.9550714455906437,0.04370218303964857,0.005894452705979348,0.02650043244163195,0.09457546938210729,0.05711960125086298,42,0.25
4.0,2.384185791015625e-07,3.1960668614321356e-18,15894.0,0.33104321231812417,"[15894, 4, 4]",Reddit-S,-0.012410079051411949,0.23758992094858805,0.19724363759160043,0.24775882251560688,0.26455403044819836,0.0446972698794048,0.19871707607505995,0.19871707607505995,0.12661815359587958,0.12816485214558515,0.14402758977780394,0.21034104613441665,0.3843370524447341,0.10546780838395545,0.2771540344454593,0.9461108221273351,0.012455212128658499,text,0.35256398354840546,0.12400949375432073,0.3725520591251552,0.562010819450079,0.15645743986486824,0.016855143892016502,0.8325783974868584,0.988867463762219,0.3564678273178609,0.6689567876818758,0.7624100790514119,0.9461108221273351,0.05441884481109274,0.0032181828146955623,0.024940475821495056,0.13907065335467148,0.08109554272989652,43,0.25
4.0,2.384185791015625e-07,1.3964193109368276e-16,15894.0,0.20054807772782957,"[15894, 4, 4]",Reddit-S,-0.014063263247030472,0.23593673675296953,0.21213260423392058,0.2441000696271658,0.2518499492667615,0.028519895725009344,0.14988205194732665,0.14988205194732665,0.09379567503937009,0.09634026832243367,0.10681186490540462,0.16234642036526958,0.29177451093751416,0.08012851157398086,0.1497206522656963,0.9491725745378667,0.014387901883763899,visual,0.24547582438658996,0.06534690625106584,0.21285001206030385,0.5266483133924744,0.1573799809844244,0.19471746545024288,0.9521157072861715,0.9975508177927082,0.30210960598150244,0.7994519222721704,0.7640632632470304,0.9491725745378667,0.03773166167490065,0.003844859326879184,0.01925563788972795,0.08647282095625998,0.057079225514085424,43,0.25
4.0,2.384185791015625e-07,1.0683346871290107e-30,15894.0,0.41218503879811474,"[15894, 4, 4]",Reddit-S,-0.012047150012423652,0.23795284998757635,0.1931034344812247,0.2485707940663815,0.2697076331824064,0.05210945712580415,0.2258098764093872,0.2258098764093872,0.12571829741987656,0.12834477398050217,0.18522804356036138,0.2824563473878671,0.4100849373876432,0.11396621337427403,0.3468730343624391,0.9346879955643244,0.012330045928625003,text,0.39896963923345585,0.17171258568539563,0.4140174284727877,0.5694452133981265,0.1521172698450141,0.0018820372954501674,0.7460991556838905,0.9754576875411077,0.3666176932800577,0.5878149612018853,0.7620471500124236,0.9346879955643244,0.06510768157652912,0.0011077031778161958,0.029522658015290894,0.1718179128443204,0.09625544413976164,44,0.25
4.0,2.384185791015625e-07,2.617017388385767e-13,15894.0,0.18835773795805644,"[15894, 4, 4]",Reddit-S,-0.013682575952089299,0.2363174240479107,0.2133873319311533,0.24393386952579021,0.25262167789041995,0.028880601622285982,0.14805005881827724,0.14805005881827724,0.09045543083617266,0.09292911261580826,0.10894530847736277,0.16622448640394621,0.2841192961973888,0.07731645154935908,0.14469687107993878,0.9563391331218823,0.013927899198944776,visual,0.24006125548282045,0.06772831029523547,0.20222859856109646,0.5007848364576604,0.1544477574635303,0.31024544194555026,0.9449866810693499,0.9970853590376156,0.27802351699601285,0.8116422620419436,0.7636825759520893,0.9563391331218823,0.039260933680378876,0.004620105897386869,0.021237809521456562,0.08565125459184253,0.057817052944169896,44,0.25
