alpha_abs_mean,alpha_fraction_gt_0.95,alpha_fraction_lt_0.05,alpha_iqr,alpha_mean,alpha_q10,alpha_q25,alpha_q50,alpha_q75,alpha_q90,alpha_q90_q10,alpha_range_ratio,alpha_std,d_abs_mean,d_mean,d_q10,d_q25,d_q50,d_q75,d_q90,d_std,dataset,hop,modality,p_abs_mean,p_fraction_abs_gt_3,p_fraction_abs_gt_5,p_mean,p_q10,p_q25,p_q50,p_q75,p_q90,p_std,rho_d,rho_p,seed,semantic_bias,term_p_abs_mean,term_p_mean,term_p_q10,term_p_q25,term_p_q50,term_p_q75,term_p_q90,term_p_std
0.15831921960275455,0.0,0.0,0.01054653525352478,0.15831921960275455,0.1480518400669098,0.15324892103672028,0.15836165100336075,0.16379545629024506,0.16891213357448578,0.020860293507575983,0.1317609672393893,0.008014195122676326,0.0702443323214315,0.0702443323214315,0.01202114224433899,0.027692705392837524,0.05441102385520935,0.0948355495929718,0.14828038811683653,0.05987271314039805,Movies,1,text,9.991719520395183,1.0,1.0,-9.991719520395183,-11.605711269378663,-10.8520987033844,-10.025918960571289,-9.238155126571655,-8.396023654937744,1.2411360425308602,0.047035351395606995,-0.048616521060466766,42,0.036120809614658356,0.4857626425490255,0.4857626425490255,0.4081854701042175,0.4491269737482071,0.487425297498703,0.5275913029909134,0.5642292916774749,0.060339716465681224
0.15975960162369937,0.0,0.0,0.01060904935002327,0.15975960162369937,0.14941975325345994,0.15466563031077385,0.15981490164995193,0.16527467966079712,0.17045012414455413,0.02103037089109419,0.13163760222999218,0.008074592615655471,0.075502865323922,0.075502865323922,0.01914122700691223,0.03530333936214447,0.061133235692977905,0.09891951084136963,0.14999438524246214,0.05725527744731981,Movies,2,text,9.991719520395183,1.0,1.0,-9.991719520395183,-11.605711269378663,-10.8520987033844,-10.025918960571289,-9.238155126571655,-8.396023654937744,1.2411360425308602,0.047035351395606995,-0.048616521060466766,42,0.04664808139204979,0.4857626425490255,0.4857626425490255,0.4081854701042175,0.4491269737482071,0.487425297498703,0.5275913029909134,0.5642292916774749,0.060339716465681224
0.14899672351995638,0.0,0.0,0.010032840073108673,0.14899672351995638,0.13923627585172654,0.14417199045419693,0.1490514874458313,0.1542048305273056,0.1591021403670311,0.01986586451530456,0.133330881685532,0.00762830484509433,0.08405452341756528,0.08405452341756528,0.02387596368789673,0.04146261513233185,0.06891211867332458,0.10890072584152222,0.16405035257339473,0.061127335280257655,Movies,3,text,9.991719520395183,1.0,1.0,-9.991719520395183,-11.605711269378663,-10.8520987033844,-10.025918960571289,-9.238155126571655,-8.396023654937744,1.2411360425308602,0.047035351395606995,-0.048616521060466766,42,-0.036267805844545364,0.4857626425490255,0.4857626425490255,0.4081854701042175,0.4491269737482071,0.487425297498703,0.5275913029909134,0.5642292916774749,0.060339716465681224
0.10409632672049864,0.0,0.0,0.012970594689249992,0.10409632672049864,0.09119250178337097,0.09745088592171669,0.1037636250257492,0.11042148061096668,0.11733570694923401,0.026143205165863034,0.2511443582039843,0.010272751934674352,0.13989264447949898,0.1398926444508979,0.03539577722549438,0.07248522341251373,0.13146141171455383,0.1960856318473816,0.25425028800964355,0.08466142720025592,Movies,1,visual,1.689417694071924,0.16686660268714013,0.023512476007677544,-0.4477982960758446,-3.112045431137085,-1.8018358945846558,-0.4720963388681412,0.8618430197238922,2.2603262424468995,2.1068500500707614,0.0036319997161626816,-0.05235889554023743,42,0.015949392691254616,0.08845604455259949,0.023446224162746936,-0.11834818348288537,-0.04512515012174845,0.02471844293177128,0.09434213489294052,0.16294325441122054,0.11031234167480745
0.10261784700119078,0.0,0.0,0.012808950617909431,0.10261784700119078,0.0898752748966217,0.0960561353713274,0.10228871181607246,0.10886508598923683,0.11569546014070511,0.025820185244083416,0.2516149578107225,0.010143595504124135,0.1503914849378612,0.1503914849092601,0.05237037539482117,0.08816932141780853,0.14513278007507324,0.20226913690567017,0.2532559037208557,0.07783600634354972,Movies,2,visual,1.689417694071924,0.16686660268714013,0.023512476007677544,-0.4477982960758446,-3.112045431137085,-1.8018358945846558,-0.4720963388681412,0.8618430197238922,2.2603262424468995,2.1068500500707614,0.0036319997161626816,-0.05235889554023743,42,-6.0000693338224664e-05,0.08845604455259949,0.023446224162746936,-0.11834818348288537,-0.04512515012174845,0.02471844293177128,0.09434213489294052,0.16294325441122054,0.11031234167480745
0.09807869678384655,0.0,0.0,0.012301232665777206,0.09807869678384655,0.08584230467677116,0.09177427925169468,0.0977594368159771,0.10407551191747189,0.11064057126641273,0.02479826658964157,0.2528404985237628,0.00974435147182453,0.17243953483204238,0.17243953483204238,0.06898444294929505,0.1061178594827652,0.16660988330841064,0.22834351658821106,0.2835909128189087,0.0832667531718888,Movies,3,visual,1.689417694071924,0.16686660268714013,0.023512476007677544,-0.4477982960758446,-3.112045431137085,-1.8018358945846558,-0.4720963388681412,0.8618430197238922,2.2603262424468995,2.1068500500707614,0.0036319997161626816,-0.05235889554023743,42,-0.0504821315407753,0.08845604455259949,0.023446224162746936,-0.11834818348288537,-0.04512515012174845,0.02471844293177128,0.09434213489294052,0.16294325441122054,0.11031234167480745
0.14555664736046428,0.0,0.0,0.010951351374387741,0.14555664736046428,0.1366169810295105,0.14002417773008347,0.14470738917589188,0.1509755291044712,0.15575707107782363,0.01914009004831313,0.1314958155142313,0.007335123921225229,0.07378654804388186,0.07378654804388186,0.011580097675323486,0.02642497420310974,0.05427691340446472,0.0988209992647171,0.16061005592346192,0.06775573706105914,Movies,1,text,8.428048458729734,1.0,0.9994001919385797,8.428048458729734,6.864865303039551,7.4810569286346436,8.314232349395752,9.372453689575195,10.171451854705811,1.2651149454014172,0.043520666658878326,0.04612614959478378,43,0.03415144607424736,0.38875342388825057,0.38875342388825057,0.31664979159832,0.34507234394550323,0.3835035264492035,0.4323152005672455,0.4691699057817459,0.05835488120449872
0.14658376638734652,0.0,0.0,0.01100853830575943,0.14658376638734652,0.1375940978527069,0.14101658388972282,0.1457071304321289,0.15202512219548225,0.15683044046163558,0.019236342608928675,0.13123105704601387,0.007383675187788688,0.07945752994026882,0.07945752991166774,0.018372547626495365,0.0344485342502594,0.06112229824066162,0.103141188621521,0.16655765771865844,0.06477278273200594,Movies,2,text,8.428048458729734,1.0,0.9994001919385797,8.428048458729734,6.864865303039551,7.4810569286346436,8.314232349395752,9.372453689575195,10.171451854705811,1.2651149454014172,0.043520666658878326,0.04612614959478378,43,0.042140960693359375,0.38875342388825057,0.38875342388825057,0.31664979159832,0.34507234394550323,0.3835035264492035,0.4323152005672455,0.4691699057817459,0.05835488120449872
0.13772981197326561,0.0,0.0,0.010459747165441513,0.13772981197326561,0.12918692827224731,0.13243864104151726,0.13689065724611282,0.14289838820695877,0.1474828228354454,0.01829589456319808,0.1328390295531414,0.007017982101940627,0.08878598340399091,0.08878598340399091,0.023038899898529055,0.04067876935005188,0.0696725845336914,0.11451427638530731,0.18420290350914,0.06922177391243797,Movies,3,text,8.428048458729734,1.0,0.9994001919385797,8.428048458729734,6.864865303039551,7.4810569286346436,8.314232349395752,9.372453689575195,10.171451854705811,1.2651149454014172,0.043520666658878326,0.04612614959478378,43,-0.03092287853360176,0.38875342388825057,0.38875342388825057,0.31664979159832,0.34507234394550323,0.3835035264492035,0.4323152005672455,0.4691699057817459,0.05835488120449872
0.10383369142078792,0.0,0.0,0.011986136436462402,0.10383369142078792,0.0909223236143589,0.09844577684998512,0.10426297411322594,0.11043191328644753,0.11561259478330613,0.02469027116894723,0.23778670324501583,0.00947483884676276,0.13565896925178578,0.13565896922318468,0.03332794904708863,0.06818601489067078,0.1254754662513733,0.19010326266288757,0.25095661282539367,0.08448313411146356,Movies,1,visual,1.9599931227051661,0.23656429942418425,0.04084692898272553,-0.5737620721721439,-3.4402514457702638,-2.255211114883423,-0.7781442999839783,0.685850664973259,2.701269483566284,2.3938927735239433,0.002464656950905919,-0.04361574724316597,43,0.012268475256860256,0.08548656467594996,0.025025061531056575,-0.11781789064407348,-0.029913888778537512,0.03393934667110443,0.09836271591484547,0.1500491440296173,0.10441142218131565
0.10278858788822726,0.0,0.0,0.011873016133904457,0.10278858788822726,0.09000210538506508,0.09745105355978012,0.10321591421961784,0.10932406969368458,0.11446635648608208,0.024464251101017007,0.23800551796062738,0.009389531076831948,0.14605041606183702,0.14605041606183702,0.050231486558914185,0.0837664008140564,0.13903695344924927,0.19663897156715393,0.24998946189880372,0.07813040397948098,Movies,2,visual,1.9599931227051661,0.23656429942418425,0.04084692898272553,-0.5737620721721439,-3.4402514457702638,-2.255211114883423,-0.7781442999839783,0.685850664973259,2.701269483566284,2.3938927735239433,0.002464656950905919,-0.04361574724316597,43,0.0009507904178462923,0.08548656467594996,0.025025061531056575,-0.11781789064407348,-0.029913888778537512,0.03393934667110443,0.09836271591484547,0.1500491440296173,0.10441142218131565
0.10025720773872539,0.0,0.0,0.011612841859459877,0.10025720773872539,0.08775301277637482,0.09503546543419361,0.10067114606499672,0.10664830729365349,0.11168056800961494,0.023927555233240125,0.23866169597858444,0.009182716837530804,0.1674121454279448,0.1674121454279448,0.06437511444091797,0.10116355121135712,0.15959995985031128,0.2218445986509323,0.27965806126594545,0.0837813639640759,Movies,3,visual,1.9599931227051661,0.23656429942418425,0.04084692898272553,-0.5737620721721439,-3.4402514457702638,-2.255211114883423,-0.7781442999839783,0.685850664973259,2.701269483566284,2.3938927735239433,0.002464656950905919,-0.04361574724316597,43,-0.026880551129579544,0.08548656467594996,0.025025061531056575,-0.11781789064407348,-0.029913888778537512,0.03393934667110443,0.09836271591484547,0.1500491440296173,0.10441142218131565
0.15638297297249973,0.0,0.0,0.014484502375125885,0.15638297297249973,0.1445571228861809,0.1489696241915226,0.15549248456954956,0.16345412656664848,0.16946217119693757,0.024905048310756683,0.15925677736652974,0.009435184505320384,0.06777160993335686,0.06777160991905633,0.010299277305603028,0.023804038763046265,0.04865548014640808,0.09038664400577545,0.1489902973175048,0.06418587863194548,Movies,1,text,8.873068854298564,1.0,1.0,8.873068854298564,7.175628709793091,7.8401618003845215,8.784250259399414,9.886975049972534,10.690102005004883,1.329709262605118,0.0519779771566391,0.05303914099931717,44,0.035946931689977646,0.4706199501664333,0.4706199501664333,0.3805891931056976,0.4158354550600052,0.46590909361839294,0.5243966579437256,0.5669938325881958,0.0705266369539594
0.15836258271294368,0.0,0.0,0.014682691544294357,0.15836258271294368,0.14639144837856294,0.15082639455795288,0.15744780004024506,0.16550908610224724,0.17164362967014313,0.02525218129158019,0.15945800364467508,0.009545426745709197,0.0729730386580135,0.0729730386580135,0.01605203151702881,0.03031669557094574,0.055001258850097656,0.09393131732940674,0.1548166573047638,0.06248876113668569,Movies,2,text,8.873068854298564,1.0,1.0,8.873068854298564,7.175628709793091,7.8401618003845215,8.784250259399414,9.886975049972534,10.690102005004883,1.329709262605118,0.0519779771566391,0.05303914099931717,44,0.05061040073633194,0.4706199501664333,0.4706199501664333,0.3805891931056976,0.4158354550600052,0.46590909361839294,0.5243966579437256,0.5669938325881958,0.0705266369539594
0.14672457415524748,0.0,0.0,0.013821683824062347,0.14672457415524748,0.1354639336466789,0.13963044807314873,0.14585662633180618,0.15345213189721107,0.15920773893594742,0.023743805289268505,0.1618256888855145,0.008980497613012325,0.08121771490176329,0.08121771490176329,0.020034027099609376,0.03559654951095581,0.06200626492500305,0.10385648906230927,0.17000324130058286,0.06695792332008435,Movies,3,text,8.873068854298564,1.0,1.0,8.873068854298564,7.175628709793091,7.8401618003845215,8.784250259399414,9.886975049972534,10.690102005004883,1.329709262605118,0.0519779771566391,0.05303914099931717,44,-0.03994614630937576,0.4706199501664333,0.4706199501664333,0.3805891931056976,0.4158354550600052,0.46590909361839294,0.5243966579437256,0.5669938325881958,0.0705266369539594
0.10099733961458299,0.0,0.0,0.0031564850360155106,0.10099733961458299,0.09789437353610993,0.0995322298258543,0.10111811012029648,0.10268871486186981,0.10400881543755532,0.006114441901445389,0.060540623393826355,0.0024397916705137385,0.13856612702191676,0.13856612696471463,0.03471994400024414,0.07006870210170746,0.12733665108680725,0.19497385621070862,0.25567219853401185,0.08627227898168223,Movies,1,visual,1.201302357776654,0.05914107485604606,0.004738483685220729,-0.30576004753719943,-2.2433038711547852,-1.2039008438587189,-0.212955541908741,0.751686230301857,1.5554889559745788,1.521307387534915,-0.0027474267408251762,0.017733905464410782,44,0.016545604914426804,0.02130378244013183,-0.005422319766158927,-0.03978253789246082,-0.021349864080548286,-0.003776533412747085,0.013330332469195127,0.027584894001483916,0.026978721376553463
0.09912652204674803,0.0,0.0,0.003107752650976181,0.09912652204674803,0.09607290327548981,0.09768399596214294,0.09924622252583504,0.10079174861311913,0.1020888239145279,0.00601592063903808,0.06068931416902012,0.0023997379271540947,0.14912061127985965,0.1491206112226575,0.05147376656532288,0.08681359887123108,0.14145702123641968,0.20031289756298065,0.25475955605506895,0.07934732276732587,Movies,2,visual,1.201302357776654,0.05914107485604606,0.004738483685220729,-0.30576004753719943,-2.2433038711547852,-1.2039008438587189,-0.212955541908741,0.751686230301857,1.5554889559745788,1.521307387534915,-0.0027474267408251762,0.017733905464410782,44,-0.004202863201498985,0.02130378244013183,-0.005422319766158927,-0.03978253789246082,-0.021349864080548286,-0.003776533412747085,0.013330332469195127,0.027584894001483916,0.026978721376553463
0.09587376785684455,0.0,0.0,0.003015981987118721,0.09587376785684455,0.09290977120399475,0.09447494335472584,0.095989890396595,0.09749092534184456,0.09875050485134125,0.005840733647346497,0.06092108172912073,0.0023297705510670163,0.1713128027876199,0.17131280273041777,0.06673310995101929,0.10485811531543732,0.16305461525917053,0.22748488187789917,0.28486061096191406,0.08498774746997313,Movies,3,visual,1.201302357776654,0.05914107485604606,0.004738483685220729,-0.30576004753719943,-2.2433038711547852,-1.2039008438587189,-0.212955541908741,0.751686230301857,1.5554889559745788,1.521307387534915,-0.0027474267408251762,0.017733905464410782,44,-0.04111315310001373,0.02130378244013183,-0.005422319766158927,-0.03978253789246082,-0.021349864080548286,-0.003776533412747085,0.013330332469195127,0.027584894001483916,0.026978721376553463
0.10707359862740877,0.0,0.0,0.008045528084039688,0.10707359862740877,0.09946830570697784,0.10320895165205002,0.10740364342927933,0.1112544797360897,0.11432910114526748,0.014860795438289637,0.13879047336274705,0.005662923999448918,0.10048819048504347,0.1004881904504817,0.01738530397415161,0.041243523359298706,0.08410143852233887,0.14017170667648315,0.2076164007186892,0.07681318789440617,Toys,1,text,2.853744523945063,0.45837158733993716,0.12935491664653298,2.527807116272756,-0.3981335282325745,1.0858415365219116,2.7012128829956055,4.138631105422974,5.2544347763061525,2.1627513830235126,0.022171562537550926,0.02765294350683689,42,0.0027102448511868715,0.07891443613553813,0.06990130742229349,-0.011009563691914082,0.03002671431750059,0.07469648867845535,0.11444533243775368,0.14530059099197387,0.05980644183863532
0.10854619017802854,0.0,0.0,0.00813758373260498,0.10854619017802854,0.1008678525686264,0.10464361682534218,0.10888467729091644,0.11278120055794716,0.11588140726089477,0.015013554692268366,0.13831489311145836,0.005728118089819574,0.10760528069240628,0.10760528068088569,0.032230377197265625,0.057951509952545166,0.09525859355926514,0.14309334754943848,0.2004943132400513,0.06822604665555766,Toys,2,text,2.853744523945063,0.45837158733993716,0.12935491664653298,2.527807116272756,-0.3981335282325745,1.0858415365219116,2.7012128829956055,4.138631105422974,5.2544347763061525,2.1627513830235126,0.022171562537550926,0.02765294350683689,42,0.017869189381599426,0.07891443613553813,0.06990130742229349,-0.011009563691914082,0.03002671431750059,0.07469648867845535,0.11444533243775368,0.14530059099197387,0.05980644183863532
0.10579842741390333,0.0,0.0,0.007954031229019165,0.10579842741390333,0.09830761104822158,0.10198431834578514,0.10612830519676208,0.1099383495748043,0.11296152919530869,0.014653918147087108,0.13850790134733967,0.005597248928087252,0.1270918748349376,0.1270918748349376,0.042491447925567624,0.07342904806137085,0.11478304862976074,0.1667906939983368,0.22953705787658693,0.07497170493701241,Toys,3,text,2.853744523945063,0.45837158733993716,0.12935491664653298,2.527807116272756,-0.3981335282325745,1.0858415365219116,2.7012128829956055,4.138631105422974,5.2544347763061525,2.1627513830235126,0.022171562537550926,0.02765294350683689,42,-0.011288929730653763,0.07891443613553813,0.06990130742229349,-0.011009563691914082,0.03002671431750059,0.07469648867845535,0.11444533243775368,0.14530059099197387,0.05980644183863532
0.09574289790607357,0.0,0.0,0.006687622517347336,0.09574289790607357,0.08932467252016067,0.09247307851910591,0.09591126441955566,0.09916070103645325,0.10195469558238983,0.012630023062229156,0.1319160307272884,0.0048750507172446115,0.10848931595449086,0.10848931583928498,0.02458288669586182,0.0496039092540741,0.09305077791213989,0.1506825089454651,0.2122319698333741,0.07679786240625938,Toys,1,visual,1.6395595690394564,0.14293307562213095,0.022275912056052186,-0.7869746087332871,-3.3401999950408934,-2.056067705154419,-0.6773471236228943,0.5760839879512787,1.6209154129028325,1.9274844472572332,-0.01784508489072323,0.029317080974578857,42,-0.02450830116868019,0.04806710065921328,-0.02307179833207005,-0.09792491197586059,-0.0602779034525156,-0.01985784061253071,0.016889100894331932,0.04752050861716272,0.05650821763873332
0.09597816739351055,0.0,0.0,0.0066990479826927185,0.09597816739351055,0.08953718543052673,0.09270358085632324,0.0961531549692154,0.09940262883901596,0.10219896286725998,0.012661777436733246,0.13192351740462002,0.004889128764803159,0.11618608110738451,0.11618608106130215,0.04059690237045289,0.06442099809646606,0.1034172773361206,0.15429919958114624,0.20838565826416022,0.06919794521836793,Toys,2,visual,1.6395595690394564,0.14293307562213095,0.022275912056052186,-0.7869746087332871,-3.3401999950408934,-2.056067705154419,-0.6773471236228943,0.5760839879512787,1.6209154129028325,1.9274844472572332,-0.01784508489072323,0.029317080974578857,42,-0.02165737934410572,0.04806710065921328,-0.02307179833207005,-0.09792491197586059,-0.0602779034525156,-0.01985784061253071,0.016889100894331932,0.04752050861716272,0.05650821763873332
0.09594364018508218,0.0,0.0,0.006710343062877655,0.09594364018508218,0.0894970566034317,0.09266085550189018,0.09612418711185455,0.09937119856476784,0.10216354578733444,0.012666489183902743,0.1320201022114249,0.004891584579023495,0.13785580244580453,0.13785580242276335,0.053211534023284913,0.08084690570831299,0.12484145164489746,0.18030697107315063,0.24036899805068979,0.0763984237151462,Toys,3,visual,1.6395595690394564,0.14293307562213095,0.022275912056052186,-0.7869746087332871,-3.3401999950408934,-2.056067705154419,-0.6773471236228943,0.5760839879512787,1.6209154129028325,1.9274844472572332,-0.01784508489072323,0.029317080974578857,42,-0.021671095862984657,0.04806710065921328,-0.02307179833207005,-0.09792491197586059,-0.0602779034525156,-0.01985784061253071,0.016889100894331932,0.04752050861716272,0.05650821763873332
0.11791901618069454,0.0,0.0,0.014952462166547775,0.11791901618069454,0.10201169550418854,0.11079451814293861,0.11863089352846146,0.1257469803094864,0.13188911974430084,0.029877424240112305,0.25337240088635,0.011326752599203668,0.09997192502281003,0.09997192501128944,0.017683196067810058,0.04150015115737915,0.08332180976867676,0.14028918743133545,0.2050619244575501,0.07617592285200268,Toys,1,text,3.7307667472226624,0.6262382217927035,0.27769992751872435,-3.447645155095519,-6.39750108718872,-5.179189920425415,-3.7013890743255615,-1.9926444292068481,0.06493486464023675,2.466147702283656,0.03478309512138367,-0.045016199350357056,43,0.021591518074274063,0.16794493962456322,0.1551998815975947,-0.0029231207445263845,0.08970127999782562,0.16662247478961945,0.23314744234085083,0.28799118995666506,0.11101659659326502
0.11902347164371216,0.0,0.0,0.015051696449518204,0.11902347164371216,0.10299673676490784,0.11185577139258385,0.11974982172250748,0.12690746784210205,0.13311199545860292,0.03011525869369508,0.2530194950420353,0.01141487186612485,0.10699973142962146,0.10699973140658028,0.032041549682617194,0.05688232183456421,0.0942273736000061,0.1443067491054535,0.2009198307991028,0.0680473281127879,Toys,2,text,3.7307667472226624,0.6262382217927035,0.27769992751872435,-3.447645155095519,-6.39750108718872,-5.179189920425415,-3.7013890743255615,-1.9926444292068481,0.06493486464023675,2.466147702283656,0.03478309512138367,-0.045016199350357056,43,0.03193917125463486,0.16794493962456322,0.1551998815975947,-0.0029231207445263845,0.08970127999782562,0.16662247478961945,0.23314744234085083,0.28799118995666506,0.11101659659326502
0.11717144912007524,0.0,0.0,0.014829162508249283,0.11717144912007524,0.10138167440891266,0.11010405793786049,0.11787649244070053,0.12493322044610977,0.13107110559940338,0.029689431190490723,0.2533845182695669,0.011257870950669215,0.12579455745770293,0.12579455745770293,0.042234969139099125,0.07131671905517578,0.11300015449523926,0.16695940494537354,0.22886368036270158,0.07469726591592069,Toys,3,text,3.7307667472226624,0.6262382217927035,0.27769992751872435,-3.447645155095519,-6.39750108718872,-5.179189920425415,-3.7013890743255615,-1.9926444292068481,0.06493486464023675,2.466147702283656,0.03478309512138367,-0.045016199350357056,43,0.013482845388352871,0.16794493962456322,0.1551998815975947,-0.0029231207445263845,0.08970127999782562,0.16662247478961945,0.23314744234085083,0.28799118995666506,0.11101659659326502
0.09624736069963301,0.0,0.0,0.008705604821443558,0.09624736069963301,0.08782163709402084,0.0919831357896328,0.09647416323423386,0.10068874061107635,0.10415507107973099,0.016333433985710147,0.16970266890240787,0.006136836696126794,0.11341618770676323,0.11341618758003676,0.0254691481590271,0.05267387628555298,0.09852015972137451,0.15787255764007568,0.2198085069656373,0.0786373728885217,Toys,1,visual,1.7938719671577932,0.18545542401546267,0.024353708625271805,-0.4883580959297155,-3.532444477081299,-1.9646241664886475,-0.34505966305732727,1.1187925338745117,2.27629771232605,2.190327299947331,-0.012884479947388172,0.0324406772851944,43,-0.02713724412024021,0.058194421592262895,-0.01584266741042866,-0.11459489017724991,-0.06373373791575432,-0.011193969286978245,0.03629438765347004,0.07384463995695116,0.07105570110968003
0.09678820307544533,0.0,0.0,0.008753444999456406,0.09678820307544533,0.08833166807889939,0.09250535443425179,0.09702102839946747,0.10125879943370819,0.10473932921886445,0.016407661139965057,0.16952129100904936,0.006170122625756446,0.1210902317217163,0.12109023165259278,0.043409991264343264,0.06854307651519775,0.10863351821899414,0.1602129340171814,0.215313482284546,0.07046430203366225,Toys,2,visual,1.7938719671577932,0.18545542401546267,0.024353708625271805,-0.4883580959297155,-3.532444477081299,-1.9646241664886475,-0.34505966305732727,1.1187925338745117,2.27629771232605,2.190327299947331,-0.012884479947388172,0.0324406772851944,43,-0.0208352692425251,0.058194421592262895,-0.01584266741042866,-0.11459489017724991,-0.06373373791575432,-0.011193969286978245,0.03629438765347004,0.07384463995695116,0.07105570110968003
0.0972695659546352,0.0,0.0,0.008782263845205307,0.0972695659546352,0.08876769989728928,0.09297557920217514,0.09750746935606003,0.10175784304738045,0.10525468736886978,0.016486987471580505,0.1694979031683995,0.006199284407333761,0.1435702851642932,0.14357028514125203,0.05739074945449829,0.08640840649604797,0.13039302825927734,0.1870996057987213,0.24699695110321052,0.0774530555393417,Toys,3,visual,1.7938719671577932,0.18545542401546267,0.024353708625271805,-0.4883580959297155,-3.532444477081299,-1.9646241664886475,-0.34505966305732727,1.1187925338745117,2.27629771232605,2.190327299947331,-0.012884479947388172,0.0324406772851944,43,-0.015050141140818596,0.058194421592262895,-0.01584266741042866,-0.11459489017724991,-0.06373373791575432,-0.011193969286978245,0.03629438765347004,0.07384463995695116,0.07105570110968003
0.09984634149028472,0.0,0.0,0.004009868949651718,0.09984634149028472,0.09598091840744019,0.09789350628852844,0.0999857559800148,0.10190337523818016,0.10349960327148437,0.007518684864044181,0.07530255742720893,0.002839482699272369,0.08632179575284399,0.08632179570676163,0.015019750595092774,0.03540539741516113,0.07137072086334229,0.1203548014163971,0.17854508161544805,0.06705122039883395,Toys,1,text,1.7214374276414977,0.16665861319159217,0.012176854312635902,-0.03866962170436835,-2.940355014801025,-1.4743596911430359,0.09624471515417099,1.5042595863342285,2.6589668273925784,2.116685179446424,0.012565252371132374,0.015003414824604988,44,-0.00261442712508142,0.025827439816266957,-0.0005801763627330672,-0.044115365296602246,-0.022120430134236813,0.0014439993537962437,0.02256903052330017,0.03989358320832253,0.031757505792095214
0.10075867059733966,0.0,0.0,0.004040852189064026,0.10075867059733966,0.0968624621629715,0.09879591315984726,0.10090386122465134,0.10283676534891129,0.10443835258483887,0.007575890421867376,0.07518847139287499,0.002861665142803613,0.09292053834457102,0.09292053832152986,0.027854156494140626,0.04983478784561157,0.08128917217254639,0.12279278039932251,0.17475955486297617,0.06019481288706361,Toys,2,text,1.7214374276414977,0.16665861319159217,0.012176854312635902,-0.03866962170436835,-2.940355014801025,-1.4743596911430359,0.09624471515417099,1.5042595863342285,2.6589668273925784,2.116685179446424,0.012565252371132374,0.015003414824604988,44,0.007413509301841259,0.025827439816266957,-0.0005801763627330672,-0.044115365296602246,-0.022120430134236813,0.0014439993537962437,0.02256903052330017,0.03989358320832253,0.031757505792095214
0.09792436860622372,0.0,0.0,0.003938954323530197,0.09792436860622372,0.0941300481557846,0.09601050615310669,0.09806230664253235,0.09994946047663689,0.10151131898164749,0.007381270825862887,0.07537726237959509,0.0027886371104455234,0.10996080247870273,0.10996080247870273,0.03668675422668457,0.0626528263092041,0.09832924604415894,0.14417317509651184,0.20093883275985736,0.06644552498332418,Toys,3,text,1.7214374276414977,0.16665861319159217,0.012176854312635902,-0.03866962170436835,-2.940355014801025,-1.4743596911430359,0.09624471515417099,1.5042595863342285,2.6589668273925784,2.116685179446424,0.012565252371132374,0.015003414824604988,44,-0.024482643231749535,0.025827439816266957,-0.0005801763627330672,-0.044115365296602246,-0.022120430134236813,0.0014439993537962437,0.02256903052330017,0.03989358320832253,0.031757505792095214
0.09404539788984739,0.0,0.0,0.00690096989274025,0.09404539788984739,0.08830417692661285,0.09044989943504333,0.09360680729150772,0.09735086932778358,0.10050279200077057,0.012198615074157718,0.12970985659836207,0.004589629385762407,0.10392650005811077,0.10392649986226077,0.0232219934463501,0.04640352725982666,0.08788567781448364,0.14341974258422852,0.20561300516128544,0.07561304024109083,Toys,1,visual,2.109658520464547,0.2759120560521865,0.018506885721188693,-1.5488624963373157,-4.070836353302002,-3.0996307134628296,-1.696058750152588,-0.10073335096240044,1.2267216205596956,1.985803346940631,-0.022392135113477707,0.026933742687106133,44,-0.025111505761742592,0.05682099973695831,-0.04171666392741116,-0.10964285880327225,-0.08348465710878372,-0.04568120837211609,-0.002713126130402088,0.03304020538926133,0.05348511635640893
0.09408273000047816,0.0,0.0,0.00691349059343338,0.09408273000047816,0.08833750039339065,0.0904776118695736,0.09364157915115356,0.09739110246300697,0.10054802596569061,0.012210525572299957,0.1297849836214161,0.004591375439363651,0.11160749068263649,0.11160749052134825,0.03759877681732178,0.060749709606170654,0.09805667400360107,0.14738813042640686,0.2026792168617249,0.0689286351565255,Toys,2,visual,2.109658520464547,0.2759120560521865,0.018506885721188693,-1.5488624963373157,-4.070836353302002,-3.0996307134628296,-1.696058750152588,-0.10073335096240044,1.2267216205596956,1.985803346940631,-0.022392135113477707,0.026933742687106133,44,-0.02450135163962841,0.05682099973695831,-0.04171666392741116,-0.10964285880327225,-0.08348465710878372,-0.04568120837211609,-0.002713126130402088,0.03304020538926133,0.05348511635640893
0.09385815228376737,0.0,0.0,0.006901871412992477,0.09385815228376737,0.08812243938446045,0.09026026725769043,0.09342128038406372,0.09716213867068291,0.1003085657954216,0.01218612641096116,0.12983556690939563,0.004584351520780185,0.1325330411158025,0.13253304100059662,0.04944479465484619,0.07660230994224548,0.1186680793762207,0.1729835867881775,0.23432903289794926,0.07634365955514319,Toys,3,visual,2.109658520464547,0.2759120560521865,0.018506885721188693,-1.5488624963373157,-4.070836353302002,-3.0996307134628296,-1.696058750152588,-0.10073335096240044,1.2267216205596956,1.985803346940631,-0.022392135113477707,0.026933742687106133,44,-0.026672670617699623,0.05682099973695831,-0.04171666392741116,-0.10964285880327225,-0.08348465710878372,-0.04568120837211609,-0.002713126130402088,0.03304020538926133,0.05348511635640893
0.12867462378803846,0.0,0.0,0.02135366201400757,0.12867462378803846,0.10946570560336114,0.11772511899471283,0.12826641649007797,0.1390787810087204,0.1485386520624161,0.03907294645905496,0.3036569706480347,0.014823547230820262,0.10366504555342278,0.1036650455254951,0.011797285079956055,0.03753611445426941,0.08732283115386963,0.15257251262664795,0.21897330284118655,0.08122017841093654,Grocery,1,text,3.85817535254139,0.631076490570458,0.31164343446175474,3.779117728459658,0.7391105473041535,2.149576187133789,3.837201237678528,5.439580321311951,6.759712266921998,2.282582397524856,0.06454052031040192,0.05834456533193588,42,0.050789713859558105,0.22510356391771963,0.2204909811957643,0.04312308393418789,0.1254160888493061,0.2238798439502716,0.3173699378967285,0.394392466545105,0.1331762778547421
0.12848757565129734,0.0,0.0,0.021368535235524178,0.12848757565129734,0.10930631533265114,0.11754249222576618,0.12808573246002197,0.13891102746129036,0.14834590256214142,0.039039587229490275,0.3038393948309527,0.014789835280619675,0.12254149515888263,0.12254149515888263,0.03617212772369387,0.06402680277824402,0.1120467483997345,0.1705782413482666,0.22440500855445863,0.07348595348979575,Grocery,2,text,3.85817535254139,0.631076490570458,0.31164343446175474,3.779117728459658,0.7391105473041535,2.149576187133789,3.837201237678528,5.439580321311951,6.759712266921998,2.282582397524856,0.06454052031040192,0.05834456533193588,42,0.04791253060102463,0.22510356391771963,0.2204909811957643,0.04312308393418789,0.1254160888493061,0.2238798439502716,0.3173699378967285,0.394392466545105,0.1331762778547421
0.1178974229107141,0.0,0.0,0.019831685349345207,0.1178974229107141,0.10009065717458725,0.10773664899170399,0.1175013855099678,0.1275683343410492,0.13632030338048934,0.03622964620590209,0.30729803341869627,0.013722443709520074,0.14299403757460855,0.14299403757460855,0.05039898157119751,0.08374571800231934,0.1331416666507721,0.19459688663482666,0.24846301078796387,0.07721577260105025,Grocery,3,text,3.85817535254139,0.631076490570458,0.31164343446175474,3.779117728459658,0.7391105473041535,2.149576187133789,3.837201237678528,5.439580321311951,6.759712266921998,2.282582397524856,0.06454052031040192,0.05834456533193588,42,-0.051673773676157,0.22510356391771963,0.2204909811957643,0.04312308393418789,0.1254160888493061,0.2238798439502716,0.3173699378967285,0.394392466545105,0.1331762778547421
0.09576658741961015,0.0,0.0,0.018614932894706726,0.09576658741961015,0.07946800738573075,0.08604330010712147,0.09516804665327072,0.1046582330018282,0.112667016685009,0.033199009299278257,0.34666589040567003,0.012427450413777786,0.12764378756204423,0.12764378718502056,0.015785938501358034,0.04669320583343506,0.10926482081413269,0.1909705102443695,0.26437061429023756,0.09717664713616164,Grocery,1,visual,2.4463432640145446,0.34701885908398733,0.09283120534145485,0.7648577278919348,-3.0250555753707884,-1.3736640512943268,0.7366748154163361,2.9525272250175476,4.68727502822876,2.8656666174413634,-0.0015043426537886262,-0.050016917288303375,42,-0.017801707610487938,0.12235854870541689,-0.038255825717043425,-0.2344430461525917,-0.14767630770802498,-0.03684620186686516,0.06870643980801105,0.15130394846200945,0.1433318102269266
0.09585258956002354,0.0,0.0,0.01862923987209797,0.09585258956002354,0.0795395627617836,0.08612315729260445,0.09525451436638832,0.10475239716470242,0.11276593059301376,0.03322636783123016,0.3466402731882057,0.012436981015320056,0.14960653299510068,0.14960653286942613,0.04458034038543701,0.07878366112709045,0.1400626003742218,0.20937591791152954,0.2679138779640198,0.08628921510693491,Grocery,2,visual,2.4463432640145446,0.34701885908398733,0.09283120534145485,0.7648577278919348,-3.0250555753707884,-1.3736640512943268,0.7366748154163361,2.9525272250175476,4.68727502822876,2.8656666174413634,-0.0015043426537886262,-0.050016917288303375,42,-0.016773749142885208,0.12235854870541689,-0.038255825717043425,-0.2344430461525917,-0.14767630770802498,-0.03684620186686516,0.06870643980801105,0.15130394846200945,0.1433318102269266
0.0956239870414391,0.0,0.0,0.018588583916425705,0.0956239870414391,0.07934653237462044,0.08591579273343086,0.09502684697508812,0.10450437664985657,0.1125030517578125,0.03315651938319206,0.3467385162310455,0.012410520622734953,0.1764264545389566,0.17642645439931823,0.0635949969291687,0.10462315380573273,0.1687909960746765,0.24038344621658325,0.29783452153205875,0.0898222959383671,Grocery,3,visual,2.4463432640145446,0.34701885908398733,0.09283120534145485,0.7648577278919348,-3.0250555753707884,-1.3736640512943268,0.7366748154163361,2.9525272250175476,4.68727502822876,2.8656666174413634,-0.0015043426537886262,-0.050016917288303375,42,-0.019378645345568657,0.12235854870541689,-0.038255825717043425,-0.2344430461525917,-0.14767630770802498,-0.03684620186686516,0.06870643980801105,0.15130394846200945,0.1433318102269266
0.13190241528181207,0.0,0.0,0.017992300912737846,0.13190241528181207,0.11613507494330406,0.12278120778501034,0.1312834769487381,0.14077350869774818,0.14874469637870788,0.032609621435403816,0.24722535493747783,0.0122165238177225,0.09216316923877876,0.09216316921085109,0.010450321435928344,0.0332237184047699,0.0777333676815033,0.13600154221057892,0.1927117943763733,0.07217059265113217,Grocery,1,text,4.842056141799215,0.8038538128148062,0.4652688297996954,4.838889216872669,2.176784682273865,3.3637006282806396,4.813615322113037,6.3531951904296875,7.5661169528961185,2.0230938023820317,0.05874571576714516,0.052954886108636856,43,0.047125961631536484,0.2564105314710669,0.2562428273223231,0.11527138352394105,0.17812438681721687,0.25490444898605347,0.33643271774053574,0.4006628543138504,0.10713270187981423
0.1315023799812932,0.0,0.0,0.01796012558043003,0.1315023799812932,0.11578634232282639,0.12237516604363918,0.130912147462368,0.1403352916240692,0.1482802212238312,0.0324938789010048,0.2470972685466233,0.01216993154558503,0.10936750189347863,0.10936750189347863,0.032813948392868046,0.05769200623035431,0.10117825865745544,0.1502852439880371,0.19782088398933415,0.06512676519716365,Grocery,2,text,4.842056141799215,0.8038538128148062,0.4652688297996954,4.838889216872669,2.176784682273865,3.3637006282806396,4.813615322113037,6.3531951904296875,7.5661169528961185,2.0230938023820317,0.05874571576714516,0.052954886108636856,43,0.04262293875217438,0.2564105314710669,0.2562428273223231,0.11527138352394105,0.17812438681721687,0.25490444898605347,0.33643271774053574,0.4006628543138504,0.10713270187981423
0.12246289598194039,0.0,0.0,0.01689710095524788,0.12246289598194039,0.10769184976816178,0.11387905851006508,0.1219252161681652,0.13077615946531296,0.13822616785764694,0.03053431808948516,0.24933526064693684,0.011441803973192666,0.1273094300288457,0.1273094300288457,0.04541886448860169,0.0748089849948883,0.12030991911888123,0.17037427425384521,0.21920230984687805,0.06814379739433905,Grocery,3,text,4.842056141799215,0.8038538128148062,0.4652688297996954,4.838889216872669,2.176784682273865,3.3637006282806396,4.813615322113037,6.3531951904296875,7.5661169528961185,2.0230938023820317,0.05874571576714516,0.052954886108636856,43,-0.04009736329317093,0.2564105314710669,0.2562428273223231,0.11527138352394105,0.17812438681721687,0.25490444898605347,0.33643271774053574,0.4006628543138504,0.10713270187981423
0.09183655062591539,0.0,0.0,0.01121547631919384,0.09183655062591539,0.08228118494153022,0.08578022383153439,0.0910857804119587,0.09699570015072823,0.10274911671876907,0.02046793177723885,0.22287348160962095,0.007849341548131796,0.12530282049711378,0.12530282031558387,0.015101277828216556,0.04567447304725647,0.10635313391685486,0.18631784617900848,0.26147734522819527,0.096100170199911,Grocery,1,visual,2.712431945940201,0.4156026707274218,0.12270118308539299,-2.0448238523218785,-5.184692144393921,-3.9611303210258484,-2.1930676698684692,-0.3234206885099411,1.4000915765762334,2.501103381066583,-0.010113370604813099,0.03713374212384224,43,-0.020537497475743294,0.10072274841058683,-0.07593196161467244,-0.19252701997756957,-0.147091593593359,-0.08143680915236473,-0.012009820202365518,0.051990639045834564,0.09287532797714153
0.09169388544069697,0.0,0.0,0.011210165917873383,0.09169388544069697,0.08215967565774918,0.08564352616667747,0.09094676002860069,0.09685369208455086,0.10259441658854485,0.02043474093079567,0.22285827274479475,0.007833043243746268,0.14722561782481897,0.14722561776896362,0.04400342106819153,0.07801978290081024,0.1363813877105713,0.20466803014278412,0.26418045759201053,0.08568805212717538,Grocery,2,visual,2.712431945940201,0.4156026707274218,0.12270118308539299,-2.0448238523218785,-5.184692144393921,-3.9611303210258484,-2.1930676698684692,-0.3234206885099411,1.4000915765762334,2.501103381066583,-0.010113370604813099,0.03713374212384224,43,-0.022024396806955338,0.10072274841058683,-0.07593196161467244,-0.19252701997756957,-0.147091593593359,-0.08143680915236473,-0.012009820202365518,0.051990639045834564,0.09287532797714153
0.09183463626961749,0.0,0.0,0.011221641674637794,0.09183463626961749,0.08228416666388512,0.08576967008411884,0.09108621254563332,0.09699131175875664,0.1027451477944851,0.02046098113059998,0.22280244101262336,0.00784228828444477,0.17414305758403645,0.17414305747232575,0.06330934166908266,0.10368378460407257,0.1650414764881134,0.23685221374034882,0.2953552007675171,0.08969633481848524,Grocery,3,visual,2.712431945940201,0.4156026707274218,0.12270118308539299,-2.0448238523218785,-5.184692144393921,-3.9611303210258484,-2.1930676698684692,-0.3234206885099411,1.4000915765762334,2.501103381066583,-0.010113370604813099,0.03713374212384224,43,-0.020060889422893524,0.10072274841058683,-0.07593196161467244,-0.19252701997756957,-0.147091593593359,-0.08143680915236473,-0.012009820202365518,0.051990639045834564,0.09287532797714153
0.13542693399378997,0.0,0.0,0.025582391768693924,0.13542693399378997,0.11259590536355972,0.122339628636837,0.13494247943162918,0.14792202040553093,0.15877237617969514,0.04617647081613542,0.34096962438736067,0.01733273364730085,0.10257046141626684,0.1025704613604115,0.011711484193801882,0.037285685539245605,0.08755636215209961,0.15230463445186615,0.21413408517837523,0.07927366915489607,Grocery,1,text,4.5135513686468896,0.7164109171840225,0.4279606419116786,4.465380541868893,1.1717019081115725,2.6931341886520386,4.531594514846802,6.269489645957947,7.632805585861206,2.4255460754213924,0.07358676195144653,0.0617426261305809,44,0.052083756774663925,0.27867851464351945,0.2757043212972901,0.07234395444393159,0.16628118231892586,0.27979254722595215,0.38709476590156555,0.4712694525718689,0.14975958450500654
0.13594508157728621,0.0,0.0,0.0256638303399086,0.13594508157728621,0.11307290717959403,0.12281288206577301,0.13545993715524673,0.1484767124056816,0.15937291979789733,0.0463000126183033,0.3405787990324657,0.017381637237731874,0.12076136181487737,0.12076136181487737,0.03654299378395081,0.06342954933643341,0.1124657392501831,0.16691863536834717,0.2186262130737305,0.07107447622236286,Grocery,2,text,4.5135513686468896,0.7164109171840225,0.4279606419116786,4.465380541868893,1.1717019081115725,2.6931341886520386,4.531594514846802,6.269489645957947,7.632805585861206,2.4255460754213924,0.07358676195144653,0.0617426261305809,44,0.05518133565783501,0.27867851464351945,0.2757043212972901,0.07234395444393159,0.16628118231892586,0.27979254722595215,0.38709476590156555,0.4712694525718689,0.14975958450500654
0.12560448068608315,0.0,0.0,0.024019880220294,0.12560448068608315,0.10424494594335557,0.11332251690328121,0.1251339241862297,0.1373423971235752,0.1474952667951584,0.04325032085180283,0.3443374043283679,0.016235209934782526,0.1403514850372814,0.1403514850372814,0.05076984763145447,0.08188877999782562,0.1326649785041809,0.1888786107301712,0.2409487187862397,0.07430041701472122,Grocery,3,text,4.5135513686468896,0.7164109171840225,0.4279606419116786,4.465380541868893,1.1717019081115725,2.6931341886520386,4.531594514846802,6.269489645957947,7.632805585861206,2.4255460754213924,0.07358676195144653,0.0617426261305809,44,-0.037481069564819336,0.27867851464351945,0.2757043212972901,0.07234395444393159,0.16628118231892586,0.27979254722595215,0.38709476590156555,0.4712694525718689,0.14975958450500654
0.09433512080055399,0.0,0.0,0.018566539511084557,0.09433512080055399,0.07944695428013801,0.08436032198369503,0.09326910227537155,0.10292686149477959,0.11128123477101326,0.03183428049087525,0.3374594766019618,0.012077480511394642,0.1264630041050383,0.1264630039514361,0.015197408199310303,0.045275911688804626,0.1068459153175354,0.18918377161026,0.26468858718872074,0.0972829469299268,Grocery,1,visual,2.7805029090891056,0.42708211315450395,0.13857326929834837,1.2232844947041503,-3.022180438041687,-1.0904776751995087,1.3238479495048523,3.7592703700065613,5.203453207015992,3.0966247952782084,0.00010970360017381608,-0.04524531215429306,44,-0.01724567450582981,0.12580472205919843,-0.05534788884962152,-0.23543186634778976,-0.17008936032652855,-0.05989791452884674,0.04933900199830532,0.13673950135707857,0.14010775546769136
0.09432176770322759,0.0,0.0,0.018564442172646523,0.09432176770322759,0.07943536639213562,0.08434777706861496,0.09325610473752022,0.10291221924126148,0.111265379935503,0.03183001354336738,0.33746201240819973,0.012076017546264892,0.14815680241925497,0.14815680239132728,0.04306997656822205,0.07710631191730499,0.1383742094039917,0.2084425985813141,0.2664064705371857,0.08665826179320796,Grocery,2,visual,2.7805029090891056,0.42708211315450395,0.13857326929834837,1.2232844947041503,-3.022180438041687,-1.0904776751995087,1.3238479495048523,3.7592703700065613,5.203453207015992,3.0966247952782084,0.00010970360017381608,-0.04524531215429306,44,-0.017404859885573387,0.12580472205919843,-0.05534788884962152,-0.23543186634778976,-0.17008936032652855,-0.05989791452884674,0.04933900199830532,0.13673950135707857,0.14010775546769136
0.09449889563670744,0.0,0.0,0.018595846369862556,0.09449889563670744,0.07958707958459854,0.08450814336538315,0.09343188256025314,0.1031039897352457,0.11147074028849602,0.031883660703897476,0.3373971779113056,0.012096261518631976,0.1749234457645481,0.17492344566680124,0.06228222846984864,0.10290893912315369,0.1675606667995453,0.2396300584077835,0.2966218888759613,0.09078328544877796,Grocery,3,visual,2.7805029090891056,0.42708211315450395,0.13857326929834837,1.2232844947041503,-3.022180438041687,-1.0904776751995087,1.3238479495048523,3.7592703700065613,5.203453207015992,3.0966247952782084,0.00010970360017381608,-0.04524531215429306,44,-0.015332542359828949,0.12580472205919843,-0.05534788884962152,-0.23543186634778976,-0.17008936032652855,-0.05989791452884674,0.04933900199830532,0.13673950135707857,0.14010775546769136
0.11047922204105012,0.0,0.0,0.017369240522384644,0.11047922204105012,0.09542436897754669,0.10052481666207314,0.11097472906112671,0.11789405718445778,0.12615124881267548,0.030726879835128784,0.27812360792542196,0.01123819204775778,0.04349650110484481,0.043496501051194174,0.002880305051803589,0.008246049284934998,0.024424433708190918,0.05784642696380615,0.10754871368408203,0.05453864160083667,ele-fashion,1,text,2.331214294913477,0.26800728269541557,0.07590573409978929,1.4595427917161572,-1.8086488842964172,-0.6305814683437347,1.6742594838142395,3.0896586179733276,4.663472890853882,2.3623028617732764,0.04665214940905571,0.04829948768019676,42,0.03376343846321106,0.11259645613352873,0.0704951690869593,-0.0873568132519722,-0.030456761363893747,0.08086587488651276,0.14922892674803734,0.22524335235357285,0.11409801797733377
0.11206141647167182,0.0,0.0,0.01763889752328396,0.11206141647167182,0.09674855694174767,0.10194227285683155,0.11260836571455002,0.11958117038011551,0.1278807520866394,0.03113219514489174,0.2778136857879525,0.011393278765174205,0.07101522507793961,0.07101522504867563,0.0176658034324646,0.03141927719116211,0.05559530854225159,0.09366358816623688,0.14454659819602966,0.0566762976392361,ele-fashion,2,text,2.331214294913477,0.26800728269541557,0.07590573409978929,1.4595427917161572,-1.8086488842964172,-0.6305814683437347,1.6742594838142395,3.0896586179733276,4.663472890853882,2.3623028617732764,0.04665214940905571,0.04829948768019676,42,0.04848278686404228,0.11259645613352873,0.0704951690869593,-0.0873568132519722,-0.030456761363893747,0.08086587488651276,0.14922892674803734,0.22524335235357285,0.11409801797733377
0.10063179339649214,0.0,0.0,0.01604260317981243,0.10063179339649214,0.08669222518801689,0.09142349101603031,0.10112877935171127,0.10746609419584274,0.1150282733142376,0.028336048126220703,0.28158146813795,0.010369523474348214,0.08892522885344695,0.08892522881930563,0.024135708808898926,0.04164445400238037,0.0714057981967926,0.11685000360012054,0.17751625180244446,0.06705599158368805,ele-fashion,3,text,2.331214294913477,0.26800728269541557,0.07590573409978929,1.4595427917161572,-1.8086488842964172,-0.6305814683437347,1.6742594838142395,3.0896586179733276,4.663472890853882,2.3623028617732764,0.04665214940905571,0.04829948768019676,42,-0.07287809252738953,0.11259645613352873,0.0704951690869593,-0.0873568132519722,-0.030456761363893747,0.08086587488651276,0.14922892674803734,0.22524335235357285,0.11409801797733377
0.14067392524366787,0.0,0.0,0.03361290320754051,0.14067392524366787,0.11304719373583794,0.12357154116034508,0.1377381980419159,0.1571844443678856,0.17359714210033417,0.06054994836449623,0.43042765927789683,0.02191903630618601,0.06098758851833401,0.06098758795744093,0.003266572952270508,0.0102120041847229,0.033878326416015625,0.08715997636318207,0.15762275457382202,0.07176029904473097,ele-fashion,1,visual,5.002651170090955,0.7375774809238386,0.4709101323568521,4.98859151758195,1.3591074347496033,2.8795166015625,4.78870964050293,7.154237627983093,8.983551025390625,2.7539607639531414,0.052599284797906876,0.06583509594202042,42,0.04418975114822388,0.32935001966541666,0.3284244010925714,0.08947696909308434,0.1895732581615448,0.31526514887809753,0.47099992632865906,0.5914329588413239,0.1813072710459481
0.14148090796097537,0.0,0.0,0.03381608799099922,0.14148090796097537,0.11364612728357315,0.12425928562879562,0.1385648176074028,0.15807537361979485,0.17461206018924713,0.06096593290567398,0.43091279087676815,0.022053716813568908,0.08992747847705124,0.08992747827708067,0.025601685047149658,0.04281485080718994,0.07386744022369385,0.12009410560131073,0.17792803049087524,0.06436134696175715,ele-fashion,2,visual,5.002651170090955,0.7375774809238386,0.4709101323568521,4.98859151758195,1.3591074347496033,2.8795166015625,4.78870964050293,7.154237627983093,8.983551025390625,2.7539607639531414,0.052599284797906876,0.06583509594202042,42,0.04931754991412163,0.32935001966541666,0.3284244010925714,0.08947696909308434,0.1895732581615448,0.31526514887809753,0.47099992632865906,0.5914329588413239,0.1813072710459481
0.12483791575462819,0.0,0.0,0.030391957610845566,0.12483791575462819,0.09984190762042999,0.10934270173311234,0.12217384949326515,0.1397346593439579,0.1546631157398224,0.054821208119392395,0.43913908516948974,0.01983180996360272,0.10909541650082089,0.10909541628621831,0.034588396549224854,0.05637986958026886,0.09271621704101562,0.1445910483598709,0.20781871676445007,0.07168868171631414,ele-fashion,3,visual,5.002651170090955,0.7375774809238386,0.4709101323568521,4.98859151758195,1.3591074347496033,2.8795166015625,4.78870964050293,7.154237627983093,8.983551025390625,2.7539607639531414,0.052599284797906876,0.06583509594202042,42,-0.09657265990972519,0.32935001966541666,0.3284244010925714,0.08947696909308434,0.1895732581615448,0.31526514887809753,0.47099992632865906,0.5914329588413239,0.1813072710459481
0.107544883887285,0.0,0.0,0.015506254509091377,0.107544883887285,0.09536232054233551,0.09901190549135208,0.10523907095193863,0.11451816000044346,0.12369805201888084,0.028335731476545334,0.2634781911706725,0.010786042882638474,0.04419941888857724,0.04419941882273327,0.0029736757278442383,0.008485451340675354,0.025058895349502563,0.058988675475120544,0.10940295457839966,0.05481252739418949,ele-fashion,1,text,1.9045517271935621,0.20455986743857782,0.055029355808767874,-0.8756040522244459,-4.260976314544678,-2.4451552629470825,-0.4734959006309509,0.946243479847908,1.8105574250221252,2.285416004009006,0.043952833861112595,-0.04788419231772423,43,0.03250829875469208,0.09119792115777206,0.0419275928186994,-0.08669707924127579,-0.04531010612845421,0.022672967985272408,0.11708428338170052,0.20403341203927994,0.10943529940832092
0.1087441927753446,0.0,0.0,0.015734059736132622,0.1087441927753446,0.09639507532119751,0.10008982196450233,0.1064578965306282,0.11582388170063496,0.12501385807991028,0.02861878275871277,0.26317527426566434,0.010893760898019498,0.07236629347119065,0.07236629344192666,0.0184842050075531,0.03265896439552307,0.05729028582572937,0.0956592708826065,0.14625361561775208,0.05661169234191723,ele-fashion,2,text,1.9045517271935621,0.20455986743857782,0.055029355808767874,-0.8756040522244459,-4.260976314544678,-2.4451552629470825,-0.4734959006309509,0.946243479847908,1.8105574250221252,2.285416004009006,0.043952833861112595,-0.04788419231772423,43,0.04371458664536476,0.09119792115777206,0.0419275928186994,-0.08669707924127579,-0.04531010612845421,0.022672967985272408,0.11708428338170052,0.20403341203927994,0.10943529940832092
0.09817856719452445,0.0,0.0,0.014395913109183311,0.09817856719452445,0.08688695728778839,0.09025907330214977,0.09608751907944679,0.10465498641133308,0.1130559854209423,0.026169028133153915,0.2665452234705952,0.009965188183795848,0.09084726555075824,0.09084726551661693,0.025168925523757935,0.04348726570606232,0.07371768355369568,0.11931096017360687,0.17999204993247986,0.06710272242750057,ele-fashion,3,text,1.9045517271935621,0.20455986743857782,0.055029355808767874,-0.8756040522244459,-4.260976314544678,-2.4451552629470825,-0.4734959006309509,0.946243479847908,1.8105574250221252,2.285416004009006,0.043952833861112595,-0.04788419231772423,43,-0.07123379409313202,0.09119792115777206,0.0419275928186994,-0.08669707924127579,-0.04531010612845421,0.022672967985272408,0.11708428338170052,0.20403341203927994,0.10943529940832092
0.16480437201070877,0.0,0.0,0.07819657027721405,0.16480437201070877,0.10830231010913849,0.12529420852661133,0.1566261500120163,0.20349077880382538,0.23655571043491364,0.12825340032577515,0.7782160070162653,0.04648770378887953,0.06281759747250162,0.06281759695062719,0.003215968608856201,0.010122179985046387,0.034472763538360596,0.08916187286376953,0.16365200281143188,0.07484608957645407,ele-fashion,1,visual,5.949456298215331,0.7033631323773091,0.5438189145510709,-5.822243568053857,-11.888957023620605,-9.492714405059814,-5.532395839691162,-2.321502983570099,-0.29908663034439087,4.189861632852621,0.06349170953035355,-0.08109793812036514,43,0.05997419357299805,0.4824886389321133,0.4721719488131446,0.024255309253931046,0.18826910108327866,0.44866588711738586,0.7698395699262619,0.9641698896884918,0.3397891396245502
0.1645696118014928,0.0,0.0,0.07816952466964722,0.1645696118014928,0.10803493857383728,0.12508662790060043,0.1564016118645668,0.20325615257024765,0.23622503876686096,0.12819010019302368,0.7789414995210066,0.04644864675587588,0.09048685001909466,0.09048684980936941,0.0240175724029541,0.041309893131256104,0.07324951887130737,0.12169761955738068,0.18159234523773193,0.06704747625696478,ele-fashion,2,visual,5.949456298215331,0.7033631323773091,0.5438189145510709,-5.822243568053857,-11.888957023620605,-9.492714405059814,-5.532395839691162,-2.321502983570099,-0.29908663034439087,4.189861632852621,0.06349170953035355,-0.08109793812036514,43,0.056441936641931534,0.4824886389321133,0.4721719488131446,0.024255309253931046,0.18826910108327866,0.44866588711738586,0.7698395699262619,0.9641698896884918,0.3397891396245502
0.14150691791695816,0.0,0.0,0.06885554827749729,0.14150691791695816,0.09180682897567749,0.10664848797023296,0.13402897864580154,0.17550403624773026,0.20507091283798218,0.11326408386230469,0.8004137573540546,0.04104931733683174,0.10884784138907685,0.10884784123300226,0.031576335430145264,0.05354538559913635,0.09150347113609314,0.14586150646209717,0.2106097936630249,0.07489729463151724,ele-fashion,3,visual,5.949456298215331,0.7033631323773091,0.5438189145510709,-5.822243568053857,-11.888957023620605,-9.492714405059814,-5.532395839691162,-2.321502983570099,-0.29908663034439087,4.189861632852621,0.06349170953035355,-0.08109793812036514,43,-0.12553627789020538,0.4824886389321133,0.4721719488131446,0.024255309253931046,0.18826910108327866,0.44866588711738586,0.7698395699262619,0.9641698896884918,0.3397891396245502
0.10954413895090741,0.0,0.0,0.015473669394850731,0.10954413895090741,0.09693483263254166,0.10015717707574368,0.10555382072925568,0.1156308464705944,0.13016093522310257,0.03322610259056091,0.3033124629803151,0.012667438673101737,0.043186652021561425,0.04318665190450548,0.002927243709564209,0.008292362093925476,0.024547189474105835,0.05783352255821228,0.10649082064628601,0.0536055645412647,ele-fashion,1,text,1.8909317108519992,0.21482928625493525,0.09689462594357957,1.0591848425892405,-1.442742109298706,-0.741179570555687,0.3829759955406189,2.3378007411956787,4.946302652359009,2.396794925045581,0.049294039607048035,0.05187344178557396,44,0.03856593370437622,0.0980891360361884,0.05494356326873722,-0.0748400017619133,-0.038447536528110504,0.019866283051669598,0.12126977182924747,0.25658175349235535,0.12433000203366737
0.11068514913969531,0.0,0.0,0.01570185460150242,0.11068514913969531,0.09793470427393913,0.10119231045246124,0.10669461637735367,0.11689416505396366,0.13142991811037064,0.0334952138364315,0.3026170547401504,0.012767542081748653,0.07080484951300631,0.07080484947398766,0.017960399389266968,0.03186589479446411,0.05590888857841492,0.09332752227783203,0.1424970030784607,0.0557264499657574,ele-fashion,2,text,1.8909317108519992,0.21482928625493525,0.09689462594357957,1.0591848425892405,-1.442742109298706,-0.741179570555687,0.3829759955406189,2.3378007411956787,4.946302652359009,2.396794925045581,0.049294039607048035,0.05187344178557396,44,0.04887767508625984,0.0980891360361884,0.05494356326873722,-0.0748400017619133,-0.038447536528110504,0.019866283051669598,0.12126977182924747,0.25658175349235535,0.12433000203366737
0.09942162914289523,0.0,0.0,0.014331884682178497,0.09942162914289523,0.08781562745571136,0.09077155217528343,0.09578479826450348,0.10510343685746193,0.11831018328666687,0.030494555830955505,0.3067195347082879,0.011629619273458186,0.08879107140473926,0.08879107136328195,0.02468705177307129,0.042291998863220215,0.07173556089401245,0.11623039841651917,0.17600953578948975,0.06608665313328901,ele-fashion,3,text,1.8909317108519992,0.21482928625493525,0.09689462594357957,1.0591848425892405,-1.442742109298706,-0.741179570555687,0.3829759955406189,2.3378007411956787,4.946302652359009,2.396794925045581,0.049294039607048035,0.05187344178557396,44,-0.07210718840360641,0.0980891360361884,0.05494356326873722,-0.0748400017619133,-0.038447536528110504,0.019866283051669598,0.12126977182924747,0.25658175349235535,0.12433000203366737
0.1391824847171665,0.0,0.0,0.02105497196316719,0.1391824847171665,0.11685508117079735,0.12877248227596283,0.14112331718206406,0.14982745423913002,0.15723729133605957,0.04038221016526222,0.29013859212984305,0.014960804105402547,0.06022856326063997,0.060228562711940214,0.0031792819499969482,0.010034605860710144,0.033220499753952026,0.08574746549129486,0.1555842161178589,0.07108522621576263,ele-fashion,1,visual,4.636170822052773,0.78724710021889,0.4913364564367981,-4.632087707158067,-6.828341484069824,-5.990242004394531,-4.96296238899231,-3.38672012090683,-1.7528799176216125,1.8854007385925056,0.06448543071746826,-0.06785432249307632,44,0.051117245107889175,0.31458423006075015,0.31430717306560113,0.11894047632813454,0.22980359941720963,0.33675844967365265,0.4064638018608093,0.46333247423171997,0.1279325897453822
0.1402717963535657,0.0,0.0,0.021244201809167862,0.1402717963535657,0.11768783256411552,0.12977080419659615,0.14225415140390396,0.151015006005764,0.1584315448999405,0.040743712335824966,0.2904626118342199,0.01509593227866808,0.08928271634397317,0.08928271617814391,0.025019526481628418,0.04227927327156067,0.0734856128692627,0.11950203776359558,0.1767149269580841,0.06389040712966099,ele-fashion,2,visual,4.636170822052773,0.78724710021889,0.4913364564367981,-4.632087707158067,-6.828341484069824,-5.990242004394531,-4.96296238899231,-3.38672012090683,-1.7528799176216125,1.8854007385925056,0.06448543071746826,-0.06785432249307632,44,0.05829140171408653,0.31458423006075015,0.31430717306560113,0.11894047632813454,0.22980359941720963,0.33675844967365265,0.4064638018608093,0.46333247423171997,0.1279325897453822
0.12245625411219446,0.0,0.0,0.018926553428173065,0.12245625411219446,0.10236305370926857,0.11308751255273819,0.1241971030831337,0.13201406598091125,0.13865365087985992,0.036290597170591354,0.296355604157592,0.013441255497187632,0.10824428119989717,0.10824428102919058,0.0341038703918457,0.05579271912574768,0.09288251399993896,0.14374572038650513,0.2053663730621338,0.07096547645826663,ele-fashion,3,visual,4.636170822052773,0.78724710021889,0.4913364564367981,-4.632087707158067,-6.828341484069824,-5.990242004394531,-4.96296238899231,-3.38672012090683,-1.7528799176216125,1.8854007385925056,0.06448543071746826,-0.06785432249307632,44,-0.09955009073019028,0.31458423006075015,0.31430717306560113,0.11894047632813454,0.22980359941720963,0.33675844967365265,0.4064638018608093,0.46333247423171997,0.1279325897453822
0.11983274249096285,0.0,0.0,0.019637828692793846,0.11983274249096285,0.10385055467486382,0.10920085199177265,0.11653638631105423,0.1288386806845665,0.1418153941631317,0.0379648394882679,0.31681524346999057,0.01406178854699591,0.14714718795398712,0.14714718789398498,0.05966954827308655,0.09417389333248138,0.13718557357788086,0.1908549666404724,0.2466261684894562,0.07454432484606081,Reddit-S,1,text,2.46775827477486,0.31559078897697246,0.16679250031458412,2.0389560575118226,-0.9621901571750641,0.10934343002736568,1.528694987297058,3.7711446285247803,5.9633406639099125,2.542411320927706,0.05375099554657936,0.0511830635368824,42,0.084435373544693,0.1263074285301524,0.10436001739778147,-0.04924784004688263,0.005596531555056572,0.07824329286813736,0.19301873445510864,0.3052220344543457,0.13012840008645182
0.11359235029318385,0.0,0.0,0.018741628155112267,0.11359235029318385,0.0983455203473568,0.10343946143984795,0.11043483018875122,0.12218108959496021,0.1345877230167389,0.036242202669382106,0.31905495903131936,0.013427866539538112,0.14752192504078662,0.14752192498078448,0.05989880561828614,0.09467312693595886,0.13762125372886658,0.1912601888179779,0.24685123562812808,0.07455472644035627,Reddit-S,2,text,2.46775827477486,0.31559078897697246,0.16679250031458412,2.0389560575118226,-0.9621901571750641,0.10934343002736568,1.528694987297058,3.7711446285247803,5.9633406639099125,2.542411320927706,0.05375099554657936,0.0511830635368824,42,0.023760808631777763,0.1263074285301524,0.10436001739778147,-0.04924784004688263,0.005596531555056572,0.07824329286813736,0.19301873445510864,0.3052220344543457,0.13012840008645182
0.1035603546374914,0.0,0.0,0.01726844348013401,0.1035603546374914,0.08951227888464927,0.09419797360897064,0.1006324328482151,0.11146641708910465,0.12293866276741028,0.03342638388276101,0.3227720105772703,0.012388188644236199,0.14752827733061336,0.14752827724061013,0.05981597304344178,0.09456761181354523,0.13769155740737915,0.19107407331466675,0.2468469262123108,0.07456121005826964,Reddit-S,3,text,2.46775827477486,0.31559078897697246,0.16679250031458412,2.0389560575118226,-0.9621901571750641,0.10934343002736568,1.528694987297058,3.7711446285247803,5.9633406639099125,2.542411320927706,0.05375099554657936,0.0511830635368824,42,-0.08013209700584412,0.1263074285301524,0.10436001739778147,-0.04924784004688263,0.005596531555056572,0.07824329286813736,0.19301873445510864,0.3052220344543457,0.13012840008645182
0.1124934247217119,0.0,0.0,0.014236830174922943,0.1124934247217119,0.10074403882026672,0.10554693453013897,0.1114627942442894,0.11978376470506191,0.12792722433805465,0.027183185517787922,0.24164243896736629,0.011100671999513144,0.09465223889058681,0.09465223509545025,0.02095519900321961,0.03916381299495697,0.07175883650779724,0.12348011136054993,0.19770014286041263,0.08322484921472485,Reddit-S,1,visual,2.2232229565189794,0.30898452246130614,0.07399018497546243,1.6109769015664632,-0.8052366018295287,0.26046134531497955,1.5081267952919006,3.1498943567276,4.698662424087525,2.3053460964672987,0.032309189438819885,0.04876437783241272,42,0.045182086527347565,0.10841408452865854,0.07855828604968025,-0.039266862347722045,0.012701235711574554,0.07354286685585976,0.15360263735055923,0.22912735342979432,0.11241876880511707
0.11043299595790568,0.0,0.0,0.014008184894919395,0.11043299595790568,0.09887239709496498,0.10359661281108856,0.10941560566425323,0.11760479770600796,0.12562231719493866,0.02674992009997368,0.24222760478152613,0.010921006709408512,0.0947302819888397,0.09473028048878573,0.020969611406326298,0.03922465443611145,0.07171458005905151,0.12345609068870544,0.19774606227874758,0.08332944934449618,Reddit-S,2,visual,2.2232229565189794,0.30898452246130614,0.07399018497546243,1.6109769015664632,-0.8052366018295287,0.26046134531497955,1.5081267952919006,3.1498943567276,4.698662424087525,2.3053460964672987,0.032309189438819885,0.04876437783241272,42,0.024350428953766823,0.10841408452865854,0.07855828604968025,-0.039266862347722045,0.012701235711574554,0.07354286685585976,0.15360263735055923,0.22912735342979432,0.11241876880511707
0.10203928606777098,0.0,0.0,0.013064689934253693,0.10203928606777098,0.09125865995883942,0.09565793536603451,0.10108118131756783,0.1087226253002882,0.11621347814798355,0.024954818189144135,0.24456088581730612,0.01018343891730966,0.09473707343446874,0.09473707331446442,0.020992302894592293,0.03923960030078888,0.07170745730400085,0.12347212433815002,0.19769525527954102,0.08332232434419627,Reddit-S,3,visual,2.2232229565189794,0.30898452246130614,0.07399018497546243,1.6109769015664632,-0.8052366018295287,0.26046134531497955,1.5081267952919006,3.1498943567276,4.698662424087525,2.3053460964672987,0.032309189438819885,0.04876437783241272,42,-0.06419505923986435,0.10841408452865854,0.07855828604968025,-0.039266862347722045,0.012701235711574554,0.07354286685585976,0.15360263735055923,0.22912735342979432,0.11241876880511707
0.11777496429815808,0.0,0.0,0.016955872997641563,0.11777496429815808,0.10459833815693856,0.108687249943614,0.11561944335699081,0.12564312294125557,0.13487626761198043,0.030277929455041874,0.2570829007269613,0.01137588753802038,0.1355237567613781,0.13552375667137487,0.05475018620491028,0.0855584442615509,0.12509417533874512,0.17441987991333008,0.22956310510635383,0.07013282742707078,Reddit-S,1,text,2.8102223950432608,0.3991443311941613,0.19768466087831887,-2.5980814568155477,-6.272325754165649,-4.3803476095199585,-2.2176936864852905,-0.6279124319553375,0.3427284777164477,2.4777631591216345,0.047337453812360764,-0.04354642331600189,43,0.05953550711274147,0.12237513411643464,0.11313715502855007,-0.01492459923028944,0.02734334021806717,0.0965726263821125,0.19074847176671028,0.27313735485076907,0.10789772348269092
0.11515133138228036,0.0,0.0,0.016616899520158768,0.11515133138228036,0.10223186463117599,0.10624540969729424,0.11303488910198212,0.122862309217453,0.13192276656627655,0.029690901935100558,0.2578424546067523,0.01115533761079595,0.13566127080459542,0.13566127074459325,0.05487313866615296,0.08552868664264679,0.12520891427993774,0.1745968461036682,0.22982656359672546,0.07021426220714815,Reddit-S,2,text,2.8102223950432608,0.3991443311941613,0.19768466087831887,-2.5980814568155477,-6.272325754165649,-4.3803476095199585,-2.2176936864852905,-0.6279124319553375,0.3427284777164477,2.4777631591216345,0.047337453812360764,-0.04354642331600189,43,0.03400087356567383,0.12237513411643464,0.11313715502855007,-0.01492459923028944,0.02734334021806717,0.0965726263821125,0.19074847176671028,0.27313735485076907,0.10789772348269092
0.10605798950047332,0.0,0.0,0.015454301610589027,0.10605798950047332,0.09404325187206268,0.09777012653648853,0.10407704859972,0.11322442814707756,0.12167285531759263,0.02762960344552995,0.2605141166205694,0.010383489721940314,0.13566695229653458,0.13566695220653135,0.054909169673919685,0.08549091219902039,0.12515833973884583,0.17461423575878143,0.23000912666320802,0.07024859949043417,Reddit-S,3,text,2.8102223950432608,0.3991443311941613,0.19768466087831887,-2.5980814568155477,-6.272325754165649,-4.3803476095199585,-2.2176936864852905,-0.6279124319553375,0.3427284777164477,2.4777631591216345,0.047337453812360764,-0.04354642331600189,43,-0.05859287083148956,0.12237513411643464,0.11313715502855007,-0.01492459923028944,0.02734334021806717,0.0965726263821125,0.19074847176671028,0.27313735485076907,0.10789772348269092
0.11302962158697048,0.0,0.0,0.016758088022470474,0.11302962158697048,0.09855159297585488,0.10429614223539829,0.11299562081694603,0.12105423025786877,0.12775825560092927,0.02920666262507439,0.2583983049287922,0.011272570135289895,0.09143440121447528,0.09143440070445694,0.019514161348342895,0.03795941174030304,0.06867393851280212,0.11853986978530884,0.19192531108856203,0.08121723973718585,Reddit-S,1,visual,2.3298024390232213,0.3269158172895432,0.07166226248898956,1.8493305568781064,-1.0083806991577147,0.21187599748373032,1.933133602142334,3.4315048456192017,4.618690395355225,2.166952266977045,0.028794344514608383,0.05161455646157265,43,0.034086428582668304,0.12025171958015944,0.09545237642012366,-0.052047123387455936,0.010935885598883033,0.09977783262729645,0.17711560428142548,0.23839165717363361,0.11184628023915182
0.1119304029265147,0.0,0.0,0.016615550965070724,0.1119304029265147,0.09757669642567635,0.10327049344778061,0.11189654096961021,0.11988604441285133,0.1265345260500908,0.028957829624414455,0.25871281499064497,0.011176162036598802,0.09149358369905994,0.09149358357905561,0.01950967311859131,0.03795294463634491,0.06864619255065918,0.1186264306306839,0.19251973628997818,0.08129161764800401,Reddit-S,2,visual,2.3298024390232213,0.3269158172895432,0.07166226248898956,1.8493305568781064,-1.0083806991577147,0.21187599748373032,1.933133602142334,3.4315048456192017,4.618690395355225,2.166952266977045,0.028794344514608383,0.05161455646157265,43,0.023060400038957596,0.12025171958015944,0.09545237642012366,-0.052047123387455936,0.010935885598883033,0.09977783262729645,0.17711560428142548,0.23839165717363361,0.11184628023915182
0.10495087774584125,0.0,0.0,0.01570042409002781,0.10495087774584125,0.09139310121536255,0.09676424786448479,0.10491055622696877,0.1124646719545126,0.11875688880681992,0.02736378759145737,0.2607294781989658,0.01056173716482145,0.09149618032249517,0.09149618017248977,0.0195820689201355,0.03798206150531769,0.06864780187606812,0.11872431635856628,0.19209934473037726,0.08126923308493929,Reddit-S,3,visual,2.3298024390232213,0.3269158172895432,0.07166226248898956,1.8493305568781064,-1.0083806991577147,0.21187599748373032,1.933133602142334,3.4315048456192017,4.618690395355225,2.166952266977045,0.028794344514608383,0.05161455646157265,43,-0.04924071580171585,0.12025171958015944,0.09545237642012366,-0.052047123387455936,0.010935885598883033,0.09977783262729645,0.17711560428142548,0.23839165717363361,0.11184628023915182
0.11644234120465156,0.0,0.0,0.007705178111791611,0.11644234120465156,0.10923939496278763,0.11229209415614605,0.11563411355018616,0.11999727226793766,0.12487335354089737,0.015633958578109744,0.13426351974921424,0.006088584756451853,0.15455777159918624,0.15455777147918193,0.06222124695777893,0.09752775728702545,0.14352020621299744,0.20135526359081268,0.2598700523376465,0.0786281357219245,Reddit-S,1,text,2.3735175319524884,0.2841952938215679,0.04259468982005788,-2.3531156949556187,-4.224850177764892,-3.169867992401123,-2.2069101333618164,-1.4371256828308105,-0.7223287761211394,1.3548664148338487,0.03969787806272507,-0.04344014450907707,44,0.06098739802837372,0.10310594458359618,0.10221968583643957,0.0313780665397644,0.062428947538137436,0.09586849808692932,0.13769952207803726,0.18352810442447673,0.058855592871993545
0.11275336012568611,0.0,0.0,0.007491100579500198,0.11275336012568611,0.10575106665492058,0.10871750302612782,0.11196678504347801,0.11620860360562801,0.12095094248652458,0.015199875831603996,0.13480641121937204,0.005919695062655237,0.1547247234216738,0.15472472333167053,0.062337779998779305,0.09755474328994751,0.14369648694992065,0.2014809250831604,0.26015567779541016,0.07870184650098075,Reddit-S,2,text,2.3735175319524884,0.2841952938215679,0.04259468982005788,-2.3531156949556187,-4.224850177764892,-3.169867992401123,-2.2069101333618164,-1.4371256828308105,-0.7223287761211394,1.3548664148338487,0.03969787806272507,-0.04344014450907707,44,0.02460857480764389,0.10310594458359618,0.10221968583643957,0.0313780665397644,0.062428947538137436,0.09586849808692932,0.13769952207803726,0.18352810442447673,0.058855592871993545
0.10389037395316399,0.0,0.0,0.006971420720219612,0.10389037395316399,0.09737899303436279,0.1001336220651865,0.10315436497330666,0.10710504278540611,0.11152051538228988,0.014141522347927094,0.13611965969211234,0.005509421078095819,0.15472684684933186,0.1547268467593286,0.06235631704330445,0.09754791855812073,0.14362210035324097,0.2015194147825241,0.26010003685951233,0.0787077335689167,Reddit-S,3,text,2.3735175319524884,0.2841952938215679,0.04259468982005788,-2.3531156949556187,-4.224850177764892,-3.169867992401123,-2.2069101333618164,-1.4371256828308105,-0.7223287761211394,1.3548664148338487,0.03969787806272507,-0.04344014450907707,44,-0.06722836941480637,0.10310594458359618,0.10221968583643957,0.0313780665397644,0.062428947538137436,0.09586849808692932,0.13769952207803726,0.18352810442447673,0.058855592871993545
0.11262176204737634,0.0,0.0,0.013658450916409492,0.11262176204737634,0.1004100888967514,0.10558891855180264,0.11190435662865639,0.11924736946821213,0.12939675599336625,0.02898666709661485,0.2573806924115049,0.012005041622201989,0.09199968100014132,0.09199967716000314,0.02030050754547119,0.03814983367919922,0.06812459230422974,0.12018631398677826,0.19277270436286928,0.08190933271485766,Reddit-S,1,visual,2.4520478593922186,0.32364414244368944,0.1468478671196678,-1.8339678243783233,-5.089780235290527,-3.237791657447815,-1.8150028586387634,-0.5022219568490982,0.6117494106292731,2.460003242401357,0.026507502421736717,-0.04989834129810333,44,0.03324544429779053,0.122353120419788,0.09151195297126091,-0.030525281466543666,0.02506004273891449,0.09056563302874565,0.16156042739748955,0.2539715915918351,0.12275007977419354
0.11125732283386267,0.0,0.0,0.013513518497347832,0.11125732283386267,0.09917566031217576,0.10429803840816021,0.1105453260242939,0.11781155690550804,0.12785454839468002,0.028678888082504267,0.2577707907377193,0.011876247955300283,0.09204903747115298,0.09204903268598079,0.020289677381515502,0.03819417953491211,0.06812575459480286,0.11999905109405518,0.19293684959411622,0.08194769979590999,Reddit-S,2,visual,2.4520478593922186,0.32364414244368944,0.1468478671196678,-1.8339678243783233,-5.089780235290527,-3.237791657447815,-1.8150028586387634,-0.5022219568490982,0.6117494106292731,2.460003242401357,0.026507502421736717,-0.04989834129810333,44,0.019499994814395905,0.122353120419788,0.09151195297126091,-0.030525281466543666,0.02506004273891449,0.09056563302874565,0.16156042739748955,0.2539715915918351,0.12275007977419354
0.10464108824857424,0.0,0.0,0.012802934274077415,0.10464108824857424,0.09319550842046738,0.0980417001992464,0.10395750403404236,0.11084463447332382,0.12037352919578553,0.027178020775318154,0.259726090677662,0.011249926689650795,0.09205092779417315,0.09205092246898153,0.02028015851974487,0.03820416331291199,0.06814992427825928,0.12002944946289062,0.19304503202438364,0.08191595121037662,Reddit-S,3,visual,2.4520478593922186,0.32364414244368944,0.1468478671196678,-1.8339678243783233,-5.089780235290527,-3.237791657447815,-1.8150028586387634,-0.5022219568490982,0.6117494106292731,2.460003242401357,0.026507502421736717,-0.04989834129810333,44,-0.04932096600532532,0.122353120419788,0.09151195297126091,-0.030525281466543666,0.02506004273891449,0.09056563302874565,0.16156042739748955,0.2539715915918351,0.12275007977419354
