dataset,delta_test_acc,delta_test_acc_mean,delta_test_acc_values,delta_test_macro_f1,delta_test_macro_f1_mean,delta_test_macro_f1_values,delta_val_acc,delta_val_acc_mean,delta_val_acc_values,delta_val_macro_f1,delta_val_macro_f1_mean,delta_val_macro_f1_values,row_type,seed,source_status,v31_better_val_acc_count,v31_better_val_macro_f1_count,v31_test_acc,v31_test_acc_mean,v31_test_acc_population_std,v31_test_macro_f1,v31_test_macro_f1_mean,v31_test_macro_f1_population_std,v31_val_acc,v31_val_acc_mean,v31_val_acc_population_std,v31_val_macro_f1,v31_val_macro_f1_mean,v31_val_macro_f1_population_std,v3_better_val_acc_count,v3_better_val_macro_f1_count,v3_test_acc,v3_test_acc_mean,v3_test_acc_population_std,v3_test_macro_f1,v3_test_macro_f1_mean,v3_test_macro_f1_population_std,v3_val_acc,v3_val_acc_mean,v3_val_acc_population_std,v3_val_macro_f1,v3_val_macro_f1_mean,v3_val_macro_f1_population_std,val_acc_tie_count,val_macro_f1_tie_count
Movies,-0.007796049118041992,,,0.008262647731080153,,,0.0002999305725097656,,,0.0027158537908013036,,,paired_seed,42,"verified: matching datasets/seeds, NC, full-graph, unified_full_graph_nc_v1, validation-Accuracy checkpoint selection",,,0.5607196688652039,,,0.4978563182392851,,,0.575584888458252,,,0.5027576522666772,,,,,0.5685157179832458,,,0.48959367050820496,,,0.5752849578857422,,,0.5000417984758759,,,,
Movies,0.002998530864715576,,,0.014319361571064226,,,0.0008997917175292969,,,0.0028026293960091153,,,paired_seed,43,"verified: matching datasets/seeds, NC, full-graph, unified_full_graph_nc_v1, validation-Accuracy checkpoint selection",,,0.565517246723175,,,0.5081307842303111,,,0.5761847496032715,,,0.5003974623384251,,,,,0.5625187158584595,,,0.4938114226592469,,,0.5752849578857422,,,0.49759483294241597,,,,
Movies,-0.0029984712600708008,,,-0.01526622843008485,,,0.006898641586303711,,,0.018928315186912736,,,paired_seed,44,"verified: matching datasets/seeds, NC, full-graph, unified_full_graph_nc_v1, validation-Accuracy checkpoint selection",,,0.5631184577941895,,,0.486827254087117,,,0.5770846009254456,,,0.5020778488116979,,,,,0.5661169290542603,,,0.5020934825172019,,,0.5701859593391418,,,0.4831495336247852,,,,
Toys,0.007731378078460693,,,-0.005869673602398318,,,-0.0002415776252746582,,,-0.008246545553381113,,,paired_seed,42,"verified: matching datasets/seeds, NC, full-graph, unified_full_graph_nc_v1, validation-Accuracy checkpoint selection",,,0.7958444356918335,,,0.7613758260485812,,,0.8045421838760376,,,0.7731043016621101,,,,,0.7881130576133728,,,0.7672454996509795,,,0.8047837615013123,,,0.7813508472154912,,,,
Toys,0.0016912221908569336,,,-0.0015555886218034942,,,-0.003140866756439209,,,-0.0006789410142141739,,,paired_seed,43,"verified: matching datasets/seeds, NC, full-graph, unified_full_graph_nc_v1, validation-Accuracy checkpoint selection",,,0.8069581985473633,,,0.76992067118081,,,0.8006764650344849,,,0.7726248144279647,,,,,0.8052669763565063,,,0.7714762598026135,,,0.8038173317909241,,,0.7733037554421789,,,,
Toys,-0.005315244197845459,,,-0.010161420376623709,,,-0.0004831552505493164,,,-0.007129630142456045,,,paired_seed,44,"verified: matching datasets/seeds, NC, full-graph, unified_full_graph_nc_v1, validation-Accuracy checkpoint selection",,,0.7997100949287415,,,0.7704186403262564,,,0.8045421838760376,,,0.7717184548200531,,,,,0.8050253391265869,,,0.7805800607028801,,,0.8050253391265869,,,0.7788480849625091,,,,
Grocery,-0.0038067102432250977,,,-0.003002804213328103,,,0.004099547863006592,,,0.008049208867282776,,,paired_seed,42,"verified: matching datasets/seeds, NC, full-graph, unified_full_graph_nc_v1, validation-Accuracy checkpoint selection",,,0.8342606425285339,,,0.7587194204559295,,,0.8377745151519775,,,0.7784458088085466,,,,,0.838067352771759,,,0.7617222246692577,,,0.833674967288971,,,0.7703965999412639,,,,
Grocery,0.0023425817489624023,,,0.002321900278447475,,,-0.005856513977050781,,,-0.022453030422057707,,,paired_seed,43,"verified: matching datasets/seeds, NC, full-graph, unified_full_graph_nc_v1, validation-Accuracy checkpoint selection",,,0.8275256156921387,,,0.7463059753025509,,,0.8377745151519775,,,0.7559958074047239,,,,,0.8251830339431763,,,0.7439840750241035,,,0.8436310291290283,,,0.7784488378267816,,,,
Grocery,0.007906317710876465,,,0.01918654776700024,,,0.0,,,-0.003437126946570057,,,paired_seed,44,"verified: matching datasets/seeds, NC, full-graph, unified_full_graph_nc_v1, validation-Accuracy checkpoint selection",,,0.8339678049087524,,,0.7695956898941797,,,0.8360175490379333,,,0.7556012082521499,,,,,0.826061487197876,,,0.7504091421271795,,,0.8360175490379333,,,0.75903833519872,,,,
ele-fashion,0.00030684471130371094,,,0.011779062167769583,,,0.00010228157043457031,,,0.004795813875899113,,,paired_seed,42,"verified: matching datasets/seeds, NC, full-graph, unified_full_graph_nc_v1, validation-Accuracy checkpoint selection",,,0.8810433149337769,,,0.7770307136693763,,,0.8819679021835327,,,0.7659040213922984,,,,,0.8807364702224731,,,0.7652516515016067,,,0.8818656206130981,,,0.7611082075163993,,,,
ele-fashion,-0.001056969165802002,,,-0.00661432899993597,,,0.0007159709930419922,,,0.0024405820336298456,,,paired_seed,43,"verified: matching datasets/seeds, NC, full-graph, unified_full_graph_nc_v1, validation-Accuracy checkpoint selection",,,0.8819979429244995,,,0.7705427323025291,,,0.8812519311904907,,,0.7665047648353056,,,,,0.8830549120903015,,,0.7771570613024651,,,0.8805359601974487,,,0.7640641828016758,,,,
ele-fashion,-0.0004432201385498047,,,-4.9554920767191923e-05,,,0.0010228157043457031,,,0.0031728560681760776,,,paired_seed,44,"verified: matching datasets/seeds, NC, full-graph, unified_full_graph_nc_v1, validation-Accuracy checkpoint selection",,,0.8821684122085571,,,0.7696710521657709,,,0.8825815916061401,,,0.7644226654207089,,,,,0.8826116323471069,,,0.7697206070865381,,,0.8815587759017944,,,0.7612498093525328,,,,
Reddit-S,-0.0012583136558532715,,,-0.0009576814368197351,,,0.002201974391937256,,,0.009267679875250123,,,paired_seed,42,"verified: matching datasets/seeds, NC, full-graph, unified_full_graph_nc_v1, validation-Accuracy checkpoint selection",,,0.9647687673568726,,,0.926191442799374,,,0.9650833606719971,,,0.9355014938599183,,,,,0.9660270810127258,,,0.9271491242361938,,,0.9628813862800598,,,0.9262338139846682,,,,
Reddit-S,-0.000629127025604248,,,0.0004574633279500473,,,-0.0009436607360839844,,,-0.0018530484663671354,,,paired_seed,43,"verified: matching datasets/seeds, NC, full-graph, unified_full_graph_nc_v1, validation-Accuracy checkpoint selection",,,0.9675998687744141,,,0.9350719161984451,,,0.9679144620895386,,,0.9299691293515652,,,,,0.9682289958000183,,,0.934614452870495,,,0.9688581228256226,,,0.9318221778179323,,,,
Reddit-S,-0.0015728473663330078,,,-0.0015288994619179208,,,0.0009437203407287598,,,0.0007613607809233702,,,paired_seed,44,"verified: matching datasets/seeds, NC, full-graph, unified_full_graph_nc_v1, validation-Accuracy checkpoint selection",,,0.9694872498512268,,,0.9295444687068237,,,0.9660270810127258,,,0.9223743232726715,,,,,0.9710600972175598,,,0.9310733681687416,,,0.9650833606719971,,,0.9216129624917482,,,,
Movies,,-0.0025986631711324426,-0.00779604911804;0.00299853086472;-0.00299847126007,,0.002438593624019769,0.00826264773108;0.0143193615711;-0.0152662284301,,0.002699454625447517,0.00029993057251;0.000899791717529;0.0068986415863,,0.008148932791241015,0.0027158537908;0.00280262939601;0.0189283151869,dataset_summary,,"verified: matching datasets/seeds, NC, full-graph, unified_full_graph_nc_v1, validation-Accuracy checkpoint selection",3,3,,0.5631184577941895,0.0019586029588840206,,0.49760478551890436,0.008698948238055806,,0.5762847463289896,0.0006163245248675133,,0.5017443211389334,0.0009919861073390461,0,0,,0.5657171209653219,0.0024645342362075245,,0.4951661918948846,0.005192165561461397,,0.5735852917035421,0.0024036909663743013,,0.4935953883476924,0.0074535817228831595,0,0
Toys,,0.0013691186904907227,0.00773137807846;0.00169122219086;-0.00531524419785,,-0.005862227533608544,-0.0058696736024;-0.0015555886218;-0.0101614203766,,-0.0012885332107543945,-0.000241577625275;-0.00314086675644;-0.000483155250549,,-0.0053517055700171845,-0.00824654555338;-0.000678941014214;-0.00712963014246,dataset_summary,,"verified: matching datasets/seeds, NC, full-graph, unified_full_graph_nc_v1, validation-Accuracy checkpoint selection",0,0,,0.8008375763893127,0.004606686591986867,,0.7672383791852159,0.004150432931422348,,0.8032536109288534,0.0018223173380150289,,0.7724825236367092,0.0005746464822636103,3,3,,0.799468457698822,0.00803008636164377,,0.7731006067188244,0.005563662270475491,,0.8045421441396078,0.0005219224992669536,,0.7778342292067264,0.003362523766674666,0,0
Grocery,,0.00214739640553796,-0.00380671024323;0.00234258174896;0.00790631771088,,0.0061685479440398705,-0.00300280421333;0.00232190027845;0.019186547767,,-0.0005856553713480261,0.00409954786301;-0.00585651397705;0,,-0.0059469828337817,0.00804920886728;-0.0224530304221;-0.00343712694657,dataset_summary,,"verified: matching datasets/seeds, NC, full-graph, unified_full_graph_nc_v1, validation-Accuracy checkpoint selection",1,1,,0.8319180210431417,0.0031081995907094656,,0.7582070285508867,0.009514886951093936,,0.8371888597806295,0.0008282417690370822,,0.7633476081551401,0.010677255401106771,1,2,,0.8297706246376038,0.00587762385828581,,0.7520384806068469,0.007332646003522628,,0.8377745151519775,0.004250175626581903,,0.7692945909889218,0.00796252559877742,1,0
ele-fashion,,-0.0003977815310161059,0.000306844711304;-0.0010569691658;-0.00044322013855,,0.001705059415688992,0.0117790621678;-0.00661432899994;-4.95549207672e-05,,0.0006136894226074219,0.000102281570435;0.000715970993042;0.00102281570435,,0.003469750659234938,0.0047958138759;0.00244058203363;0.00317285606818,dataset_summary,,"verified: matching datasets/seeds, NC, full-graph, unified_full_graph_nc_v1, validation-Accuracy checkpoint selection",3,3,,0.8817365566889445,0.000495111463903308,,0.7724148327125588,0.0032832630436642842,,0.8819338083267212,0.000543366664748864,,0.765610483882771,0.0008749886457132455,0,0,,0.8821343382199606,0.0010048716125227836,,0.7707097732968698,0.004910433312539101,,0.8813201189041138,0.000568458193797166,,0.762140733223536,0.0013613122296112486,0,0
Reddit-S,,-0.001153429349263435,-0.00125831365585;-0.000629127025604;-0.00157284736633,,-0.0006763725235960916,-0.00095768143682;0.00045746332795;-0.00152889946192,,0.0007340113321940844,0.00220197439194;-0.000943660736084;0.000943720340729,,0.0027253307299355267,0.00926767987525;-0.00185304846637;0.000761360780923,dataset_summary,,"verified: matching datasets/seeds, NC, full-graph, unified_full_graph_nc_v1, validation-Accuracy checkpoint selection",2,2,,0.9672852953275045,0.0019391126153488019,,0.9302692759015475,0.003661485222333035,,0.9663416345914205,0.0011769995113291515,,0.9292816488280516,0.005381147585743335,1,1,,0.968438724676768,0.0020600651576810833,,0.9309456484251436,0.0030490454412496824,,0.9656076232592264,0.002467992892891263,,0.9265563180981161,0.004174128737153132,0,0
ALL,,-0.00012667179107661575,-0.00779604911804;0.00299853086472;-0.00299847126007;0.00773137807846;0.00169122219086;-0.00531524419785;-0.00380671024323;0.00234258174896;0.00790631771088;0.000306844711304;-0.0010569691658;-0.00044322013855;-0.00125831365585;-0.000629127025604;-0.00157284736633,,0.0007547201853087548,0.00826264773108;0.0143193615711;-0.0152662284301;-0.0058696736024;-0.0015555886218;-0.0101614203766;-0.00300280421333;0.00232190027845;0.019186547767;0.0117790621678;-0.00661432899994;-4.95549207672e-05;-0.00095768143682;0.00045746332795;-0.00152889946192,,0.00043459335962925394,0.00029993057251;0.000899791717529;0.0068986415863;-0.000241577625275;-0.00314086675644;-0.000483155250549;0.00409954786301;-0.00585651397705;0;0.000102281570435;0.000715970993042;0.00102281570435;0.00220197439194;-0.000943660736084;0.000943720340729,,0.0006090651553226634,0.0027158537908;0.00280262939601;0.0189283151869;-0.00824654555338;-0.000678941014214;-0.00712963014246;0.00804920886728;-0.0224530304221;-0.00343712694657;0.0047958138759;0.00244058203363;0.00317285606818;0.00926767987525;-0.00185304846637;0.000761360780923,dataset_summary,,"verified: matching datasets/seeds, NC, full-graph, unified_full_graph_nc_v1, validation-Accuracy checkpoint selection",9,9,,0.8089791814486186,0.1352280716114525,,0.7451468603738226,0.13939666439615905,,0.8130005319913228,0.1303731555513888,,0.7464933171283212,0.13768344684924236,5,6,,0.8091058532396952,0.13460198142699772,,0.7443921401885139,0.14045364699779375,,0.8125659386316936,0.13114192770647004,,0.7458842519729986,0.14019609493148205,1,0
