dataset,hop,metric,modality,ordering_verified,pearson,seed_a,seed_b,spearman
Movies,,term_p,text,True,0.6986591547027399,42,43,0.7028242789980459
Movies,1,alpha,text,True,0.7113365957079424,42,43,0.7124826943072197
Movies,2,alpha,text,True,0.7125574168834049,42,43,0.7144233110113508
Movies,3,alpha,text,True,0.7139712921370571,42,43,0.716173731325719
Movies,,term_p,text,True,0.826416220838109,42,44,0.8345970196453483
Movies,1,alpha,text,True,0.8328338068988868,42,44,0.8396973900860908
Movies,2,alpha,text,True,0.8335308010796204,42,44,0.8408567387165373
Movies,3,alpha,text,True,0.8342864584680638,42,44,0.8418377649212035
Movies,,term_p,text,True,0.8209742232873005,43,44,0.8081215568089594
Movies,1,alpha,text,True,0.8275276534896037,43,44,0.8126259105277435
Movies,2,alpha,text,True,0.8283213113609885,43,44,0.8136337360246091
Movies,3,alpha,text,True,0.8291663895018265,43,44,0.8144784902042677
Movies,,term_p,visual,True,0.7808473417842701,42,43,0.7395713999929344
Movies,1,alpha,visual,True,0.7743129246054623,42,43,0.7396357780430666
Movies,2,alpha,visual,True,0.7742751785254673,42,43,0.7396269029991448
Movies,3,alpha,visual,True,0.7741834698792956,42,43,0.7396427110559146
Movies,,term_p,visual,True,0.5468158347568687,42,44,0.48376908001030583
Movies,1,alpha,visual,True,0.5333931316279911,42,44,0.48334480330597424
Movies,2,alpha,visual,True,0.5332584189251193,42,44,0.4832377592774647
Movies,3,alpha,visual,True,0.5329391503600333,42,44,0.48303909828352226
Movies,,term_p,visual,True,0.6082010318170811,43,44,0.5180902035232379
Movies,1,alpha,visual,True,0.5954495482141541,43,44,0.5171383446524415
Movies,2,alpha,visual,True,0.5954250594179076,43,44,0.5171118768515071
Movies,3,alpha,visual,True,0.5951995395637879,43,44,0.51687732949901
Toys,,term_p,text,True,0.7328865576426487,42,43,0.7079383417937137
Toys,1,alpha,text,True,0.7334116192831921,42,43,0.707110293204375
Toys,2,alpha,text,True,0.733435251491238,42,43,0.7069619332010745
Toys,3,alpha,text,True,0.733523953272921,42,43,0.7068267544241458
Toys,,term_p,text,True,0.8785199216411631,42,44,0.8757612646671138
Toys,1,alpha,text,True,0.87860525012138,42,44,0.8754040187487756
Toys,2,alpha,text,True,0.8785671756642339,42,44,0.875348820851373
Toys,3,alpha,text,True,0.8785494304355941,42,44,0.8752621476997207
Toys,,term_p,text,True,0.6729749881649878,43,44,0.6603615269453803
Toys,1,alpha,text,True,0.6756180169223346,43,44,0.6584532285900018
Toys,2,alpha,text,True,0.6755052942735953,43,44,0.6582077391305933
Toys,3,alpha,text,True,0.675428480854007,43,44,0.6578289177078055
Toys,,term_p,visual,True,0.7012881801268015,42,43,0.6836099987808592
Toys,1,alpha,visual,True,0.6952644056959973,42,43,0.684339401829896
Toys,2,alpha,visual,True,0.6956131708004145,42,43,0.6846585103746321
Toys,3,alpha,visual,True,0.6958907902774424,42,43,0.6849192400875412
Toys,,term_p,visual,True,0.5502770399785514,42,44,0.561983447300371
Toys,1,alpha,visual,True,0.5507119437072823,42,44,0.5648386056007537
Toys,2,alpha,visual,True,0.5511667043464861,42,44,0.5653668227104646
Toys,3,alpha,visual,True,0.5518475058371471,42,44,0.5661688179147923
Toys,,term_p,visual,True,0.5912369577971963,43,44,0.5926067195314225
Toys,1,alpha,visual,True,0.5894103631314961,43,44,0.5949421487433472
Toys,2,alpha,visual,True,0.5901300007557206,43,44,0.5957185790785468
Toys,3,alpha,visual,True,0.5907691011261733,43,44,0.5964679981098386
Grocery,,term_p,text,True,0.8000319922809166,42,43,0.80001313868115
Grocery,1,alpha,text,True,0.805180461777094,42,43,0.8001735210709912
Grocery,2,alpha,text,True,0.8053286952588771,42,43,0.8003472767223145
Grocery,3,alpha,text,True,0.8055901089313897,42,43,0.800512713317261
Grocery,,term_p,text,True,0.7785867446397787,42,44,0.7728952366175919
Grocery,1,alpha,text,True,0.7795044853019799,42,44,0.772715131198248
Grocery,2,alpha,text,True,0.7799463003686234,42,44,0.7731098113604328
Grocery,3,alpha,text,True,0.7801827521306297,42,44,0.7733346126809073
Grocery,,term_p,text,True,0.8222961051831457,43,44,0.822462237262352
Grocery,1,alpha,text,True,0.821471097736118,43,44,0.8221181487777054
Grocery,2,alpha,text,True,0.8217677740809316,43,44,0.8225555978597884
Grocery,3,alpha,text,True,0.8218793178674366,43,44,0.8227268572603227
Grocery,,term_p,visual,True,0.833633305237221,42,43,0.8458145467181749
Grocery,1,alpha,visual,True,0.8316136550999353,42,43,0.8463071975174603
Grocery,2,alpha,visual,True,0.831689978550936,42,43,0.8463945372569509
Grocery,3,alpha,visual,True,0.8317575615883382,42,43,0.846457110741805
Grocery,,term_p,visual,True,0.855561479503751,42,44,0.8625229761914182
Grocery,1,alpha,visual,True,0.8518021045767463,42,44,0.8625159050344499
Grocery,2,alpha,visual,True,0.8517701043763591,42,44,0.8624913814896306
Grocery,3,alpha,visual,True,0.8517573599826525,42,44,0.8624780923494761
Grocery,,term_p,visual,True,0.8952196271317182,43,44,0.9008110024278395
Grocery,1,alpha,visual,True,0.8910873079456129,43,44,0.9009710585058944
Grocery,2,alpha,visual,True,0.8909794607955908,43,44,0.9008986639471687
Grocery,3,alpha,visual,True,0.8909507899008554,43,44,0.9008682071222364
ele-fashion,,term_p,text,True,0.8278567089790223,42,43,0.8167266392847456
ele-fashion,1,alpha,text,True,0.8317002948937483,42,43,0.8173546665427228
ele-fashion,2,alpha,text,True,0.8320931362914741,42,43,0.8188309538010062
ele-fashion,3,alpha,text,True,0.8325687523574322,42,43,0.81950751643578
ele-fashion,,term_p,text,True,0.7325577744290324,42,44,0.6793846749674916
ele-fashion,1,alpha,text,True,0.7492310289261166,42,44,0.6802965893129619
ele-fashion,2,alpha,text,True,0.7493549528952488,42,44,0.6837131984936747
ele-fashion,3,alpha,text,True,0.7502115370866904,42,44,0.6851604118235924
ele-fashion,,term_p,text,True,0.8387709540432233,43,44,0.7822019058082222
ele-fashion,1,alpha,text,True,0.8479327706130313,43,44,0.7833619118836359
ele-fashion,2,alpha,text,True,0.8478115702391851,43,44,0.785647206995915
ele-fashion,3,alpha,text,True,0.8482375656132427,43,44,0.7867826639792154
ele-fashion,,term_p,visual,True,0.9296211409139674,42,43,0.9260437549704076
ele-fashion,1,alpha,visual,True,0.933406788635777,42,43,0.9256898107966155
ele-fashion,2,alpha,visual,True,0.933777143752054,42,43,0.9261918630229034
ele-fashion,3,alpha,visual,True,0.9339145482878941,42,43,0.9262843030363203
ele-fashion,,term_p,visual,True,0.631918684644174,42,44,0.6073571801499915
ele-fashion,1,alpha,visual,True,0.5861756632744354,42,44,0.6007037908611592
ele-fashion,2,alpha,visual,True,0.5883921627120853,42,44,0.6017532095544026
ele-fashion,3,alpha,visual,True,0.5861847227024995,42,44,0.6008896251639139
ele-fashion,,term_p,visual,True,0.6023015214765648,43,44,0.576353269276742
ele-fashion,1,alpha,visual,True,0.5329375151074324,43,44,0.5686092591169929
ele-fashion,2,alpha,visual,True,0.5350706225597188,43,44,0.5696647117114494
ele-fashion,3,alpha,visual,True,0.5303413914999482,43,44,0.5685389862403725
Reddit-S,,term_p,text,True,0.855871739318823,42,43,0.8311688916748874
Reddit-S,1,alpha,text,True,0.8612600844224547,42,43,0.8332194279941749
Reddit-S,2,alpha,text,True,0.8613412710938891,42,43,0.8332829514405395
Reddit-S,3,alpha,text,True,0.8614747474238563,42,43,0.8333374278096092
Reddit-S,,term_p,text,True,0.6671988769555822,42,44,0.6150215829667602
Reddit-S,1,alpha,text,True,0.6804549054801273,42,44,0.621333522393978
Reddit-S,2,alpha,text,True,0.6806521473991408,42,44,0.6213848839658294
Reddit-S,3,alpha,text,True,0.6809675467237642,42,44,0.62142010430339
Reddit-S,,term_p,text,True,0.6867703340364101,43,44,0.6240078902369074
Reddit-S,1,alpha,text,True,0.7008609124852391,43,44,0.6274971022844982
Reddit-S,2,alpha,text,True,0.701022568400303,43,44,0.6275508372642091
Reddit-S,3,alpha,text,True,0.7013892384173969,43,44,0.6275920216280219
Reddit-S,,term_p,visual,True,0.7701700648986756,42,43,0.7600943085991294
Reddit-S,1,alpha,visual,True,0.7710770860798207,42,43,0.7643735563714095
Reddit-S,2,alpha,visual,True,0.7710829445793874,42,43,0.7644011081836484
Reddit-S,3,alpha,visual,True,0.7710350160427489,42,43,0.7644197525667853
Reddit-S,,term_p,visual,True,0.8598199865951132,42,44,0.7842160539332081
Reddit-S,1,alpha,visual,True,0.8509043019985788,42,44,0.7863175252049354
Reddit-S,2,alpha,visual,True,0.8508673575916289,42,44,0.7863360800355893
Reddit-S,3,alpha,visual,True,0.8507017445253893,42,44,0.7863499482158552
Reddit-S,,term_p,visual,True,0.687672055649478,43,44,0.6599196730146547
Reddit-S,1,alpha,visual,True,0.6754947205063191,43,44,0.6641646403369345
Reddit-S,2,alpha,visual,True,0.6754503872012715,43,44,0.6641902037968446
Reddit-S,3,alpha,visual,True,0.6751657912554075,43,44,0.664203688471334
