beta,dataset,dynamic_logit_abs_mean,dynamic_logit_abs_mean_over_bias_abs,dynamic_logit_mean,dynamic_logit_q10,dynamic_logit_q25,dynamic_logit_q50,dynamic_logit_q75,dynamic_logit_q90,dynamic_logit_std,dynamic_logit_std_over_bias_abs,isolated_c_max_abs,isolated_c_zero_fraction,isolated_count,learned_score_abs_mean,learned_score_mean,learned_score_mean_abs_difference,learned_score_pearson,learned_score_q10,learned_score_q10_abs_difference,learned_score_q25,learned_score_q50,learned_score_q50_abs_difference,learned_score_q75,learned_score_q90,learned_score_q90_abs_difference,learned_score_spearman,learned_score_std,local_adaptation_abs_mean,local_adaptation_mean,local_adaptation_q10,local_adaptation_q25,local_adaptation_q50,local_adaptation_q75,local_adaptation_q90,local_adaptation_std,modality,nonself_edge_count,operator_aligned_edges,operator_missing_learned,operator_missing_raw,operator_weight_mae,operator_weight_relative_l1,operator_weight_rmse,relation_weight_abs_mean,relation_weight_cv,relation_weight_mean,relation_weight_q10,relation_weight_q25,relation_weight_q50,relation_weight_q75,relation_weight_q90,relation_weight_std,relative_compatibility_abs_mean,relative_compatibility_mean,relative_compatibility_mean_abs_difference,relative_compatibility_pearson,relative_compatibility_q10,relative_compatibility_q10_abs_difference,relative_compatibility_q25,relative_compatibility_q50,relative_compatibility_q50_abs_difference,relative_compatibility_q75,relative_compatibility_q90,relative_compatibility_q90_abs_difference,relative_compatibility_spearman,relative_compatibility_std,score_fraction_abs_gt_0.8,score_fraction_abs_gt_0.9,scorer_bias,scorer_term_abs_abs_mean,scorer_term_abs_mean,scorer_term_abs_q10,scorer_term_abs_q25,scorer_term_abs_q50,scorer_term_abs_q75,scorer_term_abs_q90,scorer_term_abs_std,scorer_term_r_abs_mean,scorer_term_r_mean,scorer_term_r_q10,scorer_term_r_q25,scorer_term_r_q50,scorer_term_r_q75,scorer_term_r_q90,scorer_term_r_std,scorer_term_s_abs_mean,scorer_term_s_mean,scorer_term_s_q10,scorer_term_s_q25,scorer_term_s_q50,scorer_term_s_q75,scorer_term_s_q90,scorer_term_s_std,scorer_w_abs,scorer_w_r,scorer_w_s,seed,semantic_compatibility_abs_mean,semantic_compatibility_mean,semantic_compatibility_mean_abs_difference,semantic_compatibility_pearson,semantic_compatibility_q10,semantic_compatibility_q10_abs_difference,semantic_compatibility_q25,semantic_compatibility_q50,semantic_compatibility_q50_abs_difference,semantic_compatibility_q75,semantic_compatibility_q90,semantic_compatibility_q90_abs_difference,semantic_compatibility_spearman,semantic_compatibility_std
0.05228322744369507,Movies,0.04958779621124786,0.9998459186166273,-0.04958779621124786,-0.04990739747881889,-0.04978898540139198,-0.049616847187280655,-0.04942794516682625,-0.049242958426475525,0.0002755864841737105,0.005556690203637025,nan,nan,0,0.09023351902875053,-0.09023351902875053,,,-0.09049802273511887,,-0.09040006995201111,-0.09025762230157852,,-0.09010125696659088,-0.08994806557893753,,,0.00022816814988248037,0.004716501433874664,0.004716501433874664,0.004702316597104073,0.0047111776657402515,0.004718663869425654,0.004724533180706203,0.00472882017493248,1.2587675123462772e-05,text,160802,177474.0,0.0,0.0,0.0001097750546896214,0.0013081101162110032,0.0002726883367748369,0.9952934113333584,1.1929396554308754e-05,0.9952934113333584,0.9952796697616577,0.9952847361564636,0.9952921867370605,0.99530029296875,0.9953082799911499,1.18732497916983e-05,0.004522237955216909,-7.47272819163863e-10,,,-0.007641196250915527,,-0.0027953386306762695,0.0009153485298156738,,0.003722548484802246,0.00629192590713501,,,0.006342582101423987,0.0,0.0,-0.049595437943935394,0.00018324934223902013,-0.00018324934223902013,-0.0003868495987262577,-0.00024176077567972243,-0.000137925089802593,-6.452686648117378e-05,-2.4884722733986564e-05,0.00018020923095829697,0.0001511927632375005,-2.49680354776223e-11,-0.0002554694365244359,-9.345704165752977e-05,3.060300514334813e-05,0.00012445660831872374,0.00021035905228927732,0.00021205264375829267,0.04940454684962134,-0.04940454684962134,-0.04987141862511635,-0.04975311830639839,-0.04953131824731827,-0.04918895289301872,-0.04877462983131409,0.0004951364447653591,-0.04052182659506798,0.03343317285180092,-0.05005621537566185,42,0.9869812665294826,0.9869812665294826,,,0.9743970632553101,,0.982674241065979,0.9895138144493103,,0.9939448833465576,0.9963082075119019,,,0.00989160759108701
0.05204344540834427,Movies,0.03104720969697931,2.291210408358105,0.00808722500017693,-0.047033973038196564,-0.008485769852995872,0.0214526504278183,0.034240689128637314,0.04069924354553223,0.03593918605943301,2.6522266564683585,nan,nan,0,0.03588299560652324,0.020809951768858293,,,-0.032398585230112076,,0.0050392779521644115,0.03381943330168724,,0.0456114336848259,0.051458220928907394,,,0.03398287514193111,0.001829702114419107,0.001829702114419107,0.00107371446210891,0.0014673382102046162,0.0018674740567803383,0.00223879877012223,0.0025415769312530753,0.0005878750531751535,visual,160802,177474.0,0.0,0.0,9.243661320282584e-05,0.001101500419934039,0.00014830859496400443,1.001085172858123,0.0017664741939315799,1.001085172858123,0.9983152747154236,1.0002622604370117,1.0017616748809814,1.0023765563964844,1.0026816129684448,0.0017683911237831756,0.24148972319783243,-5.560413122879916e-10,,,-0.43353062868118286,,-0.1724030077457428,0.046753525733947754,,0.21121211349964142,0.346466600894928,,,0.31033066157948924,0.0,0.0,0.013550571165978909,0.009109889819764442,-0.009109889819764442,-0.019171522930264473,-0.012756392359733582,-0.007462575566023588,-0.0035268489737063646,-0.0013237802777439356,0.007352528751615727,0.012009298124896834,-2.5891527073043754e-11,-0.02155950292944908,-0.00857361126691103,0.002325055655092001,0.010503591038286686,0.017229804769158363,0.015432762034359197,0.021991515854802458,0.017197114839506117,-0.009945939294993877,0.006004455033689737,0.0213577002286911,0.0316283255815506,0.037183452397584915,0.01804250764795435,-0.03772371634840965,0.04973005875945091,0.04434135556221008,42,0.4959594846519404,0.3878346662693608,,,-0.22430391609668732,,0.13541433215141296,0.4816654920578003,,0.7132918238639832,0.8385727405548096,,,0.4069002271043574
,Movies,,,,,,,,,,,,,,,,0.11114885280259942,-0.08567880469276204,,0.057800259441137314,,,0.12404201179742813,,,0.14173360541462898,-0.10640891367585938,,,,,,,,,,text_vs_visual,160802,,,,,,,,,,,,,,,,,,0.24119230447439036,0.0632181443499894,,0.03504204750061035,,,0.19736379384994507,,,0.5074873566627502,0.07274418413361017,,,,,,,,,,,,,,,,,,,,,,,,,,,,,,,,42,,,0.5991685891127392,0.09818464850468786,,0.14933109283447266,,,0.5060147047042847,,,1.2100656926631927,0.1308773933544125,
0.0520872063934803,Movies,0.044696084861902095,0.9975958882477385,-0.044696084861902095,-0.04514716938138008,-0.04499657079577446,-0.044721778482198715,-0.04445228353142738,-0.04421771317720413,0.00037376473960824835,0.00834225567087639,nan,nan,0,0.0821475676355514,-0.0821475676355514,,,-0.0825275331735611,,-0.08240075409412384,-0.08216932415962219,,-0.08194223791360855,-0.0817444920539856,,,0.00031495408809675265,0.0042775066858754115,0.0042775066858754115,0.004258768633008003,0.004270528792403638,0.004280079621821642,0.0042878236854448915,0.004293689224869013,1.5277291325357036e-05,text,160802,177474.0,0.0,0.0,9.954475611483972e-05,0.0011862030299848267,0.00024728610054714184,0.9957303040342036,1.640513000190076e-05,0.9957303040342036,0.9957106113433838,0.9957171678543091,0.9957291483879089,0.9957409501075745,0.9957512021064758,1.6335085084529685e-05,0.006816195795348363,-9.437284710273786e-10,,,-0.011992394924163818,,-0.004092216491699219,0.0014576911926269531,,0.00566709041595459,0.009543120861053467,,,0.009384071412687052,0.0,0.0,-0.04480379819869995,0.00024602170539752183,-0.00024602170539752183,-0.0005266810767352581,-0.00033042184077203274,-0.00018455157987773418,-8.512899512425065e-05,-3.2349878893001005e-05,0.0002327981091046501,0.00016874614487606617,-2.3376990837550186e-11,-0.0002968914632219821,-0.0001013095534290187,3.6087545595364645e-05,0.00014029814337845892,0.00023625566973350942,0.00023231813195640242,0.04445006312811863,-0.04445006312811863,-0.04506827890872955,-0.044924914836883545,-0.04462990537285805,-0.04416105896234512,-0.043574631214141846,0.0006454825307579971,-0.03609369695186615,0.024756645783782005,-0.04525764659047127,43,0.9821558669905415,0.9821558669905415,,,0.9628125429153442,,0.975770115852356,0.9861295819282532,,0.9926480650901794,0.9958157539367676,,,0.014262397204428953
0.05169137567281723,Movies,0.0282944146099343,3.8866394057416502,0.007316073870522752,-0.04283375293016434,-0.008714992552995682,0.018969515338540077,0.03145323693752289,0.0379565991461277,0.032723212669334464,4.494997673443475,nan,nan,0,0.03024714360510631,0.014199214901411938,,,-0.034333162009716034,,-0.001433018478564918,0.025578025728464127,,0.0372888408601284,0.04327873885631561,,,0.03111076373719137,0.0015159318077704721,0.0015159318077704721,0.0008441272424533963,0.0011783158988691866,0.0015297476202249527,0.0018745663983281702,0.0021631318842992185,0.000529687855937586,visual,160802,177474.0,0.0,0.0,8.059558008167444e-05,0.0009603993723785407,0.0001275029980464836,1.0007355396395392,0.0016065301051331029,1.0007355396395392,0.9982268214225769,0.9999259114265442,1.0013229846954346,1.0019294023513794,1.0022395849227905,0.001607711771709148,0.2418502940454383,-1.5671276615928668e-09,,,-0.4319727122783661,,-0.17671296000480652,0.045913755893707275,,0.2125048041343689,0.34682896733283997,,,0.30909805187564365,0.0,0.0,0.007279917597770691,0.007958477034756032,-0.007958477034756032,-0.01651768572628498,-0.011151297017931938,-0.0065663643181324005,-0.0031451040413230658,-0.001207132125273347,0.0063339946737553405,0.011094622272331683,-7.15467562863855e-11,-0.019816283136606216,-0.008106516674160957,0.002106244210153818,0.0097484290599823,0.015910405665636063,0.014179540879262846,0.01973080465928252,0.015274550975576765,-0.009416799061000347,0.004604077897965908,0.018638553097844124,0.02862238883972168,0.03419860079884529,0.016559920392539746,-0.03290662541985512,0.04587392508983612,0.04102317988872528,43,0.48096721693683087,0.37233951678074,,,-0.22954824566841125,,0.11223113536834717,0.45434197783470154,,0.6977126002311707,0.8336409330368042,,,0.4036722759640205
,Movies,,,,,,,,,,,,,,,,0.09648932103358607,-0.046314413170642055,,0.04780042544007301,,,0.10771517269313335,,,0.12546180561184883,-0.056695466414719876,,,,,,,,,,text_vs_visual,160802,,,,,,,,,,,,,,,,,,0.24145900573899726,0.06299686955720578,,0.03674894571304321,,,0.19905002415180206,,,0.5016130208969116,0.06924640422297114,,,,,,,,,,,,,,,,,,,,,,,,,,,,,,,,43,,,0.609866902009113,0.05457829472687238,,0.1493886113166809,,,0.5284280776977539,,,1.2096487879753113,0.06685953161458585,
0.05239742621779442,Movies,0.05084920316929767,1.0011836969231593,-0.05084920316929767,-0.05114724114537239,-0.051048170775175095,-0.05089382082223892,-0.05071306601166725,-0.05049892142415047,0.0002740155521037222,0.005395166224262278,nan,nan,0,0.09226097780814288,-0.09226097780814288,,,-0.09250655025243759,,-0.09242495149374008,-0.09229779243469238,,-0.09214884042739868,-0.09197231382131577,,,0.00022586207696511222,0.004833001544348933,0.004833001544348933,0.004818281717598438,0.004828062606975436,0.004835456842556596,0.004841022309847176,0.0048449642956256865,1.2207363832674341e-05,text,160802,177474.0,0.0,0.0,0.00011248202477655633,0.0013403671254651735,0.00027940984989942476,0.9951774284334954,1.1834725084387806e-05,0.9951774284334954,0.9951646327972412,0.9951688647270203,0.9951754808425903,0.9951832890510559,0.9951924681663513,1.1777651275710273e-05,0.0044033512984817755,-1.963815176552652e-09,,,-0.007170379161834717,,-0.0024900436401367188,0.0008147358894348145,,0.0033988356590270996,0.006079375743865967,,,0.006486296917044244,0.0,0.0,-0.050789084285497665,0.0001883922183679065,-0.0001883922183679065,-0.000411731336498633,-0.00024173302517738193,-0.00013107845734339207,-6.0552476497832686e-05,-2.324684646737296e-05,0.00020376308924061865,0.00016571742956056606,-7.395169208672944e-11,-0.00026985284057445824,-9.371127089252695e-05,3.06620859191753e-05,0.00012791309563908726,0.00022879357857163996,0.00024410781239476108,0.05066081088083235,-0.05066081088083235,-0.05112318694591522,-0.05101862549781799,-0.05080576241016388,-0.050473492592573166,-0.05002809688448906,0.0005248298546311965,-0.04278382658958435,0.037634387612342834,-0.05127572640776634,44,0.9880076681151189,0.9880076681151189,,,0.9756682515144348,,0.9843544960021973,0.9908345937728882,,0.9949858784675598,0.9970251321792603,,,0.010235444580853277
0.05127156153321266,Movies,0.026583458991028375,4.103951363078653,-0.017292379197009624,-0.039224110543727875,-0.034541018307209015,-0.02544768899679184,-0.007498487830162048,0.018382590264081955,0.024023882069381552,3.708804170230564,nan,nan,0,0.02972238846934281,-0.02291887901410417,,,-0.043704282492399216,,-0.039402320981025696,-0.03093753010034561,,-0.013783378526568413,0.011764999479055405,,,0.023034759517941223,0.001517590120896487,0.001517590120896487,0.0008893801830708981,0.0012134126154705882,0.001563011493999511,0.0018649962730705738,0.002106348937377334,0.0004704433544814257,visual,160802,177474.0,0.0,0.0,6.476037901374768e-05,0.0007717027074781434,0.00011398280013199096,0.9988263004487508,0.0011820618747564683,0.9988263004487508,0.9977617263793945,0.99798184633255,0.9984150528907776,0.9992935657501221,1.000603437423706,0.0011806744892656998,0.1773915057978593,-1.7392580263742254e-09,,,-0.31687676906585693,,-0.11580514907836914,0.029697299003601074,,0.14122813940048218,0.2590368986129761,,,0.23919027365867165,0.0,0.0,-0.0064775277860462666,0.003927147921373876,0.003927147921373876,0.000498137203976512,0.0013202448608353734,0.002912078518420458,0.005454434081912041,0.00875579472631216,0.003552094269978358,0.005652332647280928,5.5082674943323974e-11,-0.008253849111497402,-0.004500037524849176,-0.0009462629677727818,0.0036899694241583347,0.010096835903823376,0.0076214640979318515,0.023877383165565355,-0.021219527175954173,-0.03758066147565842,-0.033195264637470245,-0.025447329506278038,-0.01292345765978098,0.0021843810100108385,0.015699079795734854,0.022138308733701706,-0.03186360374093056,-0.043713249266147614,44,0.5462275984247443,0.4854255296293037,,,-0.049970682710409164,,0.2956416606903076,0.5821422338485718,,0.7593868374824524,0.8597087264060974,,,0.3591377914116324
,Movies,,,,,,,,,,,,,,,,0.06934209879403871,0.007535210980735972,,0.04853605479001999,,,0.06134035252034664,,,0.10403735190629959,0.04078946206748164,,,,,,,,,,text_vs_visual,160802,,,,,,,,,,,,,,,,,,0.17720802786457623,0.05074501276283319,,0.022485703229904175,,,0.13142037391662598,,,0.3955020308494568,0.0616922716024363,,,,,,,,,,,,,,,,,,,,,,,,,,,,,,,,44,,,0.5026066601470015,0.0015327292619613671,,0.1277529001235962,,,0.40685731172561646,,,1.03788623213768,0.04321935855971198,
0.05104125291109085,Toys,0.026756816777394547,2.748636153623881,0.01140707024650231,-0.032562557607889175,-0.004932138603180647,0.020384130999445915,0.03330681100487709,0.03937474638223648,0.028285689518098327,2.9056920143546225,0.0,1.0,10,0.03040445443878649,0.020311017601538417,,,-0.022318493574857712,,0.004779487382620573,0.029238097369670868,,0.041265275329351425,0.046810492873191833,,,0.02707574762512468,0.0015236590834774976,0.0015236590834774976,0.0007886443636380136,0.0011929492466151714,0.0015757958171889186,0.0019209273741580546,0.0021630526520311833,0.0005310323481615601,text,113402,134097.0,0.0,0.0,0.00012103184951643334,0.0008631717544600585,0.00017364042290597727,1.001038192546367,0.0013810019333914754,1.001038192546367,0.9988614916801453,1.0002440214157104,1.0014934539794922,1.0021084547042847,1.0023921728134155,0.0013824356793066218,0.2342843891699563,-7.84317459312247e-10,,,-0.42665690183639526,,-0.17289306223392487,0.03443938493728638,,0.1964629888534546,0.34785526990890503,,,0.3031546146441539,0.0,0.0,0.009734579361975193,0.0037270168048428014,-0.0037270168048428014,-0.008057886734604836,-0.005369836464524269,-0.0029862101655453444,-0.0013403473421931267,-0.000471621286123991,0.0030605419912794946,0.00954026737492947,-3.1667830203219574e-11,-0.01737384684383869,-0.0070403581485152245,0.0014024021802470088,0.008000146597623825,0.014164973981678486,0.01234472381816307,0.01929662422185122,0.01513408708603707,-0.00923339556902647,0.004282881505787373,0.018946561962366104,0.028273003175854683,0.03294689580798149,0.01588079865321465,-0.01590808853507042,0.04072088375687599,0.03677583485841751,42,0.5247093450556602,0.41152259747528036,,,-0.25107234716415405,,0.11645912379026413,0.5151905417442322,,0.768792986869812,0.8958843946456909,,,0.43182700580484634
0.05129634961485863,Toys,0.019546962855738575,0.7441329378401055,0.019438079057136383,0.007092106156051159,0.013639873825013638,0.020806726068258286,0.02621990256011486,0.029380636289715767,0.008549798888223981,0.32548212280294864,0.0,1.0,10,0.04364420216076833,0.04364420216076833,,,0.0322832353413105,,0.03837645426392555,0.04495842382311821,,0.049870409071445465,0.052715204656124115,,,0.00785702723908666,0.002276746585332762,0.002276746585332762,0.0018504302948713302,0.002097423654049635,0.0023354224395006895,0.002511210856027901,0.002626589545980096,0.0003182735827424929,visual,113402,134097.0,0.0,0.0,0.00011034674283927387,0.0007869679922770775,0.00019772980937749586,1.002241377262768,0.00040298778452073104,1.002241377262768,1.0016573667526245,1.0019705295562744,1.0023088455200195,1.0025614500045776,1.0027077198028564,0.0004038910321785321,0.13607351139532214,-2.1802747492012242e-10,,,-0.23535144329071045,,-0.08693182468414307,0.01844686269760132,,0.10791158676147461,0.20509129762649536,,,0.1858484028356493,0.0,0.0,0.02626810595393181,0.0023559048023200227,0.0023559048023200227,0.00027597794542089105,0.0007541695958934724,0.001731293392367661,0.0032801195047795773,0.005316009279340506,0.002191616578239099,8.136326486826376e-05,1.2131215945017249e-13,-0.00012263149255886674,-6.452423258451745e-05,-1.1030045243387576e-05,5.1979677664348856e-05,0.00014072512567508966,0.00011112546936749286,0.017825280695826874,0.017082174254917898,0.003352557308971882,0.011727609671652317,0.01930570788681507,0.024432819336652756,0.027241546660661697,0.009454147889336656,0.01731347106397152,-0.0005979361012578011,0.03106522001326084,42,0.5738018494552606,0.5498810003117642,,,0.10791996121406555,,0.3775157332420349,0.6214572787284851,,0.7865007519721985,0.8769146800041199,,,0.3043322367040557
,Toys,,,,,,,,,,,,,,,,0.025844040715178766,0.13529062231896788,,0.0027301236987113953,,,0.016405779868364334,,,0.06534444913268089,0.1413534090992142,,,,,,,,,,text_vs_visual,113402,,,,,,,,,,,,,,,,,,0.2582393751600131,0.11468254865963497,,0.03308755159378052,,,0.20220860838890076,,,0.5680395364761353,0.10553392098410881,,,,,,,,,,,,,,,,,,,,,,,,,,,,,,,,42,,,0.3861696225470357,0.16374552930467515,,0.04794949293136597,,,0.29523754119873047,,,0.8725556246936321,0.17846785206240295,
0.049769580364227295,Toys,0.010912277953595631,0.6114828627906606,-0.010911235631124595,-0.014659140259027481,-0.012313676998019218,-0.010563277639448643,-0.009022370912134647,-0.007538541220128536,0.0031133623197187148,0.1744610714886413,0.0,1.0,10,0.02794412037877084,-0.02794412037877084,,,-0.03148144111037254,,-0.029276324436068535,-0.027624107897281647,,-0.02616497129201889,-0.02475573495030403,,,0.0029325075775996716,0.0013753101047633365,0.0013753101047633365,0.0012574056396260857,0.0013285510358400643,0.001387429190799594,0.0014379689237102866,0.0014819114934653045,9.99542154868515e-05,text,113402,134097.0,0.0,0.0,6.414985113456014e-05,0.0004575022175848975,0.00011559111645944662,0.9986102100968207,0.0001459387953502878,0.9986102100968207,0.9984344244003296,0.9985439777374268,0.9986261129379272,0.9986986517906189,0.99876868724823,0.00014573597108617377,0.12051825020774681,1.1815597736819292e-09,,,-0.20807386934757233,,-0.08576920628547668,0.01513749361038208,,0.10038000345230103,0.18086761236190796,,,0.1587548079735147,0.0,0.0,-0.017845598980784416,0.0018880843190732994,-0.0018880843190732994,-0.004041846841573715,-0.002662557875737548,-0.0014868102734908462,-0.0006752516492269933,-0.0002463932614773512,0.0016189091669149022,0.0036384552150771606,3.553885264159695e-11,-0.0062817661091685295,-0.002589378971606493,0.0004570020828396082,0.00303047988563776,0.005460407119244337,0.004792819827073133,0.009094455883623362,-0.009023151346338578,-0.012985429726541042,-0.01175125315785408,-0.00968304555863142,-0.0069217984564602375,-0.004111330024898052,0.003533690480973308,-0.015666376799345016,0.030190076678991318,-0.014396500773727894,43,0.6317129436969884,0.6267600361538842,,,0.2855784296989441,,0.48079729080200195,0.6725971698760986,,0.8162575960159302,0.9019851684570312,,,0.24545481821193416
0.05211145058274269,Toys,0.021970274615735683,0.534042651035448,0.0219532758998641,0.014792718924582005,0.019001569598913193,0.02274390123784542,0.025669002905488014,0.02784815989434719,0.0054827058968129165,0.13327092369999527,0.0,1.0,10,0.05932324876822633,0.05932324876822633,,,0.0529695600271225,,0.056729353964328766,0.060047417879104614,,0.06262468546628952,0.06453555077314377,,,0.004871225426157698,0.0030394551088771572,0.0030394551088771572,0.0027133340016007425,0.002927821478806436,0.0030970878433436155,0.0032168778125196695,0.0032933318056166173,0.0002647058081913326,visual,113402,134097.0,0.0,0.0,0.00014047733586648603,0.0010018525615051919,0.0002535464268248675,1.0030962362530955,0.0002538203525874448,1.0030962362530955,1.002764105796814,1.0029606819152832,1.00313401222229,1.003268837928772,1.0033687353134155,0.00025460624036515334,0.1316425355195857,-2.1319026749478146e-10,,,-0.23074962198734283,,-0.0824621319770813,0.024176478385925293,,0.1078794002532959,0.19022119045257568,,,0.17915794178189995,0.0,0.0,0.041139550507068634,0.0050750787631967135,0.0050750787631967135,0.0006484790937975049,0.00174688920378685,0.003794154617935419,0.006932373624294996,0.011082032695412636,0.00468494622270592,0.0037833088767486593,5.838949248503224e-12,-0.0054668160155415535,-0.0031003740150481462,-0.0006948140799067914,0.002369900466874242,0.00663157319650054,0.005148866426472363,0.017569417407036086,0.01687819713102367,0.004166258964687586,0.012441253289580345,0.019269531592726707,0.0234830342233181,0.025773484259843826,0.008776652289062466,0.03855196759104729,-0.028739258646965027,0.029298441484570503,43,0.599670716748131,0.5760783261142078,,,0.14220070838928223,,0.4246387481689453,0.6576981544494629,,0.8015113472938538,0.8796879053115845,,,0.29956038088846465
,Toys,,,,,,,,,,,,,,,,0.08726736914699718,-0.0964893123371182,,0.07981735095381737,,,0.08776481077075005,,,0.09382691606879234,-0.0867937923791284,,,,,,,,,,text_vs_visual,113402,,,,,,,,,,,,,,,,,,0.16986371113472729,0.11542025504711098,,0.02107548713684082,,,0.13105040788650513,,,0.37434476613998413,0.11245596852129297,,,,,,,,,,,,,,,,,,,,,,,,,,,,,,,,43,,,0.27357111222160735,0.14107453219691837,,0.0348016619682312,,,0.2084248661994934,,,0.6080869734287262,0.15749625271480067,
0.05013098940253258,Toys,0.013102522378117511,1.0357334839419243,0.011348517711708708,-0.002463646698743105,0.005443701520562172,0.013115400448441505,0.018672630190849304,0.022122809663414955,0.009646139166769548,0.7625119070563492,0.0,1.0,10,0.023476044210821376,0.023350018452884244,,,0.010084105655550957,,0.017772598192095757,0.025118671357631683,,0.03037176840007305,0.03360474109649658,,,0.009263541220147782,0.001224299684930687,0.001224299684930687,0.0008343228488229215,0.0010556166525930166,0.0012674171011894941,0.001435855869203806,0.0015552472323179245,0.00028831591898345295,text,113402,134097.0,0.0,0.0,6.969506453351261e-05,0.000497049424353636,0.00011515039566797806,1.0011713526835129,0.0004643066927163729,1.0011713526835129,1.0005056858062744,1.0008913278579712,1.0012600421905518,1.001523733139038,1.0016860961914062,0.0004648505596073236,0.1627352265744736,-3.3576296838309044e-10,,,-0.2808263301849365,,-0.11530417203903198,0.015245199203491211,,0.1297512650489807,0.2526802718639374,,,0.21671386873221332,0.0,0.0,0.012650476768612862,0.00048505806893918077,0.00048505806893918077,5.711589983548038e-05,0.0001620565599296242,0.0003685504198074341,0.0006935547571629286,0.001075870473869145,0.0004265794197275333,0.0024285545847809076,-5.36294940035419e-12,-0.0041908691637218,-0.001720724394544959,0.0002275094302603975,0.0019363233586773276,0.003770835930481553,0.003234096701882218,0.01158451644850813,0.010863459648372145,0.0006304107955656946,0.006538780871778727,0.012256540358066559,0.016345258802175522,0.01888461969792843,0.007024631228781096,0.002980658086016774,0.014923349022865295,0.02144845947623253,44,0.540109487189243,0.5064913711156316,,,0.02939189039170742,,0.3048601746559143,0.5714415311813354,,0.762071430683136,0.8804650902748108,,,0.3275121571274365
0.05075022950768471,Toys,0.0068872653343352635,0.41365857888250007,0.006876969682447733,0.002533986698836088,0.003957116510719061,0.0053757536225020885,0.007877590134739876,0.013540321961045265,0.0052320475634177,0.31424393495330644,0.0,1.0,10,0.022960594470653982,0.022960594470653982,,,0.01882253959774971,,0.020190689712762833,0.021550729870796204,,0.02394004538655281,0.02930523455142975,,,0.004936708230032891,0.0011396851943987847,0.0011396851943987847,0.0010203806217759849,0.001083811977878213,0.001137100625783205,0.0011851590243168175,0.0012568635400384666,0.0001108670570324539,visual,113402,134097.0,0.0,0.0,5.483281710367177e-05,0.00039105523984360436,9.637763263151468e-05,1.0011659661364662,0.00025061021488287393,1.0011659661364662,1.0009557008743286,1.0010251998901367,1.0010943412780762,1.0012156963348389,1.0014883279800415,0.0002509024179071305,0.13894569166270088,9.57914896590443e-11,,,-0.24478891491889954,,-0.0868973433971405,0.023290812969207764,,0.11282360553741455,0.20393109321594238,,,0.1899249065679299,0.0,0.0,0.01664963737130165,0.0026338586703909517,0.0026338586703909517,0.000317073572659865,0.0008701978949829936,0.0019558174535632133,0.0036282765213400126,0.005841366946697235,0.0024544629352281203,0.004232331581507052,-3.3344320330657993e-12,-0.006211808416992426,-0.0034366443287581205,-0.0007094458560459316,0.002646921668201685,0.007456351071596146,0.0057851752771201585,0.004427994999574234,0.004243111016320459,0.0008635040721856058,0.002954539144411683,0.004824487026780844,0.0060363952070474625,0.0067057074047625065,0.002324173040462657,0.018956029787659645,-0.030460329726338387,0.007570754736661911,44,0.5848815811177713,0.5604607684562029,,,0.11405786126852036,,0.3902568817138672,0.6372531056404114,,0.7973306775093079,0.8857383131980896,,,0.30699357217292605
,Toys,,,,,,,,,,,,,,,,0.008685572463451929,-0.10031665770073311,,0.0014855898916721344,,,0.0075922440737485886,,,0.016742980107665062,-0.06047528413112798,,,,,,,,,,text_vs_visual,113402,,,,,,,,,,,,,,,,,,0.2037785695851132,0.12327122991438952,,0.025259286165237427,,,0.15663233399391174,,,0.4493934065103531,0.11628100669415418,,,,,,,,,,,,,,,,,,,,,,,,,,,,,,,,44,,,0.326008590323539,0.1338773085562627,,0.0433945432305336,,,0.25893616676330566,,,0.7133413851261139,0.1441697439650512,
0.052998222410678864,Grocery,0.04548882673323349,1.2531109095176864,0.0033298719665456394,-0.0859317034482956,-0.019272175151854753,0.02679646573960781,0.04357963800430298,0.0508812740445137,0.05713636002022282,1.573973241634803,nan,nan,0,0.036933971085556135,-0.02927896065056962,,,-0.10891898721456528,,-0.05264714173972607,-0.009414773434400558,,0.0072263197507709265,0.01437101699411869,,,0.04962187124470821,0.0017126232631407665,0.0017126232631407665,0.00039876909577287736,0.0006986448279349133,0.0013838055892847478,0.0024170944234356284,0.0035148118156939747,0.0013181860857408758,text,142262,159336.0,0.0,0.0,0.00011561183431108861,0.0012760220483947313,0.00019579875541590755,0.9984529191305931,0.002625202716706603,0.9984529191305931,0.9942440986633301,0.997213676571846,0.9995011687278748,1.0003830194473267,1.0007619857788086,0.0026211413158078963,0.25503926091517787,3.335850270072565e-10,,,-0.4678017497062683,,-0.17528526112437248,0.051746025681495667,,0.21486106514930725,0.37203866243362427,,,0.332989712965427,0.0,0.0,-0.036300718784332275,0.018351780191418993,-0.018351780191418993,-0.03949704393744469,-0.026044652797281742,-0.014449606649577618,-0.006616306258365512,-0.0025428556837141514,0.015405643358704429,0.020632575127862776,2.7111983909244527e-11,-0.03784497454762459,-0.014180507976561785,0.004186233039945364,0.017382175661623478,0.030097780749201775,0.026938735804760673,0.02862645348447344,0.021681652132667963,-0.015251846984028816,0.00602582807186991,0.02723960392177105,0.04163742996752262,0.048587169498205185,0.024180285397646956,-0.07195668667554855,0.08089960366487503,0.05387178808450699,42,0.5313811644949075,0.40246765331543205,,,-0.2831138074398041,,0.11185498535633087,0.5056376457214355,,0.7728985846042633,0.9019038081169128,,,0.44884876221185366
0.05289717763662338,Grocery,0.03878730336321441,1.9442683359805355,0.01675218269535634,-0.04550452530384064,-0.009537935722619295,0.0262583140283823,0.04982894938439131,0.06186070665717125,0.04167676522129218,2.089106690585307,nan,nan,0,0.04591466326184065,0.03436489361036461,,,-0.024918178096413612,,0.010304342256858945,0.04416700825095177,,0.06522706709802151,0.07562348991632462,,,0.038885840645898784,0.0024171422700961912,0.0024171422700961912,0.0012463584425859155,0.0018534263363108039,0.0024513136595487595,0.003057674737647176,0.0035565704572945835,0.0008832193830401192,visual,142262,159336.0,0.0,0.0,0.00012336956700561213,0.0013616450992074043,0.0002062968326592487,1.001821577256534,0.002055182549085162,1.001821577256534,0.9986827373504639,1.0005452632904053,1.0023390054702759,1.0034562349319458,1.0040082931518555,0.0020589262228766564,0.23520005338187353,-1.245241822889518e-09,,,-0.41489338874816895,,-0.1804681122303009,0.03714907169342041,,0.20229100435972214,0.3479465842247009,,,0.29978723192775797,0.0,0.0,0.01994956284761429,0.003595883861806825,-0.003595883861806825,-0.007592794485390186,-0.005135482759214938,-0.0029631974175572395,-0.001376833242829889,-0.0005321481730788946,0.002841928369126359,0.014313414961428867,-7.52081916572104e-11,-0.025248894467949867,-0.010982629610225558,0.002260756678879261,0.01231069047935307,0.021174756810069084,0.01824395440749847,0.027048953812309172,0.020348066623054568,-0.014767363667488098,0.0034444552147760987,0.02366497553884983,0.03963438235223293,0.04999545216560364,0.02407606345680492,-0.01528861839324236,0.06085634231567383,0.058200985193252563,42,0.46475078936461106,0.34961721952178426,,,-0.2537304759025574,,0.05918207671493292,0.40660780668258667,,0.680991604924202,0.8590138554573059,,,0.4136710637970924
,Grocery,,,,,,,,,,,,,,,,0.07024256120528838,0.16499066983264826,,0.014884926844388247,,,0.06062879599630833,,,0.14207834377884865,0.17899628638607878,,,,,,,,,,text_vs_visual,142262,,,,,,,,,,,,,,,,,,0.3193697346468741,0.14312321089835925,,0.04166167974472046,,,0.25327491760253906,,,0.6969850659370422,0.12915018625100264,,,,,,,,,,,,,,,,,,,,,,,,,,,,,,,,42,,,0.43175375625269463,0.201544301993038,,0.058667004108428955,,,0.35536520183086395,,,0.9307698011398315,0.21504845452020757,
0.05187356472015381,Grocery,0.034196910199503744,48.9636875066074,0.0038553241983612665,-0.06274636089801788,-0.00943580805324018,0.02258240059018135,0.03279575705528259,0.036792024970054626,0.043158187804202046,61.79458929675727,nan,nan,0,0.03274791225713778,0.005117891084678976,,,-0.05842292308807373,,-0.008661713218316436,0.02275114879012108,,0.03240866772830486,0.03613569214940071,,,0.039850810201065345,0.0015907295185634263,0.0015907295185634263,0.0008766958490014076,0.0012229325366206467,0.0015592635609209538,0.0018501720041967928,0.0023332041921094063,0.0006422561423050466,text,142262,159336.0,0.0,0.0,9.274992253043344e-05,0.0010236923135159095,0.00014615200575305158,1.0002676534033628,0.002063710197353233,1.0002676534033628,0.996973991394043,0.9995507746934891,1.00118088722229,1.0016825199127197,1.0018762350082397,0.0020642625564131728,0.2467951241513421,7.053232359243625e-10,,,-0.4583241939544678,,-0.15404369682073593,0.05536460876464844,,0.2054576426744461,0.35336679220199585,,,0.32823903399611987,0.0,0.0,0.0006984136998653412,0.013754932126562574,-0.013754932126562574,-0.030066898092627525,-0.019114133901894093,-0.010535068809986115,-0.004889863543212414,-0.0018635856686159968,0.012061407913646561,0.015558664146171288,4.1571448368579254e-11,-0.028894055634737015,-0.009711351245641708,0.003490341827273369,0.012952632503584027,0.022277243435382843,0.020693119072316177,0.021945148737488623,0.017610256277811227,-0.008902056142687798,0.007409940706565976,0.022763051092624664,0.03127072472125292,0.0350353829562664,0.01699626030054361,-0.055734213441610336,0.06304283440113068,0.03815415874123573,43,0.5751705569813353,0.4615553548098723,,,-0.23331812024116516,,0.19421056658029556,0.5966073274612427,,0.8195888698101044,0.9182586073875427,,,0.44546285016728326
0.051755890250205994,Grocery,0.027198389165478648,0.8647103074659638,0.008838807861436834,-0.037305332720279694,-0.006439024698920548,0.01960677094757557,0.03186720423400402,0.037426311522722244,0.030477503838170966,0.9689622261949907,nan,nan,0,0.04364263583132621,0.03809430456651233,,,-0.0058175320737063885,,0.024404268711805344,0.04858000576496124,,0.059550187550485134,0.06444133818149567,,,0.02870249759560384,0.0022515562982521084,0.0022515562982521084,0.0012745777610689401,0.0017902874969877303,0.0023321041371673346,0.002807191456668079,0.0031291120452806354,0.0007178939512458972,visual,142262,159336.0,0.0,0.0,9.925503464157413e-05,0.0010954900367382543,0.00017531745872499785,1.0019746541707106,0.001484038348977238,1.0019746541707106,0.9996989369392395,1.0012638568878174,1.0025174617767334,1.003086805343628,1.0033408403396606,0.0014869688114940245,0.2324566077999789,-2.0662684454087126e-09,,,-0.4155791103839874,,-0.16529423743486404,0.04966020584106445,,0.19972966611385345,0.32682564854621887,,,0.3009599640171607,0.0,0.0,0.03145375847816467,0.0074020965170417475,-0.0074020965170417475,-0.015553690493106842,-0.01022756565362215,-0.005989821162074804,-0.002872408425901085,-0.0011099306866526604,0.006086982098496349,0.00875091408919076,-7.705910658666605e-11,-0.015644628554582596,-0.006222562049515545,0.0018694766331464052,0.007518896367400885,0.012303471565246582,0.011329748007832026,0.020665102083101735,0.016240904459850724,-0.009412195533514023,0.004347661160863936,0.019771749153733253,0.030638763681054115,0.035962317138910294,0.017244278448535343,-0.0318429172039032,0.0376453660428524,0.040342193096876144,43,0.512245381370342,0.4025786210004964,,,-0.23330897092819214,,0.10776958242058754,0.4901009798049927,,0.7594719380140305,0.8914319276809692,,,0.4274501986745178
,Grocery,,,,,,,,,,,,,,,,0.04297036090655475,0.16202842141405358,,0.008803562261164188,,,0.031540971249341965,,,0.09543406404554844,0.18004171757092183,,,,,,,,,,text_vs_visual,142262,,,,,,,,,,,,,,,,,,0.3115875257845552,0.15031657140655902,,0.03991687297821045,,,0.2397407740354538,,,0.6938164234161377,0.1358290998501508,,,,,,,,,,,,,,,,,,,,,,,,,,,,,,,,43,,,0.4320438344183363,0.18820970536418097,,0.05134114623069763,,,0.340325266122818,,,0.9568172991275787,0.2015355486031995,
0.05334724113345146,Grocery,0.05610657021848127,13.476145792333229,0.010158405717789525,-0.09681595861911774,-0.015025977278128266,0.039861686527729034,0.05700701382011175,0.06295006722211838,0.06718185294702701,16.136299926866826,nan,nan,0,0.05364794664778413,0.014730604712970958,,,-0.0847959965467453,,-0.010745850158855319,0.04216860979795456,,0.057644288055598736,0.06289252638816833,,,0.06029752981436618,0.002741380828171179,0.002741380828171179,0.0015382106532342732,0.0021642991923727095,0.0027735077310353518,0.0032400600612163544,0.0038203673437237746,0.001001485736294822,text,142262,159336.0,0.0,0.0,0.00015582910544813106,0.0017199050211278537,0.0002487135138474516,1.000791315677552,0.003209225275358165,1.000791315677552,0.9954865574836731,0.9994269162416458,1.0022521018981934,1.003079891204834,1.0033607482910156,0.003211764785634562,0.26262795922494275,1.3095025699085783e-09,,,-0.4970063865184784,,-0.1699458211660385,0.0612868070602417,,0.21743175387382507,0.3758777379989624,,,0.3460606909830616,0.0,0.0,0.004163398873060942,0.018936295363968313,-0.018936295363968313,-0.04149266332387924,-0.02672672038897872,-0.014583930373191833,-0.006701283738948405,-0.0025191071908921003,0.01624874764478966,0.023101637080364765,1.1588767599390117e-10,-0.04371834918856621,-0.014949005329981446,0.005390993319451809,0.01912602735683322,0.03306346759200096,0.03044066029426587,0.037485411157390645,0.029094700952869947,-0.01836479641497135,0.011356032686308026,0.03870218247175217,0.053473202511668205,0.05922983959317207,0.02988169262964734,-0.0721031203866005,0.08796335756778717,0.06318582594394684,44,0.5932566457228841,0.4604624615798492,,,-0.2906474173069,,0.17972437292337418,0.6125136613845825,,0.8462847918272018,0.9373912215232849,,,0.4729176549213263
0.053330063819885254,Grocery,0.04286018889009243,1.0352728600835215,0.00889219941414887,-0.06935897469520569,-0.01621748972684145,0.027698805555701256,0.04608958214521408,0.05507253110408783,0.05007680908955434,1.2095877949334817,nan,nan,0,0.06000283610471334,0.04652262194831482,,,-0.027198629453778267,,0.02456383081153035,0.06463266909122467,,0.08045087195932865,0.0879843682050705,,,0.04611989635255001,0.0031680065673276112,0.0031680065673276112,0.0018046689569018782,0.002505681070033461,0.003262024139985442,0.003949259640648961,0.0044765926897525786,0.001034605982846795,visual,142262,159336.0,0.0,0.0,0.00015094319168230095,0.001665978589384035,0.00025546692142856955,1.002487163793345,0.0024556016236475125,1.002487163793345,0.998550534248352,1.0013108849525452,1.0034527778625488,1.0042996406555176,1.0047032833099365,0.0024617091070991835,0.24077775836817877,2.5885212188214096e-09,,,-0.43906480073928833,,-0.17679724842309952,0.04829227924346924,,0.20677970349788666,0.34483569860458374,,,0.30839368295900443,0.0,0.0,0.04139989614486694,0.014747819175369447,-0.014747819175369447,-0.03117540292441845,-0.020855512470006943,-0.012046056799590588,-0.00568119587842375,-0.0021780848037451506,0.011802931995145033,0.015306249333613655,1.6170545735143697e-10,-0.027911363169550896,-0.0112390061840415,0.0030699416529387236,0.013144992059096694,0.02192121557891369,0.01960459569343415,0.03097184036524473,0.023640018437519707,-0.016029229387640953,0.004865785245783627,0.02886943519115448,0.045709080062806606,0.05444755032658577,0.026588923076306035,-0.061250753700733185,0.06357003003358841,0.06138068810105324,44,0.5045860729888375,0.3851377227743298,,,-0.2611445188522339,,0.07927224785089493,0.47033417224884033,,0.7446817606687546,0.8870469331741333,,,0.4331805963718787
,Grocery,,,,,,,,,,,,,,,,0.057149227977718126,0.14249333800180075,,0.00880562886595726,,,0.03762214258313179,,,0.13580000400543213,0.16716978818609768,,,,,,,,,,text_vs_visual,142262,,,,,,,,,,,,,,,,,,0.331926036730593,0.12140909871373394,,0.04276365041732788,,,0.2567204236984253,,,0.7358340620994568,0.11034039351686348,,,,,,,,,,,,,,,,,,,,,,,,,,,,,,,,44,,,0.45605883790356505,0.17992026797051028,,0.0557098388671875,,,0.3645972013473511,,,1.0099728107452393,0.19200781570796946,
0.05587709695100784,ele-fashion,0.058833676208773264,1.1756608375063713,0.03767269807501927,-0.036521529033779886,0.029950235038995743,0.0601012147963047,0.06999710202217102,0.07347156628966332,0.05287338589003652,1.056557623846195,0.0,1.0,3,0.03049262385895996,-0.010194896395896496,,,-0.07966815605759603,,-0.01969706453382969,0.009957986883819103,,0.01956365816295147,0.02289216779172421,,,0.04631954654844245,0.001711506998121402,0.001711506998121402,0.0004618297971319407,0.0008058615203481168,0.0011453277547843754,0.0019807297503575683,0.004028907045722008,0.001598310317548413,text,399172,496938.0,0.0,0.0,0.0001522200808161269,0.0009934523306817551,0.0002815312658245492,0.9994338426589321,0.0025815561687711876,0.9994338426589321,0.9955582559108734,0.9988999962806702,1.0005565881729126,1.0010937452316284,1.0012799501419067,0.0025800946017974402,0.13351759038109426,-7.61082971187901e-10,,,-0.23652383685112,,-0.048101186752319336,0.017508655786514282,,0.09405595064163208,0.20668486952781678,,,0.2081648975246926,0.0,0.0,-0.05004306882619858,0.010722874540720892,-0.010722874540720892,-0.02691552322357893,-0.014465367421507835,-0.006101399660110474,-0.0021330255549401045,-0.0007061289332341399,0.012825998119707926,0.011874748367687971,-6.655143261474722e-11,-0.02103588730096817,-0.004278009291738272,0.0015571796684525907,0.008365120738744736,0.018382078595459463,0.01851370871799235,0.05276402353207085,0.048395572681151786,0.0011149215279147111,0.03729523345828056,0.06084988825023174,0.06953449547290802,0.07286636456847191,0.02963476522710596,-0.08031057566404343,0.08893770724534988,0.07578683644533157,42,0.696216203272576,0.6385749154660509,,,0.014711281657219043,,0.49210700392723083,0.8029084205627441,,0.9175009727478027,0.9614646911621094,,,0.39102786992647437
0.05368625372648239,ele-fashion,0.04940155689945772,0.9489831504831809,-0.0492738597214114,-0.05914018154144287,-0.05824238061904907,-0.05573611333966255,-0.045542776584625244,-0.027004299312829962,0.014056704968026058,0.27002339608686254,0.0,1.0,3,0.0918564210005474,-0.0918564210005474,,,-0.10006999671459198,,-0.09934230893850327,-0.09730466455221176,,-0.08892139792442322,-0.07326889410614966,,,0.011873363065894723,0.004993818289865194,0.004993818289865194,0.004246727330610156,0.004906177171505988,0.005235488526523113,0.005326096783392131,0.0053593977354466915,0.0005662231369288528,visual,399172,496938.0,0.0,0.0,0.00029704309393912545,0.0019386282834996343,0.0005183731532373234,0.9950809145631244,0.0006378226589809241,0.9950809145631244,0.9946420192718506,0.9946808815002441,0.994789719581604,0.9952375292778015,0.9960741996765137,0.0006346851548284596,0.08186843608684957,-5.447205348748916e-09,,,-0.12083314061164856,,-0.014179766178131104,0.005940526723861694,,0.03871673345565796,0.13642973303794867,,,0.1522716110039169,0.0,0.0,-0.052057359367609024,0.00307159932305067,-0.00307159932305067,-0.008803527615964412,-0.0037371318321675062,-0.001014434965327382,-0.00030938180861994624,-0.00010134867625311017,0.004817059847137833,0.0012479587992920245,-8.28716435336176e-11,-0.0018419160041958091,-0.00021614879369735718,9.055422196979634e-05,0.0005901772528886795,0.002079662145115436,0.0023211472692217447,0.0475613208183067,-0.046202260303809965,-0.0586552020162344,-0.057683080434799194,-0.05452772229909897,-0.04261605441570282,-0.02017567716538902,0.018518923974269436,-0.03751872479915619,0.015243466943502426,-0.05947364121675491,42,0.7997042024736247,0.776852725977478,,,0.3392372965812685,,0.7165536284446716,0.9168384671211243,,0.969893217086792,0.9862386465072632,,,0.31138036267609753
,ele-fashion,,,,,,,,,,,,,,,,0.08847618737195455,0.10431893591292124,,0.035942341387271884,,,0.09812055015936494,,,0.12011645678430798,0.0793020976782109,,,,,,,,,,text_vs_visual,399172,,,,,,,,,,,,,,,,,,0.1759133975122342,0.06881839460842017,,0.01682882308959962,,,0.12175780534744263,,,0.40856029689312007,0.08758929107250907,,,,,,,,,,,,,,,,,,,,,,,,,,,,,,,,42,,,0.3985091518511687,-0.14375864625304072,,0.033982169628143336,,,0.2678210735321045,,,0.9882760494947433,-0.15252616747680275,
0.05599462613463402,ele-fashion,0.06255624782811353,1.2226635064111786,0.037094097372469645,-0.04923859238624573,0.024633117020130157,0.06156219728291035,0.07518021762371063,0.08040288835763931,0.05889071824176934,1.1510206343960931,0.0,1.0,3,0.035312760245397964,-0.011458970992353658,,,-0.09124162048101425,,-0.025845104828476906,0.010291274171322584,,0.02345305122435093,0.02840834688395262,,,0.05142851153025466,0.001959075489666477,0.001959075489666477,0.0005509870825335383,0.0009740117384353653,0.0014190098154358566,0.0021841757697984576,0.0043563093058764935,0.0017352719272148759,text,399172,496938.0,0.0,0.0,0.0001793748912220547,0.0011706760553201413,0.0003162351096749524,0.9993627016370867,0.0028724719793395644,0.9993627016370867,0.9949039816856384,0.9985538721084595,1.0005764365196228,1.0013141632080078,1.0015920281410218,0.0028706413576524894,0.15666518015657377,9.26362327419702e-10,,,-0.28912124037742615,,-0.07402592897415161,0.028114229440689087,,0.11960494518280029,0.22980202436447153,,,0.22744574116317784,0.0,0.0,-0.05116391181945801,0.013036451473815873,-0.013036451473815873,-0.030780013091862193,-0.017727557569742203,-0.008629411924630404,-0.0034533676225692034,-0.0011574654607102218,0.013720572658769635,0.013690230932530835,8.172881486480166e-11,-0.025264941155910492,-0.006468776613473892,0.0024567698128521442,0.01045171171426773,0.020081315189599998,0.019875410204363425,0.056008981693570145,0.05013054876783836,-0.002428188035264574,0.03667648881673813,0.06267887353897095,0.07484903186559677,0.07991770282387733,0.033773763099698914,-0.08321218192577362,0.08738528192043304,0.08457034081220627,43,0.6622768828451514,0.5927674914298997,,,-0.028712051548063316,,0.4336802661418915,0.7411448955535889,,0.8850505948066711,0.9449849665164948,,,0.399357065034753
0.055050328373909,ele-fashion,0.0665996303402019,1.0351325689772157,-0.061621406788823614,-0.08331307917833328,-0.08213919401168823,-0.07866685092449188,-0.05623455345630646,-0.001987373223528246,0.03497086773511109,0.5435388150519009,0.0,1.0,3,0.11096852441674641,-0.1109618060750948,,,-0.1286559596657753,,-0.1277637779712677,-0.12511402368545532,,-0.10760004073381424,-0.06220102086663244,,,0.029241925056745582,0.006260978941508692,0.006260978941508692,0.0044049948919564486,0.006074935779906809,0.006882014684379101,0.007014432339929044,0.007055188994854689,0.0012972617199528767,visual,399172,496938.0,0.0,0.0,0.00039013260980872864,0.002546169653907945,0.0006681894023858344,0.9939114240349541,0.0016121736978464032,0.9939114240349541,0.9929424524307251,0.9929912090301514,0.9931361079216003,0.9940940737724304,0.9965816676616669,0.0016023578558198286,0.13141013449819472,-6.517148867338932e-10,,,-0.2409557536244392,,-0.014148950576782227,0.005663752555847168,,0.051775991916656494,0.2364752590656282,,,0.23838639303462253,0.0,0.0,-0.06433922797441483,0.0037306347847613896,-0.0037306347847613896,-0.011885034199804067,-0.0050263796001672745,-0.0009471415542066097,-0.00021883653244003654,-6.69275068503338e-05,0.005646495575215683,0.0013164223515040841,6.567717710357e-12,-0.002368929330259561,-0.000518674380145967,-5.673756095347926e-05,0.00014173940871842206,0.0024138134205713892,0.0023880743847135913,0.06468865615167553,-0.05789077200357907,-0.08231249451637268,-0.08107936382293701,-0.07635041326284409,-0.05060816928744316,0.002586184535175562,0.03678513606309851,-0.02838924713432789,-0.010017662309110165,-0.0832303911447525,43,0.7772239835525693,0.6955484794986107,,,-0.031072597950696945,,0.6080491542816162,0.9173381626605988,,0.9741557240486145,0.9889716506004333,,,0.4419675981706823
,ele-fashion,,,,,,,,,,,,,,,,0.1065049551303716,-0.014664162352425078,,0.032822173088789,,,0.12041421723552048,,,0.15477918405085803,-0.10442248852983128,,,,,,,,,,text_vs_visual,399172,,,,,,,,,,,,,,,,,,0.22233865962219135,0.08868083365154916,,0.01919601559638979,,,0.14912182092666626,,,0.5375172689557077,0.10524421509246948,,,,,,,,,,,,,,,,,,,,,,,,,,,,,,,,43,,,0.437698959621384,-0.02226663411933416,,0.03609848022460938,,,0.283311165869236,,,1.1203132390975963,0.07262210645121124,
0.05586901307106018,ele-fashion,0.06089319336979407,1.1849036887310667,0.03989885523148079,-0.02983419951051473,0.0348694883286953,0.06203438155353069,0.07122399657964706,0.07477283999323844,0.05417943043351324,1.0542624457902552,0.0,1.0,3,0.02987289388184069,-0.009245673524892877,,,-0.0751231551170349,,-0.016252830624580383,0.010531452018767595,,0.019447453320026398,0.022847776859998704,,,0.046956297056477345,0.0016779365618610825,0.0016779365618610825,0.00045849500747863203,0.0007849761605029926,0.0011068758321925998,0.001748596056131646,0.003981251269578934,0.001672963038530483,text,399172,496938.0,0.0,0.0,0.00015230173212463574,0.0009939852214955454,0.0002854872280268396,0.9994870192919101,0.002615876733540747,0.9994870192919101,0.9958117663860321,0.9990924000740051,1.0005885362625122,1.0010870695114136,1.0012773275375366,0.002614534839244315,0.1351286725995232,-1.757621364061303e-09,,,-0.2312256619334221,,-0.04942202568054199,0.02281692624092102,,0.09665679931640625,0.19904526770114908,,,0.21088989040500075,0.0,0.0,-0.051390837877988815,0.011040553826124587,-0.011040553826124587,-0.02684102952480316,-0.014303198084235191,-0.006493943277746439,-0.0025282332208007574,-0.0008792770677246153,0.013228680317956973,0.01227551005135892,-1.6361291159866667e-10,-0.021005260944366454,-0.004489650949835777,0.0020727607188746333,0.008780605159699917,0.018081893026828774,0.019157895358958205,0.055440059545369264,0.05093940922786573,0.007275713607668877,0.04339240863919258,0.06252428889274597,0.07047496736049652,0.07390553653240205,0.029378095038030346,-0.08170400559902191,0.09084311872720718,0.07731293141841888,44,0.7170865019282368,0.6588730796941189,,,0.09410732984542847,,0.5612568259239197,0.8087170720100403,,0.911554753780365,0.9559272050857545,,,0.3799894080029368
0.05398641526699066,ele-fashion,0.061762379079385615,1.0498303279322925,-0.06164444428228385,-0.06632501557469368,-0.06538894772529602,-0.0639280453324318,-0.06165945902466774,-0.056863740459084496,0.009050023569335156,0.15383133475765412,0.0,1.0,3,0.10746085423506738,-0.10746085423506738,,,-0.11123422533273697,,-0.1104942038655281,-0.10933680459856987,,-0.1075335368514061,-0.10369734242558479,,,0.007520298489166317,0.005768428942988817,0.005768428942988817,0.005520886974409223,0.00579264375846833,0.005896162241697311,0.005950888618826866,0.005984804127365351,0.0004572085195981799,visual,399172,496938.0,0.0,0.0,0.00034119138894122246,0.002226758642715764,0.000593202989339254,0.9942154514040947,0.00040642739608219065,0.9942154514040947,0.9940128326416016,0.9940525889396667,0.9941146969795227,0.9942114949226379,0.9944173693656921,0.0004040763970592524,0.032254632837018356,-6.404925024386509e-10,,,-0.03661316633224487,,-0.008968532085418701,0.00511622428894043,,0.018158137798309326,0.03873276710510254,,,0.07064469465658797,0.0,0.0,-0.05883082002401352,0.0013827612763771479,-0.0013827612763771479,-0.002920802892185747,-0.0013246675953269005,-0.0006322353729046881,-0.0002755439782049507,-9.817439131438702e-05,0.0026944540389171154,0.0003393486569880521,-6.6030412159571335e-12,-0.00038520447560586035,-9.435727406525984e-05,5.382742529036477e-05,0.0001910404535010457,0.0004075046454090625,0.000743247717934387,0.06068389720596278,-0.06026168300297633,-0.06561962515115738,-0.06483417749404907,-0.06340938061475754,-0.060622237622737885,-0.05442381761968135,0.011360032919877056,-0.042870160192251205,0.010520927608013153,-0.06657814234495163,44,0.911468765476926,0.9051271315888771,,,0.8174427330493927,,0.9105426669120789,0.9524053633213043,,0.9738057851791382,0.9856031537055969,,,0.17062706361763513
,ele-fashion,,,,,,,,,,,,,,,,0.10391699974315181,-0.08089456751159735,,0.04641593284904957,,,0.11832077149301767,,,0.1325644040480256,-0.2024009319146657,,,,,,,,,,text_vs_visual,399172,,,,,,,,,,,,,,,,,,0.14047811216416914,0.0694413464834949,,0.010701942443847659,,,0.08225187659263611,,,0.3464799702167512,0.12668781006789892,,,,,,,,,,,,,,,,,,,,,,,,,,,,,,,,44,,,0.2945774297703388,0.10536916494959252,,0.018692684173583985,,,0.14506769180297852,,,0.8311136493459345,0.2335565203717793,
0.05417954549193382,Reddit-S,0.06150309495618261,0.8117047203267883,-0.061499136894317526,-0.074034683406353,-0.07103877328336239,-0.06225977651774883,-0.05465646181255579,-0.04709793180227279,0.010634908148796404,0.1403572478876056,nan,nan,0,0.1206234299808728,-0.1206234299808728,,,-0.13028728663921357,,-0.12801524996757507,-0.12128859013319016,,-0.11537832953035831,-0.1094235360622406,,,0.008282968061109463,0.006415211227202721,0.006415211227202721,0.005780415190383792,0.006172845838591456,0.006499460432678461,0.006811965373344719,0.006994893960654736,0.0005509248222396983,text,283080,298974.0,0.0,0.0,0.00010828803785163126,0.0020369515963370383,0.0003502390322114899,0.9934860861131292,0.0004488482601803646,0.9934860861131292,0.9929659366607666,0.9930881857872009,0.9934501647949219,0.9937683343887329,0.994089013338089,0.0004459245012657268,0.09733071841838561,4.764655240430693e-09,,,-0.16973096430301665,,-0.052157506346702576,0.01410830020904541,,0.0708964467048645,0.15259669423103334,,,0.14126445110944905,0.0,0.0,-0.07577028125524521,0.006244130164955926,-0.006244130164955926,-0.01469442006200552,-0.00875168340280652,-0.0040401502046734095,-0.0016557405178900808,-0.0005927596939727664,0.00656828356665723,0.0065298755694450416,3.197315119804883e-10,-0.011387176532298326,-0.003499224374536425,0.0009465197217650712,0.00475641165394336,0.01023764591664076,0.00947737058902748,0.055610540269805823,-0.055255007056181686,-0.07374444454908372,-0.06949561648070812,-0.059813687577843666,-0.046190787106752396,-0.030145292356610294,0.01828663791133846,-0.0641537457704544,0.06708956509828568,-0.0771888718008995,42,0.7204476367151383,0.715841620253356,,,0.3905393660068512,,0.5984125286340714,0.7749004065990448,,0.9003320932388306,0.9553766548633575,,,0.23690769782952828
0.05304180830717087,Reddit-S,0.05019486456719597,1.1436861764661708,0.0411179224759408,0.016217212565243257,0.044174361042678356,0.05290992185473442,0.05591090489178896,0.057094816118478775,0.03285954578170933,0.7487022546935747,nan,nan,0,0.016501110287452193,-0.0019593095855542746,,,-0.026926366426050653,,0.0002856099818018265,0.00894059706479311,,0.011879417346790433,0.013034017477184535,,,0.029438982839338657,0.0009124111492856838,0.0009124111492856838,0.0002784117328701541,0.00042641480831662193,0.0005888183659408242,0.0008898077066987753,0.002135622664354742,0.0009396725743143449,visual,283080,298974.0,0.0,0.0,2.977295604784082e-05,0.0005600440413595347,9.143654619028672e-05,0.9998972966426911,0.0015575914417963724,0.9998972966426911,0.9985727906227112,1.000015139579773,1.0004743337631226,1.000630259513855,1.000691533088684,0.001557431471927542,0.09944281668209594,3.059204497781365e-10,,,-0.13293523788452147,,-0.01905396580696106,0.017453432083129883,,0.044728487730026245,0.10153865218162539,,,0.1974922959566248,0.0,0.0,-0.04388866946101189,0.004961346633323041,-0.004961346633323041,-0.012749589141458273,-0.004418787779286504,-0.0018115075072273612,-0.0008902596891857684,-0.0003164639172609895,0.00851294009439189,0.005343647470091985,2.652389664567598e-11,-0.007143392041325568,-0.0010238816612400115,0.0009378755639772862,0.0024035247042775154,0.005456269113346935,0.010612422728052308,0.048458914300860044,0.046079269072433954,0.02909461501985789,0.046464732848107815,0.052884796634316444,0.05570788774639368,0.05691515989601612,0.018976921894999894,-0.049891453236341476,0.0537358820438385,0.057922568172216415,42,0.8366154304309037,0.7955322169856183,,,0.5023018717765809,,0.8021870255470276,0.9130257666110992,,0.9617648273706436,0.9826076626777649,,,0.3276256992766213
,Reddit-S,,,,,,,,,,,,,,,,0.11922657070325803,0.05430901181043992,,0.08952892869710923,,,0.12782205463736318,,,0.14017068967223167,0.01874273933039364,,,,,,,,,,text_vs_visual,283080,,,,,,,,,,,,,,,,,,0.1553173295492197,0.03335267396161263,,0.011966133117675783,,,0.0919002890586853,,,0.39199651479721087,0.044731847710461306,,,,,,,,,,,,,,,,,,,,,,,,,,,,,,,,42,,,0.27906843543767945,-0.02189424232063452,,0.024763387441635136,,,0.1814129650592804,,,0.6424717217683792,-0.016688995956583474,
0.052287373691797256,Reddit-S,0.025450857009815222,0.48895201945708266,0.008740489930601678,-0.03350078575313091,0.0026012465823441744,0.021171345375478268,0.027226447127759457,0.029683201387524605,0.029261796193845346,0.5621663088360628,nan,nan,0,0.04079873987363794,-0.04079873987363794,,,-0.07881020903587341,,-0.0471204686909914,-0.02995546441525221,,-0.024224031250923872,-0.021879238821566106,,,0.025495565108749223,0.0020085364953029163,0.0020085364953029163,0.0012176614487543701,0.0014214149268809706,0.0018236535834148526,0.0023565240553580225,0.0030353798996657134,0.000782814806237402,text,283080,298974.0,0.0,0.0,4.5195370986254246e-05,0.0008501473006984441,0.0001223231016648037,0.9978699007975241,0.0013314099349892828,0.9978699007975241,0.9958876848220826,0.997539222240448,0.9984349310398102,0.998734176158905,0.9988566637039185,0.0013285738997499252,0.17411168556555398,1.8421684228482852e-09,,,-0.32495082616806026,,-0.09521737694740295,0.027467012405395508,,0.14739707112312317,0.25126872062683125,,,0.24168080910804868,0.0,0.0,-0.0520518496632576,0.009042406454100663,-0.009042406454100663,-0.020456739515066148,-0.012548902304843068,-0.006718282820656896,-0.0024834212963469326,-0.0008275637170299887,0.008704995889786507,0.00979239531176492,1.0083831421417488e-10,-0.01827589590102434,-0.0053552191238850355,0.0015448006452061236,0.008289911085739732,0.014131864067167054,0.013592620245602432,0.019559743475145074,0.017782896276924202,0.0009405633958522257,0.01223734556697309,0.021301575005054474,0.026817761827260256,0.029178431443870067,0.011744814612614847,-0.05193451792001724,0.05624203383922577,0.03133216127753258,43,0.6242704836352663,0.5675604730388891,,,0.030019103363156406,,0.39056819677352905,0.679862916469574,,0.8559180051088333,0.9312613666057586,,,0.3748485305072604
0.05215759202837944,Reddit-S,0.04222389609688208,1.132048698044989,0.034469969601495315,0.017088852077722552,0.03754992689937353,0.04397701844573021,0.046287307515740395,0.04716368168592453,0.02827254451389242,0.7580043569151902,nan,nan,0,0.013136501830598685,-0.0021945710259590806,,,-0.01980945914983749,,0.00025120678765233606,0.006634057033807039,,0.008908574469387531,0.009768656082451343,,,0.025422917883534946,0.0007047060223151361,0.0007047060223151361,0.0002133526184479706,0.00032360286422772333,0.0004323969333199784,0.0006699449586449191,0.001667783758603037,0.0007842030518781293,visual,283080,298974.0,0.0,0.0,2.2569487470550156e-05,0.0004245432315860674,7.284896506458471e-05,0.9998864204879028,0.001322822409175687,0.9998864204879028,0.9989673376083374,1.0000131130218506,1.000346064567566,1.0004647970199585,1.0005096197128296,0.0013226721636531843,0.09318829021468322,3.878944705431115e-09,,,-0.11265683770179746,,-0.01470629870891571,0.018892645835876465,,0.04244564473628998,0.08267123699188239,,,0.19511222237883363,0.0,0.0,-0.03729865700006485,0.0040927931751513534,-0.0040927931751513534,-0.009603940602391956,-0.003244354738853872,-0.0015073770773597062,-0.0007901559874881059,-0.00028456826403271384,0.00752868709401892,0.004519162158909281,1.8588380328641776e-10,-0.00546328849159181,-0.0007131813181331381,0.0009161980415228754,0.0020583997829817235,0.004009137954562906,0.00946195889856659,0.04064746782080034,0.038562762579004754,0.027143538743257527,0.03934739250689745,0.043849123641848564,0.04605021979659796,0.046993520110845566,0.015744851564458713,-0.04391960799694061,0.04849495738744736,0.04749520495533943,43,0.8558225583729469,0.8119295960456093,,,0.5715006291866304,,0.8284497857093811,0.9232326447963715,,0.9695761650800705,0.9894371628761292,,,0.3315040239939992
,Reddit-S,,,,,,,,,,,,,,,,0.044388047391741944,0.1049099366456494,,0.021518664807081225,,,0.036151129053905606,,,0.08343678561504932,0.013706654868082006,,,,,,,,,,text_vs_visual,283080,,,,,,,,,,,,,,,,,,0.20832954708046467,0.07900863332803734,,0.019034987688064577,,,0.1421472430229187,,,0.49012017250061035,0.06700816526893218,,,,,,,,,,,,,,,,,,,,,,,,,,,,,,,,43,,,0.38138981525714555,0.12073565670746514,,0.033443862199783334,,,0.26330265402793884,,,0.9093174550682307,-0.003847614274857847,
0.05252455919981003,Reddit-S,0.03141490023951103,0.6040366177068631,0.011803947904433815,-0.040726761892437936,-0.00037311535561457276,0.02492555044591427,0.03676616586744785,0.04061282388865948,0.03469255642825074,0.6670584431195775,nan,nan,0,0.03763350091367584,-0.03763350091367584,,,-0.08486507013440132,,-0.04977414757013321,-0.026368586346507072,,-0.015013271942734718,-0.011267054546624421,,,0.030515122048000515,0.0019615773619410136,0.0019615773619410136,0.0007844951353035868,0.0011774377198889852,0.0018442407017573714,0.002580532804131508,0.003259434783831239,0.0009830304098239272,text,283080,298974.0,0.0,0.0,4.989370804457003e-05,0.0009385253465189653,0.0001325088432946488,0.9980265501883975,0.0016008925196677748,0.9980265501883975,0.9955524146556854,0.9973890483379364,0.998615950345993,0.9992117285728455,0.9994083642959595,0.0015977332386280414,0.17929819056348262,-8.438687923686626e-10,,,-0.3346997082233429,,-0.11293859407305717,0.034224122762680054,,0.14020179212093353,0.2569766640663147,,,0.24319521745658235,0.0,0.0,-0.05200827121734619,0.00974895376474307,-0.00974895376474307,-0.022460293024778366,-0.013587519293650985,-0.007137507665902376,-0.0031537674949504435,-0.0010959166102111337,0.008933721260555133,0.010683489600760878,-4.964884785776413e-11,-0.01994309462606907,-0.006729450426064432,0.0020392456790432334,0.008353929268196225,0.01531196478754282,0.014490796413634087,0.024623394327039277,0.02155290170806514,-0.004493067739531395,0.010449271416291595,0.026042867451906204,0.036227984353899956,0.03992835357785225,0.01738630566851334,-0.05437285080552101,0.05958503857254982,0.04342591390013695,44,0.5670207513150324,0.49631429189944987,,,-0.10346513092517846,,0.24062295258045197,0.5997079908847809,,0.8342480808496475,0.9194591820240021,,,0.40036706441798425
0.052363816648721695,Reddit-S,0.04326551877460934,1.2043901507774941,0.03698446655659607,0.01552397515624762,0.03866530768573284,0.0464758425951004,0.04916511755436659,0.049982454627752304,0.025914195196928932,0.7213781862433815,nan,nan,0,0.01520697984169305,0.0014806618443727914,,,-0.01999139096587896,,0.002734633337240666,0.010442470666021109,,0.01306888461112976,0.013864355999976397,,,0.023827655687018504,0.0008278031259648093,0.0008278031259648093,0.00030499403655994686,0.0004559442459139973,0.0006131037080194801,0.0007893185975262895,0.0017053013900294905,0.0007521486902970261,visual,283080,298974.0,0.0,0.0,2.5515529669333965e-05,0.00047995974368420923,7.796090617378432e-05,1.0000783137616016,0.001245189540883394,1.0000783137616016,0.9989537477493287,1.0001431703567505,1.000546932220459,1.0006846189498901,1.0007262229919434,0.0012452870563614928,0.08698997183259925,4.304527669989222e-09,,,-0.1237589299678802,,-0.015215560793876648,0.01588982343673706,,0.04739201068878174,0.10611231625080113,,,0.16421761245732794,0.0,0.0,-0.035923175513744354,0.0038768765754118423,-0.0038768765754118423,-0.010014403797686098,-0.004044857108965516,-0.0014970825868658721,-0.0007025929517112672,-0.00025688972964417174,0.006207483044612634,0.004134703283585992,2.019236617046992e-10,-0.005882361624389884,-0.0007232078205561265,0.0007552561000920832,0.002252580306958407,0.00504360366612673,0.007805395119705014,0.0423713534492262,0.04086134292339022,0.025907798483967782,0.04041144996881485,0.046529049053788185,0.04904486797749996,0.049878385663032536,0.015294279966203642,-0.044566936790943146,0.047530803829431534,0.05050116404891014,44,0.839017361892517,0.8091168525585203,,,0.5130138993263245,,0.8002083003520966,0.9213460683822632,,0.9711631238460541,0.9876680493354798,,,0.3028500480334513
,Reddit-S,,,,,,,,,,,,,,,,0.04458059413010921,0.07013473092682136,,0.015101930149830878,,,0.03548346273601055,,,0.09138567857444287,-0.0960178183061847,,,,,,,,,,text_vs_visual,283080,,,,,,,,,,,,,,,,,,0.20478640313231175,0.09845114580109232,,0.02216233015060425,,,0.14776797592639923,,,0.4743617266416551,0.07336667317806081,,,,,,,,,,,,,,,,,,,,,,,,,,,,,,,,44,,,0.44123342608828947,0.04195186013909889,,0.03878416419029236,,,0.3382924571633339,,,1.0138350173830988,-0.14773328913109315,
