dataset,delta_vs_v3_test_acc,delta_vs_v3_test_macro_f1,delta_vs_v3_val_acc,delta_vs_v3_val_macro_f1,method,source_status,test_acc_mean,test_acc_std,test_macro_f1_mean,test_macro_f1_std,val_acc_mean,val_acc_std,val_macro_f1_mean,val_macro_f1_std
Movies,,,,,SSI-MAG-V3 Full,current P1,0.5657171209653219,0.0024645342362075245,0.4951661918948846,0.005192165561461397,0.5735852917035421,0.0024036909663743013,0.4935953883476924,0.0074535817228831595
Movies,-0.000699619452158684,0.00635701730907684,0.0014996925989786414,0.006046829575022006,CoSI-MAG Final,"verified: matching NC protocol, full-graph mode, seeds 42/43/44, validation-Accuracy selection",0.5650175015131632,0.004395522557571172,0.5015232092039614,0.006887405246979155,0.5750849843025208,0.0026414304914157134,0.4996422179227144,0.008749202455017886
Movies,-0.00359819332758593,0.010754565876874789,0.0007998347282409668,0.019727636910963076,All Plain,"verified: matching NC protocol, full-graph mode, seeds 42/43/44, validation-Accuracy selection",0.562118927637736,0.004142817032932972,0.5059207577717594,0.004067635964448581,0.5743851264317831,0.003472048654323741,0.5133230252586555,0.009315990249517802
Toys,,,,,SSI-MAG-V3 Full,current P1,0.799468457698822,0.00803008636164377,0.7731006067188244,0.005563662270475491,0.8045421441396078,0.0005219224992669536,0.7778342292067264,0.003362523766674666
Toys,-0.005798478921254513,-0.004863048254939439,-0.0002415776252746582,0.0014424000833206385,CoSI-MAG Final,"verified: matching NC protocol, full-graph mode, seeds 42/43/44, validation-Accuracy selection",0.7936699787775675,0.0023257611666094545,0.768237558463885,0.008432935052639102,0.8043005665143331,0.0003416985498273215,0.779276629290047,0.005807668677022075
Toys,-0.004187822341918945,-0.006102739245939848,-0.0012080073356628418,-0.005502114938033653,All Plain,"verified: matching NC protocol, full-graph mode, seeds 42/43/44, validation-Accuracy selection",0.7952806353569031,0.002277868574619779,0.7669978674728846,0.004418317662381714,0.8033341368039449,0.0011999485305735828,0.7723321142686927,0.0023840683318656114
Grocery,,,,,SSI-MAG-V3 Full,current P1,0.8297706246376038,0.00587762385828581,0.7520384806068469,0.007332646003522628,0.8377745151519775,0.004250175626581903,0.7692945909889218,0.00796252559877742
Grocery,0.005856513977050781,0.008786682631152787,0.0013665358225504187,0.01537866454404635,CoSI-MAG Final,"verified: matching NC protocol, full-graph mode, seeds 42/43/44, validation-Accuracy selection",0.8356271386146545,0.0004977009705630633,0.7608251632379996,0.0032058470320783764,0.839141050974528,0.0015919404740266415,0.7846732555329682,0.007091519216242724
Grocery,0.004001955191294315,0.008030787535066919,-0.0032210747400919226,0.001845620276329285,All Plain,"verified: matching NC protocol, full-graph mode, seeds 42/43/44, validation-Accuracy selection",0.8337725798288981,0.0022215398631244545,0.7600692681419138,0.005201840151912471,0.8345534404118856,0.0013312051104888189,0.7711402112652511,0.005891710191914113
ele-fashion,,,,,SSI-MAG-V3 Full,current P1,0.8821343382199606,0.0010048716125227836,0.7707097732968698,0.004910433312539101,0.8813201189041138,0.000568458193797166,0.762140733223536,0.0013613122296112486
ele-fashion,-7.957220077514648e-05,0.0038525464268736043,0.0009887019793192175,0.005031168776711725,CoSI-MAG Final,"verified: matching NC protocol, full-graph mode, seeds 42/43/44, validation-Accuracy selection",0.8820547660191854,0.0014097184966395608,0.7745623197237435,0.005584272215866286,0.882308820883433,0.0017995426612801065,0.7671719020002478,0.005071953652691974
ele-fashion,-0.0035344958305358887,0.0024480321687045947,-0.0016024112701416016,0.0018579471457056407,All Plain,"verified: matching NC protocol, full-graph mode, seeds 42/43/44, validation-Accuracy selection",0.8785998423894247,0.0009740753114868304,0.7731578054655744,0.0070502962656099535,0.8797177076339722,0.00043394395226816493,0.7639986803692417,0.004535598166070263
Reddit-S,,,,,SSI-MAG-V3 Full,current P1,0.968438724676768,0.0020600651576810833,0.9309456484251436,0.0030490454412496824,0.9656076232592264,0.002467992892891263,0.9265563180981161,0.004174128737153132
Reddit-S,-0.004508773485819462,-0.00707352371715364,-0.0018873810768127441,0.005835320057525628,CoSI-MAG Final,"verified: matching NC protocol, full-graph mode, seeds 42/43/44, validation-Accuracy selection",0.9639299511909485,0.0010380046271761486,0.92387212470799,0.0020575588789842306,0.9637202421824137,0.0005346590599953447,0.9323916381556417,0.001328809739213609
Reddit-S,-0.00650101900100708,-0.01254831857320382,-0.004403889179229736,0.0011986459126717142,All Plain,"verified: matching NC protocol, full-graph mode, seeds 42/43/44, validation-Accuracy selection",0.9619377056757609,0.0011195453297014012,0.9183973298519398,0.0015736133800877362,0.9612037340799967,0.0005346590599953447,0.9277549640107878,0.0014232380362086232
ALL,,,,,SSI-MAG-V3 Full,current P1,0.8091058532396952,0.13460198142699772,0.744392140188514,0.14045364699779375,0.8125659386316936,0.13114192770647004,0.7458842519729987,0.14019609493148205
ALL,-0.0010459860165913382,0.0014119348790019304,0.00034519433975210845,0.006746876607325203,CoSI-MAG Final,"verified: matching NC protocol, full-graph mode, seeds 42/43/44, validation-Accuracy selection",0.8080598672231039,0.13402040366699408,0.7458040750675159,0.1363358372788595,0.8129111329714457,0.1302941702091,0.7526311285803239,0.1401894036066012
ALL,-0.002763915061950728,0.0005164655523003381,-0.001927109559377027,0.003825547061527046,All Plain,"verified: matching NC protocol, full-graph mode, seeds 42/43/44, validation-Accuracy selection",0.8063419381777445,0.1341274908309811,0.7449086057408143,0.13321360840693697,0.8106388290723165,0.12952433073313105,0.7497097990345257,0.13323212182677216
