dataset,modality,split,seed_pair,common_nodes,hard_best_action_agreement,soft_q_mean_js_divergence,soft_q_mean_cosine_similarity,preference_strength_spearman
Movies,text,train,42-43,3604,0.6381798002219756,0.0040276039757902145,0.9877379536628723,0.748811175948045
Movies,text,train,42-44,3604,0.632630410654828,0.004384283973639458,0.9866722226142883,0.7364650627544745
Movies,text,train,43-44,3604,0.6367924528301887,0.004143842878400898,0.9875088334083557,0.7531230622153549
Movies,text,validation,42-43,134,0.6194029850746269,0.007931968218276094,0.9758481979370117,0.7784900409260327
Movies,text,validation,42-44,134,0.6417910447761194,0.005682587735879644,0.9834107160568237,0.8175873832996114
Movies,text,validation,43-44,134,0.5895522388059702,0.005485221258944742,0.9833446741104126,0.7687964627835364
Movies,visual,train,42-43,3604,0.6528856825749167,0.008902533725925206,0.9749031066894531,0.7575086001242322
Movies,visual,train,42-44,3604,0.6417869034406215,0.009088640706497706,0.9740931987762451,0.7528322773632511
Movies,visual,train,43-44,3604,0.6623196448390677,0.008220384295313873,0.9769099950790405,0.7707002679208242
Movies,visual,validation,42-43,134,0.5074626865671642,0.014350194738138838,0.9598272442817688,0.6663832036988948
Movies,visual,validation,42-44,134,0.5,0.013426568546523202,0.9621241688728333,0.6960693974611047
Movies,visual,validation,43-44,134,0.5149253731343284,0.013010722827366369,0.962886393070221,0.771266865927163
ele-fashion,text,train,42-43,58659,0.8073952846110571,0.0011968839773972046,0.9966318011283875,0.9495696483154659
ele-fashion,text,train,42-44,58659,0.821919909988237,0.0008974324403114509,0.9974309206008911,0.9564430082347442
ele-fashion,text,train,43-44,58659,0.8037641282667621,0.0012381588332063046,0.9965210556983948,0.950018412746119
ele-fashion,text,validation,42-43,9777,0.7988135419862944,0.0016167041565689482,0.9956117272377014,0.950037481061057
ele-fashion,text,validation,42-44,9777,0.8165081313286284,0.0012810163302145242,0.9966351389884949,0.9582119327147451
ele-fashion,text,validation,43-44,9777,0.7933926562340187,0.0016066111804521677,0.995745837688446,0.9537379605745084
ele-fashion,visual,train,42-43,58659,0.7571216693090574,0.0011266513228224873,0.9968122839927673,0.9303753361100838
ele-fashion,visual,train,42-44,58659,0.7786869875040489,0.0006837404260168092,0.9978987574577332,0.9386421199986401
ele-fashion,visual,train,43-44,58659,0.7576842428271876,0.0011073066963729816,0.9968416690826416,0.9318995279704614
ele-fashion,visual,validation,42-43,9777,0.7478776720875524,0.0016118480183811893,0.995579719543457,0.9333405699178163
ele-fashion,visual,validation,42-44,9777,0.772220517541168,0.0011711609399967773,0.9966870546340942,0.9391126730542744
ele-fashion,visual,validation,43-44,9777,0.7503324128055641,0.0016928245061926053,0.9952803254127502,0.9371671484583712
Reddit-S,text,train,42-43,3438,0.66695753344968,0.0009433293173759152,0.9977025985717773,0.7455473515781538
Reddit-S,text,train,42-44,3438,0.6553228621291448,0.0009470639677982172,0.997687578201294,0.7011998318119912
Reddit-S,text,train,43-44,3438,0.6643397324025596,0.00051958114697932,0.9985595941543579,0.7227731566896218
Reddit-S,text,validation,42-43,112,0.6875,0.0014411345380678487,0.9964920878410339,0.7812215381863233
Reddit-S,text,validation,42-44,112,0.7142857142857143,0.003784943664223888,0.9925621747970581,0.7291999478585854
Reddit-S,text,validation,43-44,112,0.6696428571428571,0.004867218535562454,0.9900471568107605,0.8274575655001499
Reddit-S,visual,train,42-43,3438,0.7501454333915067,0.0012506368885710996,0.9974420070648193,0.7600503177497019
Reddit-S,visual,train,42-44,3438,0.7611983711460151,0.0014853686470586546,0.9968938231468201,0.7315946541711784
Reddit-S,visual,train,43-44,3438,0.7801047120418848,0.0006987059440945599,0.9984545111656189,0.7290192385102782
Reddit-S,visual,validation,42-43,112,0.7142857142857143,0.005385254375497744,0.9888163805007935,0.8444760750484369
Reddit-S,visual,validation,42-44,112,0.7589285714285714,0.0062896952390200924,0.9882231950759888,0.7821999321881375
Reddit-S,visual,validation,43-44,112,0.7678571428571429,0.002689376209211083,0.9955480694770813,0.7850376838182878
