phase,variant,dataset,seed,val_acc_B0,val_macro_f1_B0,best_epoch,best_regret_epoch,trainable_parameter_count,mean_routing_regret,median_routing_regret,p90_routing_regret,mean_excess_loss_vs_uniform,text_mean_regret,visual_mean_regret,text_mean_excess_loss_vs_uniform,visual_mean_excess_loss_vs_uniform,hard_action_agreement,soft_target_kl,router_teacher_strength_spearman,val_acc_C0,val_macro_f1_C0,B0_delta_acc_vs_C0,B0_delta_f1_vs_C0,E4_delta_acc_vs_C0,E4_delta_f1_vs_C0,B0_minus_E4_delta_acc,B0_minus_E4_delta_f1
phase_b,B0_frozen_direct_ce,Movies,42,0.5737852454185486,0.4948760783389725,9,1,115978,0.3386817872524261,0.1566829681396484,0.9157316088676452,0.0126239247620105,0.272691398859024,0.4046721458435058,-0.0001336745917797,0.025381525978446,0.4269645810127258,0.1015040278434753,-0.1295510900413108,0.573185384273529,0.4898358795583738,0.0005998611450195312,0.0050401987805986925,-0.030593931674957275,-0.11043724245343362,0.031193792819976807,0.11547744123403231
phase_b,B0_frozen_direct_ce,Movies,43,0.5776844620704651,0.500134627484926,1,1,115978,0.3278730511665344,0.1539769172668457,0.8738529086112976,0.0001185025030281,0.2759336829185486,0.3798124194145202,9.095361974686966e-07,0.0002360954531468,0.4119676053524017,0.0817099511623382,-0.1227380793133136,0.5776844620704651,0.5011326884390359,0.0,-0.000998060954109925,-0.04409116506576538,-0.1577451918098885,0.04409116506576538,0.15674713085577857
phase_b,B0_frozen_direct_ce,Movies,44,0.5779843926429749,0.4942643823488221,8,1,115978,0.3291215896606445,0.1569216698408126,0.8651117086410522,0.0055154995061457,0.2738584280014038,0.3843847215175628,0.0016906806267797,0.0093403179198503,0.4323635101318359,0.0874390006065368,-0.1217833505595538,0.5761847496032715,0.49128668272185544,0.0017996430397033691,0.0029776996269666456,-0.03179365396499634,-0.06321507115459485,0.03359329700469971,0.0661927707815615
phase_b,B0_frozen_direct_ce,ele-fashion,42,0.8766493201255798,0.7595562414717164,21,11,115978,0.0991239324212074,0.0107409432530403,0.2563300728797912,-0.0072032236494123,0.1066469550132751,0.0916009172797203,-0.0107484655454754,-0.0036579815205186,0.5688861608505249,0.132785752415657,-0.04786434760004,0.8749105334281921,0.7522751372355608,0.0017387866973876953,0.007281104236155578,0.006545960903167725,0.00856669724847714,-0.004807174205780029,-0.001285593012321562
phase_b,B0_frozen_direct_ce,ele-fashion,43,0.8784903287887573,0.7595402847628584,11,11,115978,0.1020471081137657,0.0055759693495929,0.2542727887630462,-0.0095885097980499,0.1043932735919952,0.0997009351849556,-0.0132756941020488,-0.0059013259597122,0.5758923888206482,0.1233408600091934,-0.2919917412863446,0.8765469789505005,0.7528000777554916,0.001943349838256836,0.006740207007366772,0.002352476119995117,0.008166998912253365,-0.00040912628173828125,-0.001426791904886593
phase_b,B0_frozen_direct_ce,ele-fashion,44,0.8769561052322388,0.7626164853454752,11,11,115978,0.1002267226576805,0.0099826157093048,0.2563811838626861,-0.0082228342071175,0.1068244203925132,0.0936290100216865,-0.0136046102270483,-0.0028410560917109,0.5720568895339966,0.1102162227034568,-0.3127560088712158,0.8758310079574585,0.757388134067062,0.0011250972747802734,0.005228351278413257,0.0028638839721679688,0.01396185949601425,-0.0017387866973876953,-0.008733508217600994
phase_b,B0_frozen_direct_ce,Reddit-S,42,0.9600503444671632,0.9192497289390172,7,12,115978,0.0515603981912136,5.196909478399903e-05,0.0270098876208066,-0.0030661786440759,0.0420349910855293,0.0610858052968978,-0.0016699471743777,-0.0044624102301895,0.4608367532491684,0.0229095630347728,-0.0755273640927655,0.9591066241264343,0.9176357122178068,0.0009437203407288708,0.0016140167212104206,0.002516508102416881,0.009886537694039133,-0.0015727877616880104,-0.008272520972828712
phase_b,B0_frozen_direct_ce,Reddit-S,43,0.9682289958000184,0.9307564608419217,14,12,115978,0.0385012254118919,3.361127164680511e-05,0.0176257211714983,-0.008810150437057,0.0393508523702621,0.037651602178812,-0.0047196918167173,-0.0129006085917353,0.4469959139823913,0.0947649776935577,0.1573750082341212,0.9641396403312683,0.9265336665518298,0.004089355468750111,0.004222794290091869,0.005033075809478871,0.005630046317513071,-0.0009437203407287598,-0.001407252027421202
phase_b,B0_frozen_direct_ce,Reddit-S,44,0.96256685256958,0.9211761013717116,22,12,115978,0.0566134825348854,1.394665741827339e-05,0.0156244970858097,-0.0089545017108321,0.0512157045304775,0.0620112642645835,-0.0043821497820317,-0.0135268541052937,0.453287199139595,0.0491045080125331,0.1579820087064511,0.9603648781776428,0.9191797139103131,0.002201974391937145,0.001996387461398519,0.005347609519958385,0.0025304969025025104,-0.0031456351280212402,-0.0005341094411039915
