phase,variant,dataset,seed,val_acc,val_macro_f1,best_epoch,best_regret_epoch,trainable_parameter_count,mean_routing_regret,median_routing_regret,p90_routing_regret,mean_excess_loss_vs_uniform,text_mean_regret,visual_mean_regret,text_mean_excess_loss_vs_uniform,visual_mean_excess_loss_vs_uniform,hard_action_agreement,soft_target_kl,router_teacher_strength_spearman
phase_b,B0_frozen_direct_ce,Movies,42,0.5737852454185486,0.49487607833897257,9,1,115978,0.33868178725242615,0.15668296813964844,0.9157316088676453,0.012623924762010574,0.27269139885902405,0.40467214584350586,-0.00013367459177970886,0.025381525978446007,0.42696458101272583,0.10150402784347534,-0.1295510900413108
phase_b,B0_frozen_direct_ce,Movies,43,0.5776844620704651,0.500134627484926,1,1,115978,0.3278730511665344,0.1539769172668457,0.8738529086112976,0.00011850250302813947,0.2759336829185486,0.37981241941452026,9.095361974686966e-07,0.0002360954531468451,0.41196760535240173,0.08170995116233826,-0.12273807931331365
phase_b,B0_frozen_direct_ce,Movies,44,0.5779843926429749,0.4942643823488221,8,1,115978,0.32912158966064453,0.15692166984081268,0.8651117086410522,0.005515499506145716,0.2738584280014038,0.38438472151756287,0.0016906806267797947,0.00934031791985035,0.43236351013183594,0.08743900060653687,-0.1217833505595538
phase_b,B0_frozen_direct_ce,ele-fashion,42,0.8766493201255798,0.7595562414717164,21,11,115978,0.09912393242120743,0.010740943253040314,0.25633007287979126,-0.007203223649412394,0.10664695501327515,0.0916009172797203,-0.010748465545475483,-0.0036579815205186605,0.5688861608505249,0.13278575241565704,-0.04786434760004003
phase_b,B0_frozen_direct_ce,ele-fashion,43,0.8784903287887573,0.7595402847628584,11,11,115978,0.10204710811376572,0.005575969349592924,0.25427278876304626,-0.009588509798049927,0.10439327359199524,0.0997009351849556,-0.013275694102048874,-0.005901325959712267,0.5758923888206482,0.12334086000919342,-0.2919917412863446
phase_b,B0_frozen_direct_ce,ele-fashion,44,0.8769561052322388,0.7626164853454752,11,11,115978,0.10022672265768051,0.00998261570930481,0.25638118386268616,-0.008222834207117558,0.10682442039251328,0.09362901002168655,-0.013604610227048397,-0.002841056091710925,0.5720568895339966,0.11021622270345688,-0.31275600887121585
phase_b,B0_frozen_direct_ce,Reddit-S,42,0.9600503444671631,0.9192497289390171,7,12,115978,0.05156039819121361,5.1969094783999026e-05,0.027009887620806694,-0.0030661786440759897,0.04203499108552933,0.06108580529689789,-0.0016699471743777394,-0.004462410230189562,0.4608367532491684,0.022909563034772873,-0.07552736409276554
phase_b,B0_frozen_direct_ce,Reddit-S,43,0.9682289958000183,0.9307564608419217,14,12,115978,0.03850122541189194,3.361127164680511e-05,0.0176257211714983,-0.008810150437057018,0.039350852370262146,0.03765160217881203,-0.004719691816717386,-0.012900608591735363,0.44699591398239136,0.09476497769355774,0.15737500823412123
phase_b,B0_frozen_direct_ce,Reddit-S,44,0.9625668525695801,0.9211761013717117,22,12,115978,0.056613482534885406,1.394665741827339e-05,0.015624497085809708,-0.008954501710832119,0.051215704530477524,0.06201126426458359,-0.0043821497820317745,-0.01352685410529375,0.45328719913959503,0.04910450801253319,0.15798200870645115
phase_b,B1_flat_utility_kd,Movies,42,0.573485255241394,0.4926510334799981,19,1,115978,0.3324640393257141,0.15649870038032532,0.8950729370117188,0.006406188476830721,0.2722412943840027,0.39268678426742554,-0.0005837941425852478,0.013396170921623707,0.42696458101272583,0.08606769889593124,0.16366700583156354
phase_b,B1_flat_utility_kd,Movies,43,0.5776844620704651,0.500134627484926,1,1,115978,0.32787302136421204,0.15397977828979492,0.8738533854484558,0.00011842609092127532,0.2759336829185486,0.37981224060058594,9.161800562651479e-07,0.00023593602236360312,0.4097180515527725,0.08171859383583069,-0.12542275429746805
phase_b,B1_flat_utility_kd,Movies,44,0.5764846801757812,0.49020785661403676,5,1,115978,0.3247915506362915,0.15973055362701416,0.8428406119346619,0.0011855096090584993,0.27234333753585815,0.37723979353904724,0.00017562133143655956,0.0021953978575766087,0.2726454585790634,0.08002156019210815,-0.12660469650508152
phase_b,B1_flat_utility_kd,ele-fashion,42,0.8750128149986267,0.7528993249592202,15,43,115978,0.10505025088787079,0.0130513496696949,0.2607214152812958,-0.001276899827644229,0.11545173823833466,0.09464877098798752,-0.001943669281899929,-0.0006101304898038507,0.5688861608505249,0.022012535482645035,0.46306436919678784
phase_b,B1_flat_utility_kd,ele-fashion,43,0.8764447569847107,0.7527635708614517,1,31,115978,0.11157839745283127,0.007364021148532629,0.2638671100139618,-5.722323840018362e-05,0.11757347732782364,0.1055833175778389,-9.549775859341025e-05,-1.8948712749988772e-05,0.5758923888206482,0.02543932944536209,-0.02713117115969714
phase_b,B1_flat_utility_kd,ele-fashion,44,0.8765470385551453,0.7586486131570457,20,49,115978,0.1069129928946495,0.012298930436372757,0.25543519854545593,-0.00153656757902354,0.11798743158578873,0.0958385318517685,-0.0024415997322648764,-0.0006315352511592209,0.5720568895339966,0.0231081023812294,0.46452945099135634
phase_b,B1_flat_utility_kd,Reddit-S,42,0.9594212174415588,0.9181215838963391,2,27,115978,0.054427098482847214,4.946567059960216e-05,0.02571425586938858,-0.00019947407417930663,0.04360802471637726,0.06524617969989777,-9.691122977528721e-05,-0.00030203693313524127,0.23183391615748405,0.019180936738848686,0.01716652662245014
phase_b,B1_flat_utility_kd,Reddit-S,43,0.9647687673568726,0.9273400502775087,3,31,115978,0.04704390838742256,2.7771835448220372e-05,0.016565389931201935,-0.0002674732240848243,0.04397716373205185,0.050110649317502975,-9.33829287532717e-05,-0.0004415635485202074,0.078326515853405,0.01834462769329548,0.28367603393024465
phase_b,B1_flat_utility_kd,Reddit-S,44,0.9616231322288513,0.9207947349142508,29,56,115978,0.06320023536682129,1.1681455362122506e-05,0.013314327225089073,-0.002367747714743018,0.055688485503196716,0.07071198523044586,9.06346904230304e-05,-0.004826130345463753,0.25165145844221115,0.024064267054200172,0.3250473322668034
phase_b,B2_weighted_utility_kd,Movies,42,0.5731853246688843,0.48953685420045456,1,1,115978,0.3261645436286926,0.15903931856155396,0.8735726475715637,0.0001066747572622262,0.27278727293014526,0.3795417845249176,-3.782482599490322e-05,0.0002511743223294616,0.42696458101272583,0.08083214610815048,-0.13460939961967885
phase_b,B2_weighted_utility_kd,Movies,43,0.5776844620704651,0.500134627484926,1,1,115978,0.3278730809688568,0.1539778709411621,0.8738517165184021,0.00011853759497171268,0.2759336829185486,0.3798125088214874,9.035716743710509e-07,0.00023617164697498083,0.41196760535240173,0.08170470595359802,-0.12602013783895671
phase_b,B2_weighted_utility_kd,Movies,44,0.5776844620704651,0.49417509626651424,8,1,115978,0.32926392555236816,0.15664589405059814,0.8670293688774109,0.005657857749611139,0.27393221855163574,0.384595662355423,0.0017644818872213364,0.009551233612000942,0.43236351013183594,0.08807305246591568,-0.12153002787268391
phase_b,B2_weighted_utility_kd,ele-fashion,42,0.8766493201255798,0.7598629938755586,13,11,115978,0.09814982116222382,0.010511849075555801,0.2519259452819824,-0.008177331648766994,0.10559085011482239,0.09070880711078644,-0.011804565787315369,-0.004550097044557333,0.5688861608505249,0.14480066299438477,-0.3557598282445553
phase_b,B2_weighted_utility_kd,ele-fashion,43,0.8785926103591919,0.7597503368300178,11,11,115978,0.1020222082734108,0.0055757625959813595,0.2559303641319275,-0.009613405913114548,0.10441294312477112,0.09963147342205048,-0.01325602550059557,-0.0059707872569561005,0.5758923888206482,0.12704508006572723,-0.2968099959704913
phase_b,B2_weighted_utility_kd,ele-fashion,44,0.8771606683731079,0.7642505309853145,34,11,115978,0.10201796144247055,0.010749708861112595,0.25330591201782227,-0.00643159681931138,0.10968787223100662,0.09434804320335388,-0.010741166770458221,-0.0021220275666564703,0.5720568895339966,0.09227393567562103,-0.5229029556923761
phase_b,B2_weighted_utility_kd,Reddit-S,42,0.9600503444671631,0.9192497289390171,7,27,115978,0.05158289149403572,5.208989750826731e-05,0.02688201330602169,-0.0030436820816248655,0.04199878126382828,0.06116700917482376,-0.0017061569960787892,-0.004381206352263689,0.4608367532491684,0.023851897567510605,-0.08079669117113705
phase_b,B2_weighted_utility_kd,Reddit-S,43,0.9675998687744141,0.9282106031169383,22,25,115978,0.037918221205472946,3.492197720333934e-05,0.018227143213152885,-0.009393158368766308,0.03887981176376343,0.03695662319660187,-0.005190730094909668,-0.013595588505268097,0.44699591398239136,0.14180932939052582,0.14876993504555885
phase_b,B2_weighted_utility_kd,Reddit-S,44,0.9619377255439758,0.9200074667151468,9,28,115978,0.057804398238658905,1.3351129382499494e-05,0.015169698745012283,-0.007763585541397333,0.051955223083496094,0.06365357339382172,-0.0036426312290132046,-0.011884541250765324,0.2901855930685997,0.05142033472657204,-0.035868851574779245
