variant,dataset,seed,method,val_acc,val_macro_f1,delta_acc_vs_uniform,delta_macro_f1_vs_uniform,mean_routing_regret,mean_excess_loss_vs_uniform,mean_abs_probability_change_vs_normal
B2_weighted_utility_kd,Movies,42,normal_router,0.5731853246688843,0.48953685420045456,0.0,-0.0002990253579192581,0.3261645436286926,0.0001066747572622262,0.0
B2_weighted_utility_kd,Movies,42,safe_router,0.5731853246688843,0.4898358795583738,0.0,0.0,0.3260578513145447,6.546214237346248e-09,0.3199179768562317
B2_weighted_utility_kd,Movies,42,C0_Uniform,0.5731853246688843,0.4898358795583738,0.0,0.0,0.3260578513145447,0.0,0.31991881132125854
B2_weighted_utility_kd,Movies,43,normal_router,0.5776844620704651,0.500134627484926,0.0,-0.000998060954109925,0.3278730809688568,0.00011853759497171268,0.0
B2_weighted_utility_kd,Movies,43,safe_router,0.5776844620704651,0.5011326884390359,0.0,0.0,0.32775455713272095,2.1400305971752687e-09,0.3200627267360687
B2_weighted_utility_kd,Movies,43,C0_Uniform,0.5776844620704651,0.5011326884390359,0.0,0.0,0.32775452733039856,0.0,0.32006341218948364
B2_weighted_utility_kd,Movies,44,normal_router,0.5776844620704651,0.49417509626651424,0.0014997124671936035,0.0028884135446587966,0.32926392555236816,0.005657857749611139,0.0
B2_weighted_utility_kd,Movies,44,safe_router,0.5761847496032715,0.4914715805000071,0.0,0.0001848977781516714,0.3236217200756073,1.5615672964486293e-05,0.3232986330986023
B2_weighted_utility_kd,Movies,44,C0_Uniform,0.5761847496032715,0.49128668272185544,0.0,0.0,0.32360604405403137,0.0,0.3254159390926361
B2_weighted_utility_kd,ele-fashion,42,normal_router,0.8766493201255798,0.7598629938755586,0.0017387866973876953,0.007587856639997725,0.09814982116222382,-0.008177331648766994,0.0
B2_weighted_utility_kd,ele-fashion,42,safe_router,0.8752173781394958,0.7527965434264001,0.00030684471130371094,0.0005214061908392909,0.09960205852985382,-0.0067251017317175865,0.2990131378173828
B2_weighted_utility_kd,ele-fashion,42,C0_Uniform,0.8749105334281921,0.7522751372355608,0.0,0.0,0.10632715374231339,0.0,0.32859086990356445
B2_weighted_utility_kd,ele-fashion,43,normal_router,0.8785926103591919,0.7597503368300178,0.002045571804046631,0.006950259074526177,0.1020222082734108,-0.009613405913114548,0.0
B2_weighted_utility_kd,ele-fashion,43,safe_router,0.8765470385551453,0.7529838403358419,0.0,0.00018376258035024406,0.10420898348093033,-0.007426638621836901,0.3079818785190582
B2_weighted_utility_kd,ele-fashion,43,C0_Uniform,0.8765470385551453,0.7528000777554916,0.0,0.0,0.11163561791181564,0.0,0.33348721265792847
B2_weighted_utility_kd,ele-fashion,44,normal_router,0.8771606683731079,0.7642505309853145,0.0013296008110046387,0.006862396918252522,0.10201796144247055,-0.00643159681931138,0.0
B2_weighted_utility_kd,ele-fashion,44,safe_router,0.8763424754142761,0.758140363051795,0.0005114078521728516,0.0007522289847330388,0.10560063272714615,-0.0028489159885793924,0.3042423725128174
B2_weighted_utility_kd,ele-fashion,44,C0_Uniform,0.8758310675621033,0.757388134067062,0.0,0.0,0.1084495410323143,0.0,0.3202359974384308
B2_weighted_utility_kd,Reddit-S,42,normal_router,0.9600503444671631,0.9192497289390171,0.0009437203407287598,0.0016140167212103096,0.05158289149403572,-0.0030436820816248655,0.0
B2_weighted_utility_kd,Reddit-S,42,safe_router,0.9591066241264343,0.9176357122178068,0.0,0.0,0.054614339023828506,-1.2230831998749636e-05,0.316536009311676
B2_weighted_utility_kd,Reddit-S,42,C0_Uniform,0.9591066241264343,0.9176357122178068,0.0,0.0,0.054626576602458954,0.0,0.3177530765533447
B2_weighted_utility_kd,Reddit-S,43,normal_router,0.9675998687744141,0.9282106031169383,0.003460228443145752,0.0016769365651084778,0.037918221205472946,-0.009393158368766308,0.0
B2_weighted_utility_kd,Reddit-S,43,safe_router,0.9644542336463928,0.926643708110085,0.0003145933151245117,0.00011004155825522499,0.045915637165308,-0.0013957425253465772,0.28291136026382446
B2_weighted_utility_kd,Reddit-S,43,C0_Uniform,0.9641396403312683,0.9265336665518298,0.0,0.0,0.04731137678027153,0.0,0.309192419052124
B2_weighted_utility_kd,Reddit-S,44,normal_router,0.9619377255439758,0.9200074667151468,0.0015728473663330078,0.0008277528048337146,0.057804398238658905,-0.007763585541397333,0.0
B2_weighted_utility_kd,Reddit-S,44,safe_router,0.9603648781776428,0.9191797139103131,0.0,0.0,0.06540250033140182,-0.0001654819498071447,0.29342424869537354
B2_weighted_utility_kd,Reddit-S,44,C0_Uniform,0.9603648781776428,0.9191797139103131,0.0,0.0,0.0655679851770401,0.0,0.2991361618041992
