variant,dataset,seed,modality,mean_routing_regret,mean_excess_loss_vs_uniform,hard_action_agreement,soft_target_kl,router_teacher_strength_spearman,best_epoch,best_regret_epoch
B0_frozen_direct_ce,Movies,42,text,0.27269139885902405,-0.00013367459177970886,0.42696458101272583,0.10150402784347534,-0.1295510900413108,9,1
B0_frozen_direct_ce,Movies,42,visual,0.40467214584350586,0.025381525978446007,0.42696458101272583,0.10150402784347534,-0.1295510900413108,9,1
B0_frozen_direct_ce,Movies,43,text,0.2759336829185486,9.095361974686966e-07,0.41196760535240173,0.08170995116233826,-0.12273807931331365,1,1
B0_frozen_direct_ce,Movies,43,visual,0.37981241941452026,0.0002360954531468451,0.41196760535240173,0.08170995116233826,-0.12273807931331365,1,1
B0_frozen_direct_ce,Movies,44,text,0.2738584280014038,0.0016906806267797947,0.43236351013183594,0.08743900060653687,-0.1217833505595538,8,1
B0_frozen_direct_ce,Movies,44,visual,0.38438472151756287,0.00934031791985035,0.43236351013183594,0.08743900060653687,-0.1217833505595538,8,1
B0_frozen_direct_ce,ele-fashion,42,text,0.10664695501327515,-0.010748465545475483,0.5688861608505249,0.13278575241565704,-0.04786434760004003,21,11
B0_frozen_direct_ce,ele-fashion,42,visual,0.0916009172797203,-0.0036579815205186605,0.5688861608505249,0.13278575241565704,-0.04786434760004003,21,11
B0_frozen_direct_ce,ele-fashion,43,text,0.10439327359199524,-0.013275694102048874,0.5758923888206482,0.12334086000919342,-0.2919917412863446,11,11
B0_frozen_direct_ce,ele-fashion,43,visual,0.0997009351849556,-0.005901325959712267,0.5758923888206482,0.12334086000919342,-0.2919917412863446,11,11
B0_frozen_direct_ce,ele-fashion,44,text,0.10682442039251328,-0.013604610227048397,0.5720568895339966,0.11021622270345688,-0.31275600887121585,11,11
B0_frozen_direct_ce,ele-fashion,44,visual,0.09362901002168655,-0.002841056091710925,0.5720568895339966,0.11021622270345688,-0.31275600887121585,11,11
B0_frozen_direct_ce,Reddit-S,42,text,0.04203499108552933,-0.0016699471743777394,0.4608367532491684,0.022909563034772873,-0.07552736409276554,7,12
B0_frozen_direct_ce,Reddit-S,42,visual,0.06108580529689789,-0.004462410230189562,0.4608367532491684,0.022909563034772873,-0.07552736409276554,7,12
B0_frozen_direct_ce,Reddit-S,43,text,0.039350852370262146,-0.004719691816717386,0.44699591398239136,0.09476497769355774,0.15737500823412123,14,12
B0_frozen_direct_ce,Reddit-S,43,visual,0.03765160217881203,-0.012900608591735363,0.44699591398239136,0.09476497769355774,0.15737500823412123,14,12
B0_frozen_direct_ce,Reddit-S,44,text,0.051215704530477524,-0.0043821497820317745,0.45328719913959503,0.04910450801253319,0.15798200870645115,22,12
B0_frozen_direct_ce,Reddit-S,44,visual,0.06201126426458359,-0.01352685410529375,0.45328719913959503,0.04910450801253319,0.15798200870645115,22,12
B1_flat_utility_kd,Movies,42,text,0.2722412943840027,-0.0005837941425852478,0.42696458101272583,0.08606769889593124,0.16366700583156354,19,1
B1_flat_utility_kd,Movies,42,visual,0.39268678426742554,0.013396170921623707,0.42696458101272583,0.08606769889593124,0.16366700583156354,19,1
B1_flat_utility_kd,Movies,43,text,0.2759336829185486,9.161800562651479e-07,0.4097180515527725,0.08171859383583069,-0.12542275429746805,1,1
B1_flat_utility_kd,Movies,43,visual,0.37981224060058594,0.00023593602236360312,0.4097180515527725,0.08171859383583069,-0.12542275429746805,1,1
B1_flat_utility_kd,Movies,44,text,0.27234333753585815,0.00017562133143655956,0.2726454585790634,0.08002156019210815,-0.12660469650508152,5,1
B1_flat_utility_kd,Movies,44,visual,0.37723979353904724,0.0021953978575766087,0.2726454585790634,0.08002156019210815,-0.12660469650508152,5,1
B1_flat_utility_kd,ele-fashion,42,text,0.11545173823833466,-0.001943669281899929,0.5688861608505249,0.022012535482645035,0.46306436919678784,15,43
B1_flat_utility_kd,ele-fashion,42,visual,0.09464877098798752,-0.0006101304898038507,0.5688861608505249,0.022012535482645035,0.46306436919678784,15,43
B1_flat_utility_kd,ele-fashion,43,text,0.11757347732782364,-9.549775859341025e-05,0.5758923888206482,0.02543932944536209,-0.02713117115969714,1,31
B1_flat_utility_kd,ele-fashion,43,visual,0.1055833175778389,-1.8948712749988772e-05,0.5758923888206482,0.02543932944536209,-0.02713117115969714,1,31
B1_flat_utility_kd,ele-fashion,44,text,0.11798743158578873,-0.0024415997322648764,0.5720568895339966,0.0231081023812294,0.46452945099135634,20,49
B1_flat_utility_kd,ele-fashion,44,visual,0.0958385318517685,-0.0006315352511592209,0.5720568895339966,0.0231081023812294,0.46452945099135634,20,49
B1_flat_utility_kd,Reddit-S,42,text,0.04360802471637726,-9.691122977528721e-05,0.23183391615748405,0.019180936738848686,0.01716652662245014,2,27
B1_flat_utility_kd,Reddit-S,42,visual,0.06524617969989777,-0.00030203693313524127,0.23183391615748405,0.019180936738848686,0.01716652662245014,2,27
B1_flat_utility_kd,Reddit-S,43,text,0.04397716373205185,-9.33829287532717e-05,0.078326515853405,0.01834462769329548,0.28367603393024465,3,31
B1_flat_utility_kd,Reddit-S,43,visual,0.050110649317502975,-0.0004415635485202074,0.078326515853405,0.01834462769329548,0.28367603393024465,3,31
B1_flat_utility_kd,Reddit-S,44,text,0.055688485503196716,9.06346904230304e-05,0.25165145844221115,0.024064267054200172,0.3250473322668034,29,56
B1_flat_utility_kd,Reddit-S,44,visual,0.07071198523044586,-0.004826130345463753,0.25165145844221115,0.024064267054200172,0.3250473322668034,29,56
B2_weighted_utility_kd,Movies,42,text,0.27278727293014526,-3.782482599490322e-05,0.42696458101272583,0.08083214610815048,-0.13460939961967885,1,1
B2_weighted_utility_kd,Movies,42,visual,0.3795417845249176,0.0002511743223294616,0.42696458101272583,0.08083214610815048,-0.13460939961967885,1,1
B2_weighted_utility_kd,Movies,43,text,0.2759336829185486,9.035716743710509e-07,0.41196760535240173,0.08170470595359802,-0.12602013783895671,1,1
B2_weighted_utility_kd,Movies,43,visual,0.3798125088214874,0.00023617164697498083,0.41196760535240173,0.08170470595359802,-0.12602013783895671,1,1
B2_weighted_utility_kd,Movies,44,text,0.27393221855163574,0.0017644818872213364,0.43236351013183594,0.08807305246591568,-0.12153002787268391,8,1
B2_weighted_utility_kd,Movies,44,visual,0.384595662355423,0.009551233612000942,0.43236351013183594,0.08807305246591568,-0.12153002787268391,8,1
B2_weighted_utility_kd,ele-fashion,42,text,0.10559085011482239,-0.011804565787315369,0.5688861608505249,0.14480066299438477,-0.3557598282445553,13,11
B2_weighted_utility_kd,ele-fashion,42,visual,0.09070880711078644,-0.004550097044557333,0.5688861608505249,0.14480066299438477,-0.3557598282445553,13,11
B2_weighted_utility_kd,ele-fashion,43,text,0.10441294312477112,-0.01325602550059557,0.5758923888206482,0.12704508006572723,-0.2968099959704913,11,11
B2_weighted_utility_kd,ele-fashion,43,visual,0.09963147342205048,-0.0059707872569561005,0.5758923888206482,0.12704508006572723,-0.2968099959704913,11,11
B2_weighted_utility_kd,ele-fashion,44,text,0.10968787223100662,-0.010741166770458221,0.5720568895339966,0.09227393567562103,-0.5229029556923761,34,11
B2_weighted_utility_kd,ele-fashion,44,visual,0.09434804320335388,-0.0021220275666564703,0.5720568895339966,0.09227393567562103,-0.5229029556923761,34,11
B2_weighted_utility_kd,Reddit-S,42,text,0.04199878126382828,-0.0017061569960787892,0.4608367532491684,0.023851897567510605,-0.08079669117113705,7,27
B2_weighted_utility_kd,Reddit-S,42,visual,0.06116700917482376,-0.004381206352263689,0.4608367532491684,0.023851897567510605,-0.08079669117113705,7,27
B2_weighted_utility_kd,Reddit-S,43,text,0.03887981176376343,-0.005190730094909668,0.44699591398239136,0.14180932939052582,0.14876993504555885,22,25
B2_weighted_utility_kd,Reddit-S,43,visual,0.03695662319660187,-0.013595588505268097,0.44699591398239136,0.14180932939052582,0.14876993504555885,22,25
B2_weighted_utility_kd,Reddit-S,44,text,0.051955223083496094,-0.0036426312290132046,0.2901855930685997,0.05142033472657204,-0.035868851574779245,9,28
B2_weighted_utility_kd,Reddit-S,44,visual,0.06365357339382172,-0.011884541250765324,0.2901855930685997,0.05142033472657204,-0.035868851574779245,9,28
